claim,label_binary,user
Claim  A video is getting viral on social media with a claim thatreads: “The exercise this man is showing has cured and saved thousands fromheart blockages….! Now his video has gone viral and thousands of heartpatients are searching for this clip. So watch this clip and try this exercise.Some people claimed that their back pain vanished in just 7 days….!”  ,real,Aisha Chawla
Claim  A post shared on Facebook by a user named Steve Lock claims that Alcohol kills coronavirus. Along with the post a screengrab has been shared showing the photo of a man and it has been presented in a news format. The archived version of the post can be checked  here .   ,fake,Aisha Chawla
"A Facebookuser named ‘नीलम चतुर्वेदी विधायक’shareda photo on February 8 in which a person can be seen making tea in a teal stall.The text accompanying the photo reads: – “उत्तर प्रदेश केमुख्यमंत्री आदरणीय योगी जी के भाई हैं जो चाय का दुकान चला रहे है, कांग्रेस के कोई भी बड़े नेता का भाई इस तरह काहो तो जरूर पोस्ट कीजिएगा।” (English: The brother of UttarPradesh’s Chief Minister is running a tea shop”.",real,Kavya Rana
"CLAIM  In the viral post, a doctor’s photograph can be seen with description, “An 85-year-old Mohammed Shahid died of a heart attack. The mob lynched a young and talented Hindu doctor Dr. Paribaha Mukherjee in Bengal. But you guys will keep quiet on this mob lynching because the one who dies was a Hindu. “ ",real,Aisha Rana
"Claim  The post that has resurfaced on Facebook reads: “Lemon (Citrus) is a miraculous product to kill cancer cells. It is 10,000 times stronger than chemotherapy.” The viral post can be checked  here .  ",fake,Nikhil Khan
"CLAIM  The letter issued by ‘Crime Prevention Council of India’ reads,“Do not share election-related posts, photographs and posters”. “Noperson should share political posts via Facebook, Twitter, Instagram, WhatsAppand Other Networks associated with social media as part of election campaignduring the upcoming election, 2019!”  In the end the letter says “The District level SpecialSurveillance Team will take action against anybody found guilty.”  Many social media users have shared this information.",real,Arjun Bose
CLAIM  A train can be seen in the viral post on which the picture of Lord Shri Krishna has been printed. The description claims: “This is a train of Russia where the people of the ISKCON temple printed Lord Shri Krishna’s image on the engine so that their following grows throughout the world!”,real,Yash Rana
"Claim:   The Facebook post shared by the user ‘ Hector Terrero ’ claims that a boy died by consuming egg and sweet banana. The combination of the two formed poison in the stomach. The post reads:  EMERGENCY NEWS: DEATH OF A YOUNG MAN AFTER CONSUMING EGG AND THEN SWEET BANANA. After consuming egg and then sweet banana immediately he died on the spot. After researching the cause of his death, they discovered that the mixture of the egg and the sweet banana in the stomach turns into a poison that kills on the field. For this reason, do not eat the egg with sweet banana; It kills the net. Do not keep it for yourself, share… Only the bad people are not going share this, because they want to see others die…”  The user has also uploaded a video in which a man reads the entire post claiming that the boy died after eating egg and banana.   ",fake,Varun Trivedi
"Claim  An image shared on social media claims to have been created by a Japanese psychologist Akiyoshi Kitaoka. It claims that the image has been designed to help viewers to determine their state of mind. Essentially, if you look at these images and they appear to be still (RELAXED), moving slowly (MID-STRESS) and faster moving around (HI-STRESS), as stated in the caption of the viral image.  ",real,Arjun Gupta
"CLAIM  Some members of the Indian cricket team can be seen in the viral photo with head coach Ravi Shastri. In the photo, a liquor bottle can be seen near the feet of Ravi Shastri. The post’s description says, “Neeche Dekho…👇Neeche Dekho….👇 Shastri ki Kurssi ke Neeche Zoom karke Dekho 😳🤣☹️😣😫👇👇👇”",real,Tanya Chawla
"Claim  The post shared on social media by a user named Suzie Syiem reads: “ Most Urgent, Very Serious, Important information   Ministry of health’s emergency notification to the public that the Coronavirus influenza outbreak this time is very very serious & fatal. There’s no cure once you are infected.   Its spreading from China to various countries   Prevention method is to keep your throat moist, do not let your throat dry up. Thus do not hold your thirst because once your membrane in your throat is dried, the virus will invade into your body within 10 mins.   Drink 50-80cc warm water, 30-50cc for kids, according to age.   Everytime u feel your throat is dry, do not wait, keep water in hand.   Do not drink plenty at one time as it doesn’t help, instead continue to keep throat moist.   Till end of March 2020, do not go to crowded places, wear mask as needed especially in train or public transportation   Avoid fried or spicy food and load up vitamin C.   The symptoms/ description are   1.repeated high fever   2.prolonged coughing after fever  3.Children are prone* 4.Adults usually feel uneasy, headache and mainly respiratory related   5: highly contagious.   Pls share if you care for human life !” The  archived version  of the post can be checked here.  ",fake,Karan Verma
A post doing rounds on social media claims that after using fabric masks sanitize them by microwaving it for 2-3 minutes. The viral post is fake.        Claim  The viral post on Facebook shared by a user named Loni Martin reads:  Those that use a fabric mask – after wearing place in ziplock bag and microwave 2-3 minutes to sanitize. Do this after each wear.  The archived version of the post can be checked  here .  ,fake,Manav Sharma
"Claim  The photo is getting viral on social media in which some people could be seen holding a banner. The text written in the banner reads: WE DON’T WANT KASHMIR GIVE US VIRAT KOHLI. Many people sharing the post are claiming that the people shown in the image are from  Pakistan.  The fake post has been uploaded on Facebook by a user named Jeevan Singh Bodana on June 18, 2019. The post has been shared by 600 users so far and 470 users have commented on the post. This post has also been shared on other social media platforms.  ",fake,Manav Sharma
"Claim  A post doing rounds on Facebook claims that a tongue exercise (stretching out the tongue and moving it to the right then to the left 10 times) can protect you from getting Alzheimer’s. It also helps in reducing/improving the body weight, hypertension, blood clot in brain, asthma, far-sightedness, ear buzzing, throat infection, shoulder/neck infection, insomnia.   ",fake,Riya Gupta
"Claim:   A post is getting viral on Facebook in which two photos have been posted. The caption in the viral post reads:  Ring road in Ranchi Jharkhand made by Shri Narendra Modi.  The claim is followed by a link.  At first glance, it is learned that the caption given in the photo is click bait. It has been posted to specifically click or to redirect the user to a page/ post/ video.  ",fake,Rahul Kulkarni
A video is going viral on social media that claims “Some people were caught while hoarding hundreds of EVM machines in a strong room in Bina Bazar in Madhya Pradesh.” The captions suggests that the event took place recently,real,Riya Mehta
"Claim  A photo is doing rounds on social media showing a child covered in a heap of salt. The post is shared with a claim that reads: “ If someone dies due to drowning and the body is found within 3-4 hours, remove the clothes of the deceased and cover the body in 1.5 quintal of salt. The salt will slowly drain the water out of the body. Once the person gets conscious, take him to a doctor. If you have taken someone who has drowned to a hospital and the doctors have declared him dead, proceed with the salt treatment. By God’s grace, everything will be all right. Do not hurry to cremate once the doctor has declared the patient dead .” The post has been shared on Facebook by a page named Panchtatva.org.    ",real,Meera Chawla
"Claim  The Facebook page ‘Aam Admi Zindabad’ shared the post on July 11, 2019, at 2:29 PM that read: “The BJP has a problem that AAP government is giving good food and good education to the children of Delhi.”  ",fake,Karan Verma
"Claim   A post shared on social media purports to show a blue-colored fruit. The text in the post reads:  Moonmelon (scientifically knows as asidus). This fruit grows in some parts of Japan and is known for its vibrant blue color. This fruit’s party trick is that it can switch flavors after you eat it. Everything sour will taste sweet, everything salty will taste bitter, and it gives water a strong orange-like taste! Bucket list fruit!  ",fake,Neha Rana
"Claim  The viral message on Facebook reads: *Did you Know* The calling out a person’s name while they are sleeping can cause brain damage to the person. Instead of calling their name, tap them gently and if they don’t respond wait a bit and tap them later. Do not call out a person’s name while they are sleeping. Because their adrenaline can shot up causing fear and panic which can cause *Brain Damage*From: World Health Organization.  ",fake,Ananya Menon
"Claim  A post doing rounds on social media shared by a user named Sawan Singh reads: “ Turmeric and lemon are two simple, cheap and handy things you can use regularly to fight #CoronaVirus. Homemade rasam is also very useful .” The archived version of the post can be checked  here .  ",real,Kunal Verma
"CLAIM  In the screenshot of the CNBC Awaz News channel, Finance Minister Nirmala Sitharaman can be seen giving budget speech. The description reads, “Nirmala Sitharaman told the country while presenting the budget that the Modi government has so far distributed 35 thousand crore LED bulbs. Total population is 125 crores, means every person has got 280 bulbs. Is it a big scam or a gimmick?”",real,Yash Rana
"Claim:   The viral post has been shared by a Facebook page ‘ LiveHealthylife .’ The post claims that blowing a balloon for 10 minutes daily can cure mouth cancer, lungs cancer, heart attack, blockage, and breathing problems. The post has around 34000 shares, 2900 reactions, and 52 comments.  ",fake,Simran Bose
"Claim  Viral post on social media shows an image of a girl holding a Koala Bear in her hands. By sharing this image, a user named Arthur Luluai wrote: “ Young Girl Saving A Koala Bear From Bushfire In New South Wales, Australia .” The archived version of the post can be checked  here .    Viral Post   ",real,Vikram Choudhary
Claim  A video shared on social media by a user named  Ashok Kotak  shows three people singing a song. The claim with the video reads:  All three are blind. Enjoy their sweet voice. They sing like Asha & Rafi without any powerful music!! Pass on this video to all music loving persons!!  The  archived version  of the video can be seen here.  ,fake,Manav Sharma
"Claim  As per the Facebook post (Screenshot give above), Rs 173 will be deducted from a person’s bank account if he/she uses ATM machine to withdraw money more than four times. In another claim the post says that Rs 150 will be charged for every transaction if more than four transactions are done in anyone’s bank account.  ",real,Aisha Rana
" A message is going viral on social media that says “📩📩 Pradhan Mantri Mudra Shiksha Yojana”. Under this scheme, your son / daughter will be provided free education from class 5 to college. .. add your son / daughter’s name …. 👉👉 Registration form: 👉👉👉👉 http://bit.ly/pradhanmantri_mudra_yojna .. 🙏🙏 Please share this message 🙏 🙏. ”",real,Riya Mehta
Claim  The viral message on social media claims that Pepaero medicine cures dengue in 48 hours. It further claims that Pepaero medicine is available free of cost at Aerochem Neutron. The message has been around on social media since years and has resurfaced again.  ,fake,Neha Rana
"Claim  In the video being shared, this lady says, ” Hello everyoneI am wife on an army officer, I request all Indians and political leaders notto politicize the sacrifice of our soldiers. It takes so much to be a soldierand imagine the kind on pain the family of Abhinandan is going through. So please,at least till the tension is eased at the Indo-Pak border, stop your rallies,and don’t you dare to snatch away the credit of our soldiers. You have enoughtime to play politics but not now. It’s my humble request specially to the BJPpolitical leaders”.  The video is going viral with the description “The message of the wife of Wing Commander Abhinandan, BJP should stop politicizing the sacrifice of soldiers”.",real,Rahul Kulkarni
"World Cancer Day is the awareness day in which the entire world can unite together in the fight against the global cancer epidemic. Cancer continues to attract a number of misconceptions. Vishvas News debunked some of the myths and misconceptions around cancer.        
Claim1: Post claiming that Wild Aubergine can cure cancer is fake  A post shared on Facebook starts with: GOOD NEWS FOR CANCER PATIENTS, THE CURE IS HERE.    
Claim2: Post claiming deodorants cause breast cancer is fake  A post is getting viral on social media claiming that there is a possible connection between deodorants and breast cancer.
Claim3: Post claiming cancer is not a disease but fungus is misleading  A post is getting viral on social media with cancer-related claims. It claims that  cancer is a fungus  called myotoxin, not a disease. It further claims that chemotherapy is a mustard gas poison. It also states that alkaline foods keep you from getting cancer and keep your body’s pH level alkaline and acid in your body is what keeps your cancer fungus growing. 
Claim4: Post claiming drinking cold water after meals can cause cancer is fake  A post doing rounds on social media claims that  drinking cold water after a meal can cause cancer . It further claims that if you consume cold water after meal, it will solidify oily content in the food and this solidified content will line the intestines and ultimately lead to cancer. 
Claim5: Post claiming a home-made mixture can cure cancer in 3 days is false  A viral video on social media claims that  last stage cancer can be cured in 72 hours  by consuming a home-made mixture made of walnut, sprouted grains, honey, garlic, and lemon. As per the video, the mixture needs to be stored in the fridge and eaten multiple times a day. 
Claim6: Post claiming baking soda can cure cancer is fake  A viral post on social media claims that  baking soda can cure cancer . The claim is attributed to Dr. Simonchini, an oncologist in Rome. As suggested in the post, Dr. Simonchini observed that a tumour got flushed with baking soda and was disappeared in a few days. 
Claim7: Can consuming cold water, cucumber during menstruation cause cancer, infertility? No  A post shared on social media suggests  certain activities women should avoid during menstruation . A woman should avoid such activities as it increases the risk of ‘sterility’ and ‘uterus cancer’ as per the viral post. The source of the claim is given as the Indonesian Cancer Extension Institute. The post is also accompanied by disturbing images of a severely swollen belly. ",fake,Shreya Pandey
"Claim  A post shared on social media warns against polio vaccination claiming:  Children recently vaccinated with the polio vaccine are shedding the EV71 enterovirus which causes the most serious cases of hand, foot, mouth disease. Along with a post, a link of the Health Freedom Idaho website was shared.  ",fake,Divya Kulkarni
"Claim  A post doing rounds on social media reads: * WORLD HEALTH ORGANISATION PROTOCOL&PROCEDURE OF LOCKDOWN PERIODS FOR CONTROLLING ON MOST DANGEROUS VIRUS* STEP 1 – 1 DAY. STEP 2- 21 DAYS. AFTER 5 DAYS. STEP 3- 28 DAYS. AFTER 5 DAYS. STEP 4 – 15 DAYS. The sameway, our Indian governments are follow: MAR22-1 DAY ( TRIAL LOCKDOWN) MAR24-APR14 – 21 DAYS(FIRST LOCKDOWN) APRIL15- APRIL19 – RELAX FROM LOCKDOWN. APR20 – MAY 18 – 28DAYS(SECOND LOCKDOWN) *INCASE,Covid19 patient ratio is Zero* Withdraw the LOCKDOWN. Otherwise, May19 – May 24 – Relax from LOCKDOWN. May 25 – June 10 – 15 days (FINAL LOCKDOWN).   The archived version of the post can be checked  here .   ",fake,Riya Gupta
"Claim  The text on the picture read: “आ गए आपनी असलियत पे, भक्तो मार जाओ अब कहि जाके”, which translates to: “He has shown his real self, Bhakts, go and die somewhere now.” The post has been shared over 1,400 times and was liked by over 8,500 Facebook users.",real,Neha Agarwal
"Claim  A viral post on Facebook shared by a user named Gbenga Fasole GSc reads: “ GOOD NEWS FOR CANCER PATIENTS THE CURE IS HERE WILD AUBERGINE (a sought-after plant, a wealth to preserve). Breast cancer control, Fight against prostate cancer, Stomach cancer control, Fight against liver cancer, Fight against kidney cancer, In short, fight against all types of cancer, Asthma control. Look for this wild aubergine (the fruits of course, they are small) in sufficient quantity to cook in about 5 liters of water. Drink a glass of morning beer and one at night. Your cancer will disappear. Crush, whether it is the fruit or the leaf, and pass over the cancerous breast. Anyone who has his external cancer, and who even sores, and even if the rotten wound, crush that wild eggplant or it’s leaves and pass over the wound while drinking the decoction. It will kill cancer outright. Nb: Use enough until at least a month. Do not use once or twice and then stop. Drink the decoction, use the crush on the cancerous breast or the cancerous part externally. Destroys any form of cancer in the human body. The wild eggplant is found in bush to pick. If you do not have bush in your locality because you are in town, go to the village and look for it. Finish with cancer. Good healing to all. Many herbalists testifies of using my remedies to treat all kind of sicknesses .”  ",fake,Manav Sharma
"CLAIM  A large number of people in the video can be seen with swords. The description is: “The biggest procession in Agra in support of Tabaraz Ansari, you have to say Allah Hu Akbar if you want to stay in India, Dalit Muslims come together for the procession.”     https://www.facebook.com/197422351038187/videos/452591788899567/?v=452591788899567",real,Vikram Das
"claim1: A post doing rounds on social media claims that a simple ‘self-check test’ can determine whether you have coronavirus. The viral post claims that if you take a deep breath and you are able to hold it for more than 10 seconds successfully without discomfort, stuffiness or tightness, then there is no fibrosis in your lungs indicating you don’t have coronavirus infection.
claim2: A viral post on social media claims that the juice of bitter guard can effectively treat novel coronavirus in 2 hours. The post also mentions the name of the Health Department of Bihar purporting the information to be released by them. 
claim3: A post getting viral on social media claims that turmeric and lemon help fight against coronavirus. 
claim4:  A post shared on social media claims that consuming large doses of Vitamin C can slow down or stop the spread of coronavirus.
claim5: A viral post on social media claims that coronavirus remains in the throat for four days before it reaches the lungs. It further states that if the infected person drinks a lot of water and gargles with warm water & salt or vinegar it eliminates the virus.
claim6: A viral post on social media claims that coronavirus dies at a temperature above 26 – 27 degrees Celcius. It further states that drinking hot water and sun exposure will do the trick. Staying away from icecream and cold drink is also advised in the viral post. The message in the viral post mentions UNICEF as its source of information.
",fake,Ananya Mehta
"Claim  The post doing rounds on social media reads: “ IN ISRAEL NO DEATH FROM C-19 ! He told them a super news … This is how it arrived and this is how I send it. The cure for the C19 virus or the way to eliminate it was achieved. Information comes from Israel there this virus did not cause any death. The recipe is simple. 1. Lemon, 2 Bicarbonate. Mix and drink as hot tea every afternoon, the action of the lemon with hotter baking soda immediately kills the virus completely eliminates it from the body. These two components alkalize the immune system, since when night falls the system becomes acidic and defenses lower. That is why the People of Israel is relaxed about this virus. Everyone in Israel drinks a cup of hot water with lemon and a little baking soda at night, as this is proven to kill the virus. I share it with all my family and friends so that none of us get the virus. I leave it to your criteria. Please pass this immediately .” The archived version of the post can be checked  here .  ",fake,Divya Fernandes
"Claim:   The Facebook post claims that Dr. Badwe, Director, Tata Memorial Hospital clarified that hot coconut water kills cancer. The post further claimed that hot Coconut water releases an anti-cancer substance and hot coconut juice has an effect on cysts and tumors.   The post reads:    ",fake,Pooja Nair
"CLAIM  In the viral video, two men can be seen beating a woman and forcing a girl into a tractor.   The video description reads, “Hindu women in Pakistan are being forcefully taken away and beaten. All Hindus should share it so that the world and those Hindus who are opposing NRC and CAA And are supporting the Congress understand its importance. “  See archive version of this post  here .",real,Varun Trivedi
"Claim  A viral video on social media is shared with a caption that reads:  3 दाने खाने से 72 घंटे में हो जाता है लास्ट स्टेज कैंसर भी जड़ से खत्म | canser ka ilaaj . (English:  Eating 3 grains can cure last stage cancer in 72 hours ). In the viral video, it has been claimed that last stage cancer can be cured in 72 hours by consuming a home-made mixture made of walnut, sprouted grains, honey, garlic, and lemon. As per the video, the mixture needs to be stored in the fridge and eaten multiple times a day.   The video has 107,733 views on Youtube so far.   ",real,Anjali Mishra
"Claim  The viral post on social media shows the photo of a label of a Dettol product. The circled text shows the different microbes Dettol is able to kill, which includes the name of Coronavirus as well. The post caption states: “ This kills coronavirus how did they know about it in 2019 ??”   ",fake,Divya Kaur
"Claim  In the viral picture, a packet of Parle G Biscuits with awoman can be seen. It is being claimed in the post that the female present inthe picture is Parle-G Girl. The photo reads “Remember Parle-G biscuitgirl, Neru Deshpande, now 64 years old, is the girl who was clicked for Parle-Gbiscuit when she was 4 years old.”",real,Siddharth Menon
Claim  The viral post on social media reads:   “ GOOD NEWS! Jio and Facebook are giving 25GB Data Daily for 6 months to all Jio users due to lockdown of COVID-19. Download this app now: http://tiny.cc/psbmnz. ” The archived version of the post can be checked  here .  ,fake,Neha Rana
Claim  The post shared by a Facebook user Dilip Singh shows some people sitting on the floor with some weapons. The caption in the post states that the weapons have been seized from a mosque in Gujarat. The photo is getting viral with a false claim.    ,real,Aditya Verma
"Claim:  The viral image on Facebook shows Ambedkar’s photo on American note of 100 dollars. The photo is supported by a claim, “The work that should have been done in India has been done by Americans- It’s a real respect.” The Facebook post has been shared by a user named ‘Ajay Pratap Gaur Basti’. The viral photo has 135 shares and around 905 reactions.   ",fake,Nandini Reddy
"Claim  The post shared on Facebook states that consuming a decoction made from wheat, barley, back seeds and gum for two weeks can cure diabetes. The message is attributed to two doctors, Dr. Anita Simmons and Dr. Tony Almeida.  ",fake,Kavya Choudhary
"Claim  A post is doing rounds on Facebook claiming that lime can cure over 70 diseases. If lime is mixed in water and one spoon of it is taken with food, it can be a good source of calcium. The post is widely shared on social media.  ",fake,Karan Bhatt
"Claim  Facebook page “Punjabi Mandeer” shared a video in which England’s Prime Minister Boris Johnson can be seen shopping in a shop. The post descriptions says: UK ਦਾ ਪ੍ਰਧਾਨਮੰਤਰੀ ਸਾਈਕਲ ਤੇ ਸ਼ੋਪਿੰਗ ਕਰਨ ਆਇਆ ਆਪਣੇ ਵਾਲਾ ਏਦਾ ਕਰਕੇ ਦਿਖਾਵੇ” English Translation” Prime minister of UK came as a common citizen for shopping, ours cannot.” Here’s the  archived link  of the viral post.",real,Varun Nair
"Claim  The viral post comprises of 4 photos along with a descriptionthat roughly translates to “Melbourne, Australia: A man named Filipino wasso inspired by Narendra Modi that he named his apple company after his name,these apples will soon be available in India”.  The post claims 2 things  1) Australian man named his company ‘Modi Apple’ after the name of Indian Prime Minister.  2) These apples will soon be available in India too.",real,Ishita Das
CLAIM  A video is going viral where some people can be seen pouringsalt in plastic bags. Tata Salt can be seen inscribed on these plastic bags.The claim is “Look at the Tata salt manufacturing.”,real,Riya Pillai
"Claim:   A photo is doing rounds with a claim that reads: “ Warning! If you see that your fruit contains red weird colour in it, don’t eat it because a group of people is injecting fruits with blood containing HIV and AIDS. With the aim of killing millions of people around the world. That is Satanism. Please share this post and save others.”  The photo is supported with two images; one showing banana being injected with red-colored fluid and other showing peeled banana with red color inside. The image has been shared by the Facebook page ‘ Spiritual Warfare and Tactics Squad- SWATS ‘.   ",fake,Karan Verma
Claim  A photo of a tree is circulating on social media with a claim that the largest Tulsi tree of the world has been found in Karnataka.    ,fake,Ananya Nair
"On Facebook, a user named YogendraYogendra shared a video on February 14 in which police can be seenlathi-charging people. In the video, a Congress banner can be seen with thephotos of Sonia Gandhi and Rahul Gandhi. The banner reads “Time for change.. District Congress Committee Bilaspur”. The video description reads as “कांग्रेस मीटिंग में कांग्रेसी नेताओंने लगाएनारे “पाकिस्तान जिंदाबाद” ठीक उसी पल उन कांग्रेसी नेताओंके बंदोबस्तमें लगी पुलिस ने निभाया देश भक्त का कर्तव्य कांग्रेस मीटिंग में घुस कर सबकांग्रेसी कुत्तों की कर दी धुलाई अब जो भी भारतीय पाकिस्तान जिंदाबाद बोलेगा वोइसी तरहा ठुकेगा – अब इस पुलिस के लिए भी बोल दीजिये जय हिंद।”  The video description claimed that the police,which were there to maintain the security, lathicharged Congress leaders for chanting‘Pakistan Zindabad’ at a party meeting in Bilaspur.",real,Anjali Mishra
"Claim  A postshared on Facebook by a user named Sumant Bhattacharya captions:  Do not ignore this warning by UP Police.Maintain brotherhood among people. The post also shows an image which statesthat UP Police has issued a warning that if some people come to your house andoffer free tests of sugar or BP, contact the police immediately as these peoplebelong to a terrorist group. They inject AIDS virus in your body throughinjections.  ",fake,Riya Mehta
Claim  The post shared on Facebook by a user named Jai Motiani reads:   The exercise this man is showing has cured and saved thousands from heart blockages….! Now his video has gone viral and thousand of heart patients are searching for this clip. So watch this clip and try this exercise. Some people claimed that their back pain vanished in just 7 days….!   The archived version of the post can be checked  here .  ,real,Meera Chawla
"Claim  The message circulated across social media features a man with his hands tied. The message reads:  This is the guy who added his infected blood to Pepsi. For the next few weeks do not drink Pepsi, as a worker from the company has added his blood contaminated with HIV (AIDS). It was shown yesterday on Sky News. Please forward this message to the people you care.  ",fake,Rahul Kulkarni
Claim  Paytm users have received a text message that reads:  “Dear (paytm) customer your paytm KYC has been suspended PAY-TM office PH 7679046492 A/C will block within 24hr Thank you.”  ,real,Nandini Verma
"Claim  The viral post on Facebook reads:  Dr. Gupta says, No one must die of cancer except out of carelessness; (1). First step is to stop all sugar intake, without sugar in your body, cancer cell would die a natural death. (2). Second step is to blend a whole lemon fruit with a cup of hot water and drink it for about 1-3 months first thing before food and cancer would disappear, research by Maryland College of Medicine says, it’s 1000 times better than chemotherapy. (3). Third step is to drink 3 spoonfuls of organic coconut oil, morning and night and cancer would disappear, you can choose any of the two therapies after avoiding sugar. The viral post is shared by a Facebook page HolisHealth.com.   ",real,Sameer Saxena
Claim:  The viral video claimed that a mixture of two spoons of amla oil and a small amount of coffee powder when applied to hair can convert white hair to black permanently. The video was supported with a caption that claimed that white hair can be permanently turned black from roots by following this remedy.   https://www.facebook.com/RajivDixitOnline/videos/vb.1013952718723375/400739153852565/?type=2&theate,fake,Rahul Menon
Claim  The post shared on Facebook by a user named Md Shahid reads:  The treatment of coronavirus has been found. Scientists have found that consuming the juice of bitter gourd will kill coronavirus in 2 hours.  The name of Bihar Health Department Patna has also been mentioned. The archived version of the post can be checked  here .  ,real,Pooja Trivedi
Claim  A post is getting viral stating that soaking okra ends in water overnight and drinking the water the next day can cure diabetes. The post is getting viral across many social media platforms.    ,real,Neha Fernandes
Claim   A viral video on Instagram shows a blue-colored apple. The video shows a person cutting a piece out of the blue-colored apple grown on a tree.  The claim in the viral video states that the blue apple is made in China. The  archived version  of the post can be seen here.  ,fake,Varun Trivedi
"Claim  The video has been shared by a Facebook user named Harshit Pandey. The text accompanied by the video reads:  This incident happened in Hallet, Kanpur. Lets make them famous. Not sure how many people die due to negligence of such doctors .   So far, thevideo has been shared by 2,094 users and has more than 49,000 views.   ",fake,Varun Trivedi
Claim  A viral post on social media shows the pictures of a woman and some babies. The claim with the photos states that the woman gave birth to 17 babies at once with 29 hours of operations.  The archived version of the post can be seen  here .  ,fake,Sameer Malhotra
Claim:   A photo of a satire piece is going viral on Facebook claiming that AkhileshYadav made a statement blaming NarendraModi for thrashing Yadav bowlers in IPL. The photo is shared by the user named Pradeep Singh Pataara. It was revealed during the investigation that the viral photo is fake.,fake,Neha Iyer
"CLAIM  In the viralvideo, a person can be seen covered in flames, while people around are tryingto douse the fire. The claim is written in Kannada “ಕಣ್ಣೂರು ಏರ್ ಪೋರ್ಟ್ನಲ್ಲಿ ಪವರ್ ಬ್ಯಾಂಕ್ ಅನ್ನುಜೇಬಿನಲ್ಲಿಟ್ಟುಕೊಂಡು ವ್ಯಕ್ತಿಯೊಬ್ಬ ತನ್ನ ಸೆಲ್ ಫೋನ್ ಚಾರ್ಜ್ ಮಾಡುತ್ತಿದ್ದಾಗ ಈ ಅಪಘಾತಸಂಭವಿಸಿದೆ” whichtranslates to English as “The accident occurred when a man was charginghis cellphone at Kannur airport.”",fake,Neha Fernandes
"A videopost was shared on Facebook by a Facebook page Indian Army, in which an armytruck can be seen stuck in loose mud. The video shows an Army truck driverstruggling in mud and finally manages to come out of it.  The text accompanying the video reads,“India Army Sad Video .. The struggles of Indian Army”. ",real,Pooja Iyengar
"Claim:    The post shared on Facebook claims that a medicine named ‘Uni-Sto’ can cure stones in just 4 hours. The post has been shared by the Facebook page ‘ Sardhas ’. The post has 809 reactions, 110 comments, 21k shares.    ",fake,Manav Sharma
"CLAIM  The viral video is 22 seconds long. In the video, a scuffle between police and people can be seen. The video description reads “ Nrc started in assam. They have begun evicting people from their homes, the media does not show it, they are already bought and gagged, so it is our responsibility now to share this video .”   The archived version of the post can be seen  here .",real,Rahul Kulkarni
"Claim  The post shared on Facebook reads: “ THERE WAS NEVER A COVID-19!! READ THIS! CORONAVIRUS IS FAKE! IT WAS A HUGE COVER UP TO ALLOW DEPLOYMENT OF 5G NETWORK TOWERS, WHICH ARE THE REAL CAUSE FOR THE VIRUS DEATH, THEY ARE RELEASING EXTREME AMOUNT OF RADIATION  TO YOUR BODY THROUGH PHONE SIGNAL! THE 5G WILL ALSO GIVE THE GOVERNMENT ACCESS TO YOUR INFORMATION AND LOCATION THROUGH AN R.F.I.D CHIP IN THE VACCINE SAID TO IMMUNIZE YOU, YOU WILL LOSE ALL RIGHTS TO PRIVACY, BANK AND PERSONAL INFO. PLEASE BE AWARE DON’T TAKE THE VACCINE! OUR GOVERNMENTS ARE LYING TO US .” The archived version of the post can be checked  here .  ",fake,Nikhil Khan
"Claim:  The claim in the viral post reads: “ The US doctors admit that HbA1C should be in between 7 to 8 and is normal, this means that if the sugar level is 250 then it is within normal. The mean value of PP and Fasting is 250 then you are no more diabetic .” The claim is accompanied by a screenshot of an interview of a lady.  ",fake,Neha Kaur
"Claim  A post shared on Facebook claims that contraceptive pills contain arsenic which destroys the fertility system within 72 hours. It further states that contraceptive pills cause cancer. The post is shared by a Facebook page Girl’s Safety. It has 93 reactions, 18 comments, and 17 shares.   ",fake,Aisha Sethi
"A post related to diabetes cure resurfaced in social media claiming that diabetes can be cured by consuming sprouted wheat for 3 days. As per the claim, all you need to do is to boil the wheat for 10 minutes and sprout it after boiling.",fake,Manav Iyengar
Claim  A video is shared on Facebook by a user named Vnita Vnita Punjab. The video is shared with a caption that reads: ‘ This video was made by Apollo Hospital’s doctor Harish Shukla during the operation. Our digestion system is not able to digest noodles. That’s why noodles were surgically removed from a patient. Protect your children from noodles. Please watch the video and share it for humanity’s sake .” This is not the first time such video has been shared. The video is viral across social media with different claims.  ,fake,Divya Fernandes
"Team Vishvas(New Delhi)  We received a video on our mail featuring the chief minister of Rajasthan Ashok Gehlot. In the 45 second video, CM could be heard declaring the end of UPA government in the Lok Sabha elections. ",real,Sameer Fernandes
"Claim  The viral post shared on Facebook by a user named Cheryl Robinson reads: “ A friend of mine checked the back of her Clorox wipes and, what do you know, the human coronavirus is listed among the things that these wipes kill. I checked our wipes and, sure enough, it is listed. So my take is, as I suspected, this is no “NEW VIRUS” as the news media wants us to believe .” The post is accompanied by a picture of Clorox with the mention that Clorox kills Human Coronavirus. The archived version of the post can be checked  here .  ",fake,Aman Nair
"Claim:  On May 30, 2019, the Facebook user ‘देवकी नंदन’ posted that from June 1 onwards, the transactions in banks will be done till 6pm. The post read in Hindi: सरकारी बैंक के कर्मचारियों की चर्बी छंटी, एक जून से देश के सभी बैंको में शाम 6 बजे तक होगा लेन देन। न्याय शुरू  ",fake,Varun Agarwal
"Claim  A photographer’s images are getting viral on social media since India lost to New Zealand in the Cricket World Cup 2019. In the photo, it has been shown that when Dhoni lost his wicket in the Cricket World Cup, a photographer started crying.    ",fake,Manav Sharma
Oneof our readers has sent us a message on whatsapp for fact check that reads – ““क्या आपको पता है भारत सरकार WhatsApp के जरिये Online सर्वे कर रही हैं 2019 का चुनाव कौन जीत सकता हैं वोट करें मैंने भी वोट कर दियाहै 👉👇  https://bit.ly/2UHsoaX .’(English: Do you knowthe government of India is conducting an election survey via whatsapp. Pleasevote. I have already given my vote 👉👇 https://bit.ly/2UHsoaX ),real,Rahul Khan
Claim  The viral post on Facebook shared by a user named Mohammad Shahabuddin reads: “ BOILER CHICKEN ME KORONA VIRUS KO PAYA GAYA HAI. TAMAM LOGO SE APPEAL KI JATI HAI KE BOILER KE GOSHT KA ISTEMAL NA KARE… DUAA KI appeal.” Coronavirus has been discovered in broiler chicken.  The post is accompanied by various images of chicken and meat. The archived version of the post can be checked  here .  ,fake,Nikhil Khan
"Claim  A viral post on social media shows a person’s throat with white spots. The text with the post reads: “ An Exclusive picture of the patient’s Throat infected with Coronavirus Covid1 showing the extent of inflammation and destruction that affected the throat and entrance to the lungs, which was caused by the virus in the first days of the infection. Taste and severe shortness of breath .” The archived version of the post can be checked  here .  ",real,Manav Rana
"CLAIM  In the viral video, a woman can be seen in the viral video.In a woman can be seen surrounded by a mob. The video description claims ”child-kidnapping gang is active in Raisinghnagar. In Raisinghnagar, Ward-24Valmiki locality, a woman was trying to abduct a child but was caught. Locals handedher over to the police. You all should also be alert. “",real,Aisha Chawla
Claim:    The Facebook post claims that every single person who has cancer has a pH that is too acidic. It further states that cancer cannot live in an alkaline state. The claim has been attributed to the Nobel Prize laureate Otto Warburg.   ,fake,Anjali Mishra
"Claim  A post is doing rounds on social media that reads: A mother killed her 4 children, accidentally. The children refused to drink cough syrup. So she mixed the syrup in milk. The children went to sleep after drinking the milk and never got up. After examining the clinical trials, all 4 of them were found dead in the bed, The mixture of cough syrup and milk proved to be poisonous. The mother said that she killed the children with her own hand, she is psychologically disturbed. Avoid drinking medicine in the milk. Not only cough syrup, Do not drink any chemical additives in milk. It will become poisonous.  ",fake,Arjun Fernandes
"Claim  In the viral pictures, Justin Trudeau can be seen visiting a Gurudwara. Post description says that after winning 2019 Canada’s Elections, Justin Trudeau   paid a thank you visit to a Gurudwara. ",real,Yash Saxena
"Claim  The viral post on social media reads:  Google’s CEO is Indian, Nokia’s CEO is Indian, Adobe’s CEO is Indian, Amazon’s BOD is Indian, MasterCard’s CEO is Indian, Microsoft’s CEO is Indian, Pepsico’s CEO was Indian Indra Nooyi, NASA has 58% Indian employees. Salute to Indian brothers and sisters. The post is shared on Facebook on January 1, 2020, by a user named Faishal Saifi. The  archived version  of the post can be checked here.  ",fake,Pooja Iyengar
"Claim  A Facebook page named “Paa Tii Topi ਪਾ ਤੀ ਟੋਪੀ” shared a post with the picture of Delhi’s CM Arvind Kejriwal. In this picture, Arvind Kejriwal is holding a liquor bottle. Post’s description is written in Punjabi Language: ਸਵੇਰੇ ਕੋੜੀ ਦਵਾਈ ਪੀਕੇ ਪੇਟ ਦੇ ਮੱਛਰ ਮਾਰਦੇ ਸਾਡੇ ਦਿੱਲੀ ਦੇ ਮਾਲਕ ਸ਼੍ਰੀ ਘੁੰਘਰ ਸੇਠ  😂😂😂😂   Translation of the Description: By taking a bitter sip in the morning, Arvind Kejriwal’s killing mosquitoes having in his stomach.",real,Vikram Rana
" CLAIM  In the viral photo, Aam Aadmi Party chief and Chief Ministerof Delhi Arvind Kejriwal can be seen wearing a bomb disposal suit. The post hasbeen shared by a Facebook page named ‘UP Chief Minister Report Card’. ",fake,Yash Nair
"Claim  In the viral picture, two damaged cars can be seen. The description in the viral post reads: The cars melted in Saudi Arabia due to the high temperature of 62 degree Celsius.",fake,Divya Verma
"Claim  As per theclaim in the viral video, white hair can be turned to black permanently byapplying the mixture of tea water made of 3 spoons of tea powder and 1-2glasses of water boiled together for 5-10 minutes.   ",fake,Manav Rana
"A post has been shared on social media in which it has been said that the Indian army is targeting women and children in its operation to get revenge for the Pulwama incident. Some photos have also been shared with this post, in which injured women and children can be seen.",real,Anjali Pandey
"Claim:  As per the post circulated on Facebook, youshould not drink any cold drinks such as Maaza, Fanta, 7 Up, Coca Cola, MountainDew, Pepsi, etc. over coming weeks because a worker has contaminated theproduct with his Ebola-infected blood.",fake,Divya Fernandes
CLAIM  In a viral photo a lion can be seen attacking a man. Photo’s caption reads: ” Church Leader Mauled By Lion After Trying To Prove God Would Intervene.” The post further states ” A Christian church leader tried to prove that the Lord would step forward and come to his rescue and save him recently when he went up against a lion. Things did not go as planned.” ,real,Vikram Das
"Claim  A Facebook user named Dilip Singh posted the fake tweet and wrote “What Sehwag wrote is short and crisp”. The post is basically a text image that reads “सालाना जनता के करोड़ों रूपए सोखने वाले AMU और JNU से अच्छे  तो गांव-देहात के सरकारी स्कू ल हैं, जो फौजी पैदा करते हैं, गद्दार नहीं।” (English: The govt schools in villages are far better than the AMU and the JNU that consume crores of public money because the village schools produce soldiers and these Universities produce traitors.) The post was tweeted by an account @VirenderSehvag showing the photo of the legendry cricketer.   The post that was allegedly shared on February 13 has already been shared 64000 times till now. A total of 215 people have commented on this post as well.",fake,Varun Nair
"Claim  The viral video on Facebook claims that the low-quality tablets are available in the market that opens up into a tissue paper.  The audio in the video describes that medicine’s composition is not written on the cover of the medicine. Neither there is a manufacturing date of the medicine nor there is an expiry date. Only the name of the medicine, Zota is mentioned. Here is the  archived  version of the viral post.  ",fake,Neha Rana
"Claim  The viral post features a photo of a man along with some officials. The text in the post reads: ‘ This is a guy who added his infected blood to Cadbury products. For the next few week do not eat any products from Cadbury, as a worker from the company has added his blood contaminated with HIV (AIDS). It was shown yesterday on BBC News. Please forward this message to people you care .’  ",fake,Kunal Verma
"Claim  A video circulating across social media and covered by many media outlets claims that one should not eat bitter guard after consuming lady finger as it will cause poison in the stomach. The video further claims that consuming radish after lady finger can cause Leukoderma, a skin disease. You can see the  achieved version  of the video here.   ",fake,Pooja Rana
"Claim:   A photo ofYogi Adityanath is getting viral on social media with a quote that reads: “अगर हमारी सरकार गीरी तो पुरे देश में आग लगा दुंगा – योगी आदित्यनाथ” (English translation: If ourgovernment falls, I will set the nation on fire). The image was posted by aFacebook page ‘Kamalnath Congress’.",real,Rohit Nair
"CLAIM  Two photos can be seen in the viral post. In the firstphoto, a bird about a half inch long is sitting on the thumbnail of a person.In the second picture too, almost same sized bird is sitting on a person’sfinger. The description with the post reads in Bengali, “পৃথিবীর সবচেয়ে ক্ষুদ্র তম পাখি হামিংবার্ড. এই প্রথম ফটো তে দেখলাম.”Which translates to ” This hummingbirdis the smallest bird in the world. This is the first time I’ve seen such asmall bird. “ ",real,Sameer Malhotra
Claim  The viral video shared on social media claims that a full rainbow is visible in Gujarat and this happens once in 100-250 years. The video is also viral on Twitter with different narratives. The archived version of the video can be checked  here .  ,real,Pooja Chawla
Claim  A post shared on Facebook by a page named आरोग्यम् धनसंपदा reads: “ Two simple cures of cancer: 1) grind fresh turmeric root and consume the juice two spoons twice a day for one month and see magical results. 2) consume half a glass of Indian cow’s urine every day for two months and see magical results. Thousands of patients have been cured by using this remedy and third stage cancer is also cured using this remedy .” You can read the  archived version  of the post here.  ,fake,Manav Sharma
"Claim  A post shared on social media by a user named Kunapareddy Srinivas shows a video of a person removing larvae from the lips using a pair of tweezers. The caption along with the post reads:  “*Corona virus*, very new deadly form of virus, china is suffering, may come to India immediately. Avoid any form of cold drinks, ice creams, koolfee etc, any type of preserved foods, milkshake, rough ice, ice colas, milk sweets older then 48 hours, for atleast 90 days from today.”  The archived version of the post can be checked  here .    ",real,Pooja Joshi
"Claim  The postshared on Facebook by a user named Tim Altmix reads: “ DO YOU SMOKE AND WANT TO QUIT? Do you know any smokers who want toquit? Try this: Go to your favorite grocery store and buy Cream of TartarSeasoning and a gallon of Orange Juice. Mix 1 teaspoon in a glass and drink 2xa day. I recommend when you get up and another glass halfway through your day.I know this sounds too simple, but it really works! The Cream of Tartar flushesthe nicotine out of your system and blocks it from receiving it again! Afterabout two days, smoking tastes like dirty toilet water, you’re blocked from thenicotine rush and the desire is gone! I hope everyone shares this, many peopleare struggling to quit and don’t have the financial means to be successful .”  ",real,Divya Verma
Claim  The viral post on social media shared by a user named Prakash Kulkarni reads: “ Military going to take position in telangana from midnight or tomorrow morning . No one will be allowed out from home .  Now with full powers for covid 19 lockdown.ARMY IN ACTION IN TELANGA WAR AGAINST CORONA ARMY BATTALIONS AT KUKATPALLY GACGIBOWLI HITECCITY DILSUKH NAGAR OLD CITY UPPAL BALA NAGAR SANGA REDDY PATEBCHERU SHAMSHABAD ASHOK NAGAR RAM NAGAR SECUNDERABAD MUSHEERABAD .” The archived version of the post can be checked  here .  ,fake,Neha Rana
Claim  A post doing rounds on social media shared by a user named Brad Mullins reads: “ Quinine found in tonic water along with 50-100mg of zinc daily will kill COVID-19. Hydroxychloroquine is the synthetic version of Quinine. Drink some fresh squeezed lemon juice with your tonic water. You’ll be GOLDEN .” The archived version of the post can be checked  here .  ,fake,Ananya Menon
Claim   A video doing rounds on social media claims that a 101-year-old woman gave birth to a child. The narration in the video states that the woman had given birth to 16 children after which she was diagnosed with cancer and now she has delivered her 17th kid.    ,fake,Nandini Reddy
CLAIM  The viral photograph is said to be a screenshot from a recent Parliament session where Shah’s eyes appear to be closed and his body slumped as Union Minister Ravi Shankar Prasad speaks in the Parliament. The post claims that “Rahul Gandhi using his phone is a problem but then Amit Shah sleeping is not!”. ,real,Aisha Chawla
"Claim  In the viral post, a recent picture of a bridge over the Jamnagar-Junagadh highway has been shared. The description reads: ” Planned by then CM Modi, inaugurated by PM Modi, Jamnagar-Junagarh highway bridge collapsed within 3 months of inauguration!” This post has been shared over 1000 times on Twitter and more than 50 times on Facebook.   Planned by then CM Modi, inaugurated by PM Modi, Jamnagar-Junagarh highway bridge collapsed within 3 months of inauguration!  pic.twitter.com/ZhZBtOJmPM — West Bengal Congress (@INCWestBengal)  June 20, 2019",real,Aisha Sethi
"Claim  A post shared on Facebook by a user named  Pham Hanh  reads:  The coronavirus pandemic can be dramatically slowed, or stopped, with the immediate widespread use of high doses of vitamin C.  The archived version of the post can be checked  here .  ",fake,Siddharth Menon
"Claim      A post shared on Facebook by a user named Langam Dilipkumar reads:  URGENT WARNING! Be careful not to take the paracetamol that comes written P / 500. It is a new, very white and shiny paracetamol, doctors prove to contain “Machupo” virus, considered one of the most dangerous viruses in the world. And with high mortality rate. Please share this message, for all people and family. And save life for them… I’ve done my part, now it’s your turn… remember that God helps those who help.  The post is shared also with two photos. In one phone a girl can be seen and in other photo someone with red rashes in her body.   ",fake,Neha Agarwal
Claim  A postshared on Facebook by a user named Jodi Graesser reads: “ Folks who get flu shots please have some courtesy and stay home forminimal of 2 weeks while you are an active live walking virus. Also don’t hugothers and give kisses and please immediately tell others you were vaccinatedso they don’t come close you .”   ,fake,Karan Mehta
"CLAIM  The viral post has a video in which a person can be seenwearing a burqa. In the video, a person, holding this man’s hand, is saying inKannada this Hindu man has been caught walking in a burqa outside the mosque.The description reads, “Dangerous conspiracy. RSS man in burqa caught bymasjid.”",real,Karan Kaur
"Claim   The viral post shared by a page named Melissa Lashes reads: URGENT MESSAGE….From trusted source in Hong Kong medical lab today: “ In our laboratory, we found trace amount of the virus on the skin of fruits and vegetables after 12 hours of being touched by another customer who was infected. We recommend our staff to avoid salads. Do not eat the fruits within 48 hours of purchase, or pour some boiling water over the fruit before cutting. Berries, apples, cucumbers and tomatoes are the worst because some people eat the skin. This explains why the virus is spreading faster in the west than asia. Most Asians do not eat salad and very few people eat the skin of any fruit. We have to assume anything that comes from outside our home within 48 hours is infected. Shoes, clothes, our hair, all food. Hope that helps, pls take extreme care. Kind Regards .” The archived version of the post can be checked  here .   ",fake,Riya Gupta
CLAIM  In viral post’s description reads: “Beware of Rs 500 currency note…. Pls do not accept Rs.500 currency note if the green strip is close to Gandhi ji because it’s fake. Accept a currency note where the strip is * near Governor’s signature. * Please pass this message to all family and friends “.,fake,Rahul Menon
"A post is going viral on socialmedia in which Prime Minister Modi can be seen standing among some worldleaders. The photo comes with a description , “PM Modi was the head of thecommittee of 53-nations in UK that kept us slave for 200 years. Do not forgetto share. “",fake,Siddharth Chawla
"Claim  The videoof Narendra Modi – Manmohan Singh meet is doing rounds on social media. Facebookuser Vishal Singh Rajput uploaded the video on July 2, 2019 with a claim thatNarendra Modi is meeting Manmohan Singh on his residence before the budget anddiscusses on how to improve the GDP growth of India.   The video is also uploaded on Youtube by the channels of various other users.    ",real,Neha Kaur
"A photo collage is going viral on Facebook that shows a poor child on the left and a lady police officer on the right. This picture is accompanied with text in Bengali, which loosely translates to ‘orphan girl Nivtha Pathur Raj is now a police officer in Tamil Nadu’ in English.",fake,Sameer Malhotra
Claim  A post is doing rounds on Facebook claiming that there is a link between the use of deodorants and breast cancer as the application of deodorants can cause cancer. It is further claimed that scientific research has shown that most breast cancers develop in the upper-outer quadrant of the breast as that area is closest to the lymph nodes exposed to antiperspirants. The post is uploaded by the Facebook page Women’s Health Tips.  ,fake,Aman Menon
"Claim  The post was shared by a Facebook page called ‘Beware ofFROUD MEDIA’. In the photo, a woman could be seen standing alongside Modi. Thepost claims that the woman in the photo is PM’s personal Make-Up artist who hasbeen hired at a salary of Rs 15 lakh a month.",fake,Nandini Reddy
"CLAIM  In the viral video, a woman garlands a man and then holdshis hands, meanwhile another woman from behind starts hitting him with slippers.The description with the video reads, “What a great welcome to the BJP MLAby this woman. This is what every woman should do in today’s era #HowdyModi.”  ",real,Yash Pandey
"Claim:   The viral post claims that if we consume grapes after having medicine, it can take a toll on our life as it can be fatal. ",fake,Divya Fernandes
"Claim  The viral post shared by a user named Nancy Mardino reads: “ Combating cancer with baking soda. Did you know? Baking soda has been shown to fight cancer, stave off colds, flu and even treat radiation poisoning… all for just pennies a day? Dr. Simonchini an oncologist in Rome originally made the connection between fungal infections and cancer proliferation. He realised that when a tumor was flushed with baking soda (which is anti-fungal), it shrank in completely disappeared within days .” The archived version of the post can be checked here.  ",fake,Sameer Fernandes
"Claim   A Facebook post shared by a user named Javed Hindustani claims: A medicine named EUPATORIUM PERFORIAM 200 if diluted and consumed for 2 days, it can cure dengue. Dengue can be cured in 48 hours.  ",fake,Neha Rana
Claim  A viral video on social media shared by a social media user Dikshita Mahanta reads: “ They say an apple a day keeps the doctor away. But I think a single apple like this is enough to kill u soon because of its harmful wax coating in it. Have experienced it today while my sister was about to cut this apple. Take care people.. Safety is now at ur own hands .” Here is the  archived  version of the viral post.  ,fake,Aman Nair
"Claim  A viral post on shared on instagram by a user named bhallatanya.16 claims: “ The Logic behind Janata Curfew…As Corona Virus life at one place is 8 – 12 hours and Janata Curfew is for 14 hrs…. so   f o r 12 hours virus will not get in touch with the human body, this will kill the virus. ” The archived version of the post can be checked  here .  ",fake,Riya Gupta
"CLAIM  In the viral picture, some religious books can be seen lying near a drain. The viral post claims “all of these religious books #Kuran_Pak have been found in a gutter drain in Bihar. The media is silent. If you are a true Muslim, please share.” ",real,Sameer Kulkarni
Claim  A photo showing a cockroach in a chest x-ray is doing rounds on social media with a claim that the incident happened at the Rusape General hospital in Zimbabwe. The patient came to India for treatment it was discovered that the cockroach was in the x-ray machine.   ,real,Sameer Saxena
"CLAIM  In theviral photo, some people can be seen reciting Namaz in a ruined building. It isbeing claimed that this is the picture of people performing Namaz for the lasttime in Babri Masjid in Ayodhya after the Supreme Court verdict. ",real,Neha Fernandes
What is in the viral post?  Sourav Ganguly’s fake tweet has been viral for many days onthe social media. Facebook user named Awasthi Deepak (@ awasthi.deepak) posted apost on the 5th of March sharing this post and said “Open invitation: Does anyCongressman have courage to abuse Sourav Ganguly”.  ,real,Sameer Fernandes
"Claim  A post is doing rounds on social media that reads: Lemon (Citrus) is a miraculous product that kills cancer cells. It is 10,000 times stronger than chemotherapy.   ",real,Shreya Rao
"Claim  An image shared on Facebook by a user named Rashmi Arora reads: “ This is a still image created by a Japanese Neurologist, Yamamoto. As per the Neurologist, if you find it as a still image, you are healthy, if the image appears to be shaky, you are a little stressed or you have not got a sound sleep during night, if you find the image circulating, then you are stressed and you need some rest, if you find the image moving fast, you are highly stressed and you need treatment .” You can see the  archived pos t here.  ",fake,Anjali Mishra
"Claim  A viral post shared on Facebook by a user named ‘From the Heart of me, Another Mother’ reads: “ Combating cancer with baking soda. Did you know? Baking soda has been shown to fight cancer, stave off colds, flu and even treat radiation poisoning… all for just pennies a day? Dr. Simonchini an oncologist in Rome originally made the connection between fungal infections and cancer proliferation. He realised that when a tumor was flushed with baking soda (which is anti-fungal), it shrank in completely disappeared within days .”   ",fake,Nandini Reddy
"Claim  Facebook user Amit Kumar shares a picture in a group named WE SUPPORT NARENDRA MODI. In this picture, a dead body of a child can be seen with a claim: “A baby died due to flood in Bihar”.   The post’s description says: Painful picture from bihar…No words to say 😥😥😥😥😥😥😥😥😥😥😥😥😥",real,Arjun Das
"What is going viral?  The  viral messag e reads “Delhi Police SHANTI SEWA NYAYA दिल्ली पुलिस की तरफ से दी गई लोगो के लिए सुचना 22-03-2020 को कोई भी व्यक्ति दिल्ली में बिना किसी बड़ी वजह के घूमता हुआ, दुकान खोलता हुआ, दिल्ली से बाहर जाता हुआ पाया गया तो ऐसे व्यक्तियों पर जुर्माना लगाया जायेगा 11000 रू का क्योकि ऐसे बाहर घूमते हुए 1 व्यक्ति से लोगो को इन्फेक्शन होने का खतरा रहता है | 22-03-2020 को भारतवासियों सब मिलकर सहयोग दें |धन्यवाद | Delhi Police.” English translation: “Delhi Police SHANTI SEWA NYAYA Information for people by Delhi Police. On 22-03-2020, any person found wandering outside, opening shop or moving out of Delhi without any major reason will be fined Rs 11000 because there is a danger of infection. On 22-03-2020, Indians should come together and support this. Thank you. Delhi Police. “   ",real,Ishita Nair
"Claim  A post shared on Twitter by a user named Grimm Hades is a screengrab in a news format that has a text highlighted that read:  COVID-19 FOUND IN TOILET PAPER , STRAIN OF DEADLY VIRUS BREEDS RAPIDLY IN TISSUE FIBRES.   The archived version of the post can be checked  here .  ",fake,Nandini Bose
"Claim  A post is getting viral on social media claiming that Panadol is toxic to the body, and it harms the liver. It further claims that Panadol remains in the body for at least 5 years. The post is shared on Facebook by a user named Shaukat Amin Shah.   ",real,Shreya Rao
Claim  A Facebook post shared by a page Intuitive Apitherapy reads:  Wound that won’t heal? Bee Venom Therapy can heal Cellulitis(infection). Here are the after and before Bee Venom Therapy. No antibiotics were taken during this time. This is an actual client of Intuitive Apitherapy.  ,fake,Shreya Kulkarni
"Claim  A post doing rounds on social media shared by a page named Science Facts reads: “ China seek for court’s approval to kill the over 20,000 coronavirus patients to avoid further spread of the virus.”  The archived version of the post can be checked  here .  ",fake,Ananya Menon
"Claim  Facebook user Jayesh Rathod posted a collage of two photographs in a Facebook Group name “I Support Namo.” In the post description, he wrote: ”#In Bangladesh…………….After New Zealand defeated India, Bangladeshi citizen tried to celebrate by organizing a feast. The gas cylinder bursted and he died……”  This post is geting viral on Twitter also. ",fake,Rahul Trivedi
"CLAIM  The viral video shows a gathering of people performing Yoga cladin Saffron, White and Green(the three colours of the Indian National flag). Thedescription reads: “जपान में सूर्य नमस्कारऔर गायत्री मंत्र का विस्तार हो रहा है”, which translates to: SuryaNamaskar and Gayatri Mantra have spread to Japan and are being practised there.The video was uploaded by the Facebook page thehindutva.com and has been viewedover 144,646 times till this story was published.",real,Neha Nair
Claim    The image is widely circulated on social media showing Kanhaiya Kumar standing on a campaign vehicle with a portrait of Afzal Guru on his vehicle. ,fake,Riya Gupta
"Claim  A facebook user named “Sardar Ji Singh” posted a picture on Facebook claiming, “PM Modi bowed to Saudi King Salman bin Abdulaziz Al Saud”. ",real,Yash Khan
Claim  A viral post shared on Facebook reads:  Shocking Truth….Nestle Company accepts that they add juice extracted from Beef in KitKat Chocolate!!  ,fake,Manav Sharma
"Claim  The Facebook post uploaded by a page named  Bangalore Re Rahuthiba Odia  reads: “ High alert: Chicken infected from corona virus found in Bangalore today, kindly circulate the message and avoid consumption of chicken. Spread to your dear ones .” The image in the post shows the picture of a half-shaven chicken that looked ill. The archived version of the post can be checked  here .  ",fake,Sameer Fernandes
"Claim  A post related to Barack Obama was shared on the Facebook page  Wisdom  on June 26. The post claimed that despite being the President of America twice, Barack Obama could not buy a new home for his children. The post further claimed that if in India someone gets to become the village sarpanch twice, it is common that he buys a three-storeyed villa with his designation written on his home.  The post has been shared by more than 400 users so far. The post has approximately 2000 likes and around 90 comments.   ",fake,Neha Nair
Claim  The post shared on Twitter by a user named GONCE reads: If you get coronavirus from Chinese food the simple cure is to gargle bleach. The archived version of the post can be checked  here .   ,fake,Ananya Menon
"Claim:    The viral post was shared by the Facebook user ‘Sagarmal Chotiya’ on April 22, 2019 at 9:08 PM. The post has been shared by 218 users. The post was also shared on other social media platforms.   ",fake,Vikram Rana
"CLAIM  In the viral post, Russian President Vladimir Putin can beseen wearing saffron clothes and Rudraksha necklace. The photo claims:“Putin, President of Russia, won the hearts of all Hindus by giving aspeech in saffron cloths in Moscow Parliament today.”",fake,Rahul Kulkarni
"Claim  A post shared on social media by a page named SimleMarNet reads: “ Cure for Corona Virus. Good news, Wuhan’s corona virus can be cured by one bowl of freshly boiled garlic water. Old Chinese doctor has proven it’s efficacy. Many patients has also proven this to be effective. Eight (8) cloves of chopped garlics add seven (7)cups of water and bring to boil., Eat and drink the boiled garlic water, overnight improvement and healing. Glad to share this .” The archived version of the post can be checked  here .   ",fake,Ananya Menon
"Claim  The message was in Hindi. The translation is “Add yourfamily’s name to the list of Pradhan Mantri Awas Yojana and get Rs. 250000thousand rupees for relief, then you cannot say that Modi has not given us house.It is a chance now, the last date for applying is 31 March 2019. Apply fromhere 👇👇 👉🏼https://bit.ly/2XgA8Tx   🙏🏼 Requests: 🙏🏼 Please share this message with your friends, relatives and all the groups so that all the poor families can get the benefit of this scheme.”   ",fake,Rohan Iyengar
"Claim  A post shared on Facebook by a page named Drugs Information Center- Pharmacists read: “ AVOID COLD WATER AFTER MEAL. For those who like to drink cold water, this article is applicable to you. It is nice to have a cup of cold drink after a meal. However, the cold water will solidify the oily stuff that you have just consumed. It will slow down the digestion. Once this “sludge” reacted with the acid, it will break down and be absorbed by the intestine faster than the solid food. It will line the intestine. Very soon, this will turn into fats and lead to cancer. It is best to drink hot soup or warm water after a meal. ”  ",fake,Ishita Khan
"Claim  The post doing rounds on Facebook shared by a user named Sheryce Sanders Malone reads: “A  natural remedy that kills coronavirus. Start pot of boiling water on stove. Cut peels of oranges or lemons or both – your choice. Add sea salt to pot of boiling water. Add orange or lemon peels to pot of boiling hot water. Boil on high for a few minutes. When water and ingredients in pot have been brought to a boil, turn down the heat, put your face down to pot and breathe in steam. Do this for 15 minutes or as much as you can stand .” The archived version of the post can be checked  here .  ",fake,Manav Sharma
Claim  A video is doing rounds on social media with a caption that reads:  meet the baba who is the ichchhadhari naag. He can cure cancer by sucking it from the mouth.   ,real,Divya Bose
"Claim  A post is going viral on social media having a picture of a lady protesting at Delhi’s Jawahar Lal Nehru University with claim: “मोहर्तमा JNU की 43 साल की छात्रा है, और कमाल की  बात उनकी बेटी मोना भी 12 वी में JNU में ही पड़ती है🙄🙄🙄”    ",real,Aisha Rana
Claim  A post is getting viral on social media claiming that the medicine named Caripill cures dengue in 48 hours. Some contact numbers were also present along with the post. Vishvas News investigated and found that the viral post is misleading.  ,fake,Sameer Fernandes
Claim  A viral post shared on Facebook by a page named दादी माँ के घरेलु नुस्खे reads:   “ Coronavirus remains in the throat for four days before it reaches the lungs it and at this time the person begins to cough and have throat pains. If he drinks water a lot and gargling with warm water & salt or vinegar eliminates the virus. Spread this information because you can save someone with this information .” The post has a great engagement and has been shared by 7.2K users till date. The archived version of the post can be checked  here .  ,fake,Ananya Menon
"Claim  A photoshared on Facebook by a user named Roger Taylor is accompanied by a captionthat reads: “ Dr’s say those who find the camel are unlikely to get Alzheimer’s ”. The text in the photo reads: “ The test of the head is to find a camel, it’s a test to see who candevelop Alzheimer’s. Doctors say those who find the camel will stay far fromgetting Alzheimer’s”.  ",real,Meera Mehta
"Claim  An imageshared on Facebook by a user named Naveen Jain reads: “ This is a still image created by a Japanese Neurologist, Yamamoto. Asper the Neurologist, if you find it as a still image, you are healthy, if theimage appears to be shaky, you are a little stressed or you have not got asound sleep during night,  if you findthe image circulating, then you are stressed and you need some rest, if youfind the image moving fast, you are highly stressed and you need treatment .”  ",fake,Sameer Sharma
"Claim   A huge stash of currency notes can be seen in the video. This video is 40 seconds long. According to the message posted along with the video, it is from an Income Tax raid at BJP MP Rajeev Chandrasekhar’s bungalow in Delhi. The message urges social media users to share this video to unmask the corrupt side of BJP. Also, Rajeev Chandrasekhar’s has been misspelled as, ‘Rajiv Chandrasheher’. ",fake,Neha Rana
"CLAIM  In the viral post, some devotees can be seen performingkirtan while standing in the flood waters. The viral post claims that the videois of the ISKCON temple located in Vrindavan, Mathura where devotees areperforming kirtans and pujas in spite of flooding in the temple. Thedescription with the post reads “Due to heavy Rains in Vrindavan, Mathura,the ISKCON Mandir was flooded! Lord Krishna Devotees continue to do Keertan !!!🙏🙏Jai Srikrishna! 4 “",real,Yash Pandey
Claim  A viral post on social media reads:  Stop eating bakery items! It is strictly advised to not eat bakery items as it is not washable and get infected to the virus easily.  The post also has a logo of World Health Organization (WHO) and a photo of some bakery products. The archived version of the post can be checked  here .  ,fake,Yash Fernandes
Claim  An unusual image shared on Facebook by a user named Rose Taiapa is accompanied by a text that reads: The test of the head is to find a camel; it’s a test to see who can develop Alzheimer’s. Doctors say those who find the camel will be far from developing Alzheimer’s.” Click here to see the  archived version  of the post.  ,fake,Sameer Sharma
"CLAIM  In the viral picture, the Golden Temple of Amritsar can beseen decorated with lights. A large number of people in the photo are lighting diyasand candles outside the Golden Temple. Also, thousands of paper lanterns can beseen floating in the sky. The description with the post reads, “Diwalicelebrations at India’s ✨ Golden Temple, Harmandir Sahib.”",real,Ananya Choudhary
"CLAIM  A large skeleton can be seen in the viral photo. Some peoplecan be seen standing around the skeleton in the picture. In the post, it hasbeen claimed that this skeleton was excavated in Kurukshetra, Haryana. The descriptionreads “Archaeologists found a 80-feet long human skeleton which is similarto the description of Ghatotkach, the son of Bhima of Mahabharata.” ",fake,Riya Pillai
"Claim  The video shows Sonia Gandhi meeting with Sri Lankan Prime Minister Ranil Wickremesinghe. In the video, Dr Manmohan Singh can be seen following Sonia Gandhi. Sonia Gandhi is sitting in front of Sri Lankan Prime Minister, while Manmohan is sitting by her side. The video caption says, “Once during Prime Ministership of #DrManMohanSingh, Srilankan PM came to India on diplomatic visit. Kindly watch this 👆video. Rest is left to your observation skills. (no politics behind)🙏 Good Night..” ",real,Sameer Kulkarni
A photo is going viral on social media where Priyanka Gandhi can be seen wearing a cross locket in her neck. Many people are speculating about her religion while sharing this post. ,real,Rahul Khan
"Claim:   The viral photo claims that a decoction made of ginger powder, 4 cloves, and black pepper if consumed twice a day can cure the problem of slip disc. ",fake,Neha Rana
"Claim:   A viral photo on Facebook claims that two stones one carrying the other have been tied 1400 years ago by SAW. The address of the stones mentioned in the Facebook post is Airport Rd, Heliopolis, Cairo Governorate 11432, Egypt.    ",real,Karan Mehta
Claim  A viral post on social media reads: “CASHEWS are natural anti-depressants. 2 handfuls of cashews is the therapeutic equivalent of a prescription dose of PROZAC.” The post is shared on Facebook by a user named Jenna Lundgren.  ,fake,Divya Fernandes
"Claim  The viral post reads in Hindi: कतर में पतंजलि के सभी प्रोडक्ट बैन, नेचुरल बताकर खतरनाक केमिकल बेच रहे हैं रामदेव। (English:  All products of Patanjali banned in Qatar. Baba Ramdev is selling chemicals by calling them natural ). The post has been shared on Facebook by a user named Paras Solanki on the page Rajkotians ROX ( Rangilu Rajkot).   ",fake,Meera Rao
"Claim  The viral post on Facebook reads:  Coronavirus lives on the hands for 10 minutes, so putting a sanitizer in the pocket meets the purpose of prevention . The post is attributed to UNICEF as the source. The archived version of the post can be checked  here .  ",real,Ishita Kapoor
Claim  The viral video is shared with a claim: “Gujarat ke election me Muslims ko voting karne se police aur BJP walo ne roka” (English: Muslims were prevented from voting in the ongoing elections in Gujarat by police and BJP).  ,real,Anjali Iyer
Claim  The viral post is shared all across social media claiming that the National Aeronautics and Space Administration (NASA) recorded the sun’s sound and sun chants ‘Om’. The post is shared on Facebook by a user named Sandeep Anaberu. The post is viral across social media. You can view the  archived version  of the post here.  ,fake,Nandini Reddy
"Claim  A post shared on social media reads:  Microwave: A Danger to Human Health. The Japanese government decided to dispose of all the “microwave ovens” in the country before the end of this year and all citizens and organizations that do not meet the requirement, are threatened with prison terms. The reason for the ban on “microwave ovens” in the land of the Rising Sun was a research by scientists from the University of Hiroshima, where they discovered that “radio waves” cause greater harm to the health of citizens over 20 years, especially when using microwave oven and is more harmful than bombing Nuclear weapons of the American aircraft in September 1945. According to experts, food heated in a microwave oven has very unhealthy vibrations and radiation. Indeed, all the largest manufacturers of “microwave ovens” in Japan were closed where this product was manufactured. In 2021, the production of “microwave ovens” will be announced in South Korea, and China plans to abandon this type of technology in 2023.  ",real,Neha Fernandes
"Claim  The viral post shared on Twitter by a user named  कट्टर समाजवादी  states that: ‘ A man in Barhalganj, a town in Gorakhpur, Uttar Pradesh is infected with Coronavirus and is in a critical condition. The Hindi post reads in English: A man in Barhalganj is critical as he is infected with coronavirus. He has been admitted in a nearby hospital and during investigation, it was found that he got infected from coronavirus by eating chicken .” The archived version from the post can be checked  here .  

Claim 1: A man in Barhalganj, a town in Gorakhpur, Uttar Pradesh is infected with novel coronavirus and is in a critical condition.
Claim 2:  The man who is critical due to coronavirus in Barhalganj got infected by consuming chicken   
",fake,Manav Sharma
Claim  A video shared on Facebook shows a machine that produces white fumes. The video claims that the machine produces fumes and generates rain clouds. The video has been shared by the Facebook user Ankit Dwivedi. The video has a BBC logo on the top left corner.   ,real,Sameer Sharma
Claim  A viral post circulating across social media reads: “ A human body can bear only up to 45 DEL (unit) of pain. A mother feels up to 57 DEL of pain while giving birth which is equal to 20 bones getting fractured .”  ,fake,Pooja Nair
CLAIM  The viral post contains a 45-second video in which somepeople from Muslim community can be seen holding the national flag in theirhands and taking out a rally while chanting Bharat Mata Ki Jai. The post claims“Secular religion that once opposed BHARAT MATA KI JAY n. Now chantingVANDE MATARAM with Indian flag. Effect of abolition of Article 370 and 35A.#KashmirHamaraHai #KashmirMeinTiranga”.,real,Meera Mehta
Claim  The viral post on social media claims that cracking the knuckles can lead to arthritis.  ,real,Vikram Mehta
"Claim  The viral post on social media shared by a user named  Randy Fudgebrownie  reads: “ COVID-19, Take one minute and read. Be understanding !!! A Japanese doctor offers excellent advise on preventing COVID-19. New coronavirus may not show symptoms for several days (14-27 days). How can one know if the person is infected? By the time he has a fever and/ or a cough and goes to the lung hospital, the patient may have 50% fibrosis, and then it is too late. Taiwanese experts provide simple self-monitoring that we can do every morning: Take a deep breath and hold your breath for more than 10 seconds. If you can do this successfully without coughing and without difficulty, without anxiety or chest tightness, it shows you do not have fibrosis and generally indicate no infection. Check yourself every morning in a fresh air environment. The Japanese physician treating COVID-19 provides the best advise on preventing this:  Everyone should make sure that the mouth and throat are always moist. Drink some water every 15 minutes. Why not? Even if the virus gets into your mouth, drinking water or other fluids will help wash it down the esophagus into the stomach. When the virus is in the stomach – the hydrochloric acid in your stomach will kill the germs. If you do not drink enough water regularly, the virus can enter the airways and into your lungs, which is very dangerous to get. Spread the message .” The archived version of the post can be checked  here .  ",real,Pooja Chawla
"Claim  In the viral post on Facebook, the text with the photo of Javed Akhtar reads in Hindi: मुस्लिम बहुल कश्मीर में हिन्दू पंडितों को घरवापसी नहीं करने दे रहे इस का मतलब ये नहीं कि रोहिंग्या मुसलमानों को भी भारत से निकला जाय। भारत सेक्युलर देश है, हिन्दुओं के बाप की जागीर नहीं। (English: If Muslim-majority Kashmiris are not allowing to return to their homes, it doesn’t mean Rohingya Muslims should be moved out of India. India is a secular country, not only for Hindus).   ",fake,Divya Fernandes
"Claim  The post shared on social media by a user named Mohan Kashira reads: “ See the red circle closely! If u see.. No: *88* – Left eye is weak, No: *83* – Right eye is weak, No: *38* – Both eyes strong, No: *33* – Consult A Doctor, Both eyes weak.. This is one of the greatest simplest test designed by american ophthalmologists ..” The archived version of the post can be checked  here .  ",real,Aman Kaur
"Rumors about  Jawaharlal Nehru has always been a hot topic and best seller on social media. The latest in this line is a photo with Nehru’s alleged quote “I am English by education, Muslim by culture and Hindu by accident”.",fake,Ananya Menon
"CLAIM  The  viral post  has three photos. In the first picture, many men can be seen lying on top of each other in a confined jail cell. In the second and third picture, many people, including women and children, are seen sitting in a small place. The description of the post reads, “If it is acceptable for you to live under such circumstances, then you are bound to remain silent. A picture of Detention Center of Assam ,,,”",real,Kunal Verma
Claim  A post shared on Twitter claims that scientists discover how a class a drug can eradicate and epidemic. The post which is also a screengrab in a news format has a text highlighted that read:  Cocaine kills coronavirus . The archived version of the post can be checked  here .  ,fake,Neha Kapoor
"Claim  The post shared on Facebook by a user named Hammad Chaudry reads:   “Just in case you are wondering how much the media controls people, America has been vaccinating cattle for coronavirus for years, yet the news tells you it’s new and gunna kill you all so go buy mask….”  The post also shows a picture of vaccine named   Scourguard-4K Vaccine. The archived version of the post can be checked  here .  ",fake,Divya Verma
Claim  A message is doing rounds on social media that reads: “ This message is to inform you all that the dengue viral is going on. So please use coconut oil below your knees to your footsteps. It is an antibiotic. And a dengue viral can not fly higher than knees. So please keep this in mind & start using it. Spread this message to as much as you can. Your one message can save many life’s. ” The message is attributed to Dr. B. Sukumar of Sri Saisudha Hospital.   ,fake,Sameer Malhotra
Claim  Vishvas News received an image on Whatsapp to fact check. The image claimed that World Health Organization (WHO) and the Government of India have cautioned citizens by issuing an advisory for people not to use colors and products from coronavirus-hit China during Holi.    ,real,Varun Nair
"Claim  A video shared on Facebook by a page named DEMIC shows a smoothie made of 2 bananas, 5 kiwis, 2 apples with skin, 1 coat of cabbage, and 1/2 liter of water. In the video, it has been claimed that consuming this smoothie will cure diabetes and will also help in losing weight. The video has around 5.1 million views, 11000 comments, and 31000 shares.   ",fake,Karan Gupta
"Claim:   As per the viral Facebook video, the wild pigeon can cure hepatitis by ‘sucking’ out viruses from the navel of the person suffering from hepatitis. In the video, a man could be seen lying down and another person demonstrates how a pigeon could suck the virus of hepatitis from the suffering man by pressing the pigeon’s anus on the navel of the man. The video suggests that as soon as one pigeon dies, the pigeon should be replaced. When the pigeons stop dying, the patient is cured. The caption written with the video reads: “This is the treatment of cancer.”",fake,Ananya Menon
Claim  The post viral on Twitter shared by a used named Sadhavi Khosla reads: “ Use more and more camphor (kapur) at home… lighting a wee bit of camphor and inhaling its lingering aroma helps. You may make a beads (mala) of camphor with cotton and wear it around your neck to counter #AirPollution it helps a lot .”  ,fake,Manav Sharma
"Claim  The post shared on Facebook by a user named Maripi Makalintal reads:   URGENT WARNING! Also known as Tylenol and other names please google. Be careful not to take the paracetamol that comes written P / 500. It is a new, very white and shiny paracetamol, doctors advise that it contains “Machupo” virus, considered one of the most dangerous viruses in the world, with a high mortality rate. Please share this message, with all people on your contact list as well as family, and save a life or lives ….I’ve done my part, now it’s your turn … remember that God helps those who help others & themselves! Same as Tylenol Forward as received.  The archived version of the post can be checked  here .  ",fake,Aman Nair
"Claim 1:   As per the Facebook post (Screenshot given below), the first claim states that the tea made from papaya leaves can completely cure cancer of any stage in 60 to 90 days. Also, papaya leaves can cure stage 3 and stage 4 cancers in 35 to 90 days.
Claim 2:   As per the Facebook post (Screenshot given below), the first claimed is followed by the next statement which says that this it is the power of nature and is a study of  Balbir Singh Shekhawat  who is currently serving in Sikar district as a Govt. Pharmacist.     
Claim 3:   As per the Facebook post (Screenshot given below), the third claim states that as per research in the University of Florida (2010) and as per international doctors from the US and Japan it has been shown that papaya leaves have the potential to destroy the cancer cells. It has also been claimed that 10 types of cancers can be cured completely.
Claim 4: Claim 4:  As per the Facebook post, the fourth claim states that according to Nam Dang, MD, Ph.D., who is a researcher, papaya leaves can cure cancer completely. It can cure 10 types of cancer.
Claim 5:   As per the Facebook post (Screenshot given below), the fifth claim states that papaya tea is advisable to be taken till 3 weeks. It also claimed that the experiment will show the results in 5 weeks. ",real,Neha Reddy
"Claim  A Facebookpost claims that any type of poison (from snake poison to celphos poison) canbe cured on call immediately. The contact numbers were also mentioned on theviral post: 9893905661, 9754304435, 9425460326, 9753367868 and 9826430189. Thepost had been shared by a Facebook user named Shivraj Yadav. The post has 223reactions, 25 comments, and around 7200 shares.  ",fake,Yash Saxena
"CLAIM  In the viral picture, Prime Minister Narendra Modi can beseen walking with Abu Dhabi’s Executive Affairs Authority Chairman, KhaldoonKhalifa Al Mubarak. In the viral picture, Prime Minister Modi can be seenwearing UAE’s famous regional headgear keffiyeh. The post claimed, “Muslimskullcaps are forbidden in India but not in the UAE”.",real,Nandini Bose
"CLAIM  In this  viral video,  a man wearing a skull cap can be seen throwing stone at a bus. Many claims are being made with this video. Taking a dig, somewhere it is being written that “Delhi Police is maligning the esteemed Juman uncle, damaging government property in his disguise”. Another claim is “Juman Chacha giving his invaluable contribution to the progress of the country!” ",real,Aditya Saxena
"Claim  A post shared on social media by a user named Saroj Chaurasia reads:   Coronavirus has reached Purnia, a district in Bihar. The coronavirus-infected patient reached to Dr. Vinod Kumar but he wasn’t given the treatment. He was later referred to Bhagalpur. It further states that one should avoid meat and fish for 3 months and wear mask to protect yourself from Coronavirus .” The archived version of the post can be checked  here .  ",fake,Manav Sharma
"Claim  A description of the video reads: “A condolence meet is a joke, a photo opportunity for these politicians, watch for yourself. Paying ‘deferential obeisance’ to the army.” The video shows UP CM Yogi Adityanath laughing and chatting with other people while a coffin wrapped in the Indian flag is lying in front of them",real,Aditya Agarwal
"Claim  The viral post shared on Facebook reads: “ The proper way of wearing face masks: If we have flu, the white side should be our face (the colour side faces out) to filter the microorganism for spreading to others. If we are not ill, the white side should face out to protect microorganism from outside to have contact with us .” The archived version of the post can be checked  here .  ",real,Arjun Gupta
"Claim  A post shared on Facebook by a user named Kuleshwar Kumar reads: “ The greatest singer of the world, Lata Mangeshkar passes away. May God give courage to the family in this tough time .”  ",real,Yash Menon
"Claim   A post doing rounds on social media reads:  5 Second rule confirmed: if we drop this food on the floor, you can eat it (but be quick about it)! The post is also accompanied by a url . It has been shared by a page named  Dave, Ken, and Molly on 92.9 ZZU .   ",real,Rahul Trivedi
"CLAIM  The viral post has photo of a Shivalinga in it. The post claimsthat this is world’s largest Shivalinga at 108 ft and it is located in SriLanka.The claim reads: ” 108 feet Shivalinga in Sri Lanka is finallyready. This is the highest Shivling in the world, chant Har Har Mahadev.”",real,Divya Bose
"Claim  A message is circulating on social media with a claim stating that: “ mangoes and cold drinks, if consumed together, create a deadly combination in the stomach. There is citric acid found in mango which mixes with carbonic acid and forms an acid which is poisonous for human beings. Also, two people died as soon as they consumed cold drink after eating mangoes .” The post has been shared by a Facebook user Sandeep Thakur .  ",fake,Riya Saxena
"Claim:   The article shared on alternativenewsnetwork explains two cases dating back to December 2012. The first case was that of  Ryan Mojabi , whose parents described how ‘MMR vaccinations caused a ‘severe and debilitating injury to his brain, diagnosed as Autism Spectrum Disorder (‘ASD’).’ The second case described in the article is that of a girl named  Emily  who won compensation following vaccine-related brain injury that, once again, involved MMR and resulted in autism.  ",real,Neha Kaur
"Claim  The viral claim reads:   A 10 year old boy, had eaten pineapple about 15 days back, and fell sick from the day he had eaten it. Later when he had his Health check done, doctors diagnosed that he had AIDS. His parents couldn’t believe it. Then the entire family under went a checkup, none of them suffered from Aids. So the doctors checked again with the boy if he had eaten out. The boy said ‘Yes’. He had pineapple that evening.  Immediately a group from the hospital went to the pineapple vendor to check. They found the pineapple seller had a cut on his finger while cutting the pineapple; his blood had spread onto the fruits. When they had his blood checked, the guy was suffering from AIDS, but he himself was not aware. Unfortunately the boy is now suffering from it.  Please be careful of what you eat on the road side and if you must eat or buy fruits, make sure to buy the uncut ones. Take care and share this message with your loved ones. Who knows, you could or maybe saving a life if not lives in the process.   The Facebook post was shared by the page named ‘NDI IGBO.’  ",fake,Shreya Rao
"Claim  The description in the viral post says, “This is a joke around our judicial system? The NIA judge who released Aseemanand has joined BJP”. ",real,Arjun Joshi
"Claim  A post shared on social media by a page named Clean and Green Services reads:  Coronavirus Information Source: UNICEF. IF THE VIRUS IS EXPOSED TO A TEMPERATURE OF 26 – 27 DEGREES CELCIUS IT WILL BE KILLED, AS IT DOES NOT LIVE IN HOT REGIONS. ALSO DRINKING HOT WATER AND SUN EXPOSURE WILL DO THE TRICK AND STAYING AWAY FROM ICE CREAM AND COLD FOOD IS ADVISED . The archived link of the post can be checked  here .  ",real,Anjali Kulkarni
"Claim  A post is doing rounds claiming that in a school in Kerala, a vaccine is being forcibly injected in Muslim women. As per the claim, the vaccine causes infertility in women. The photo of the vaccine was also shared. Vishvas News investigated and found that the viral claim is false.   ",fake,Vikram Choudhary
"Claim  Facebook User  Devendra Sony  uploaded five photos of gold coins found during a dig. The photos were uploaded on Facebook by the user on June 4 with a claim that reads in Hindi: ग्राम पंचायत खेड़ली गांव रावण बाड़ी बैतूल में डैम खुदाई करते वक्त अंग्रेजों के जमाने का खजाना !!!! As per the claim, the gold coins shown in the image are found during a dig in Betul, Madhya Pradesh.   ",real,Siddharth Chawla
"Claim:   The viral video claims that Narendra Modi and Amit Shah have been involved with the Election Commission. According to the claim, some vehicles shown in the video (a school bus and a jeep) have been used to keep hundreds of EVMs in the strong room in the Sabzi Mandi area of Madhya Pradesh. Also, there were discrepancies in the counting of votes. The video was uploaded by a Facebook user ‘ Munirul Shekh ’. The video has around 15000 reactions, 1,080 comments, and 88,056 shares.   ",fake,Divya Fernandes
Claim  A post shared onFacebook by a page named Patriot Jaye Citizens Investigative Journalism reads:“ Cancer is a fungus called myotoxin not a disease and chemotherapy is mustardgas poison and healthy people are falsely being diagnosed with cancer sodoctors can get big bonuses from big pharma and alkaline foods keep you fromgetting cancer and keep your body’s pH level alkaline not acidy and acid inyour body PhD is what keeps your cancer fungus growing to depend onchemotherapy poison .”   ,fake,Kunal Iyer
"Claim  A Facebook post shared by a usernamed घरेलुनुस्केstated that a scientist from Britain claimed that if sprouted wheat is consumedfor 2 days empty stomach in morning, diabetes can be cured completely andconsuming the same for 3 days will never give you a heart attack.   ",fake,Aman Kaur
Claim  A post doing rounds on social media translated in English reads:  Not a single vegetarian has contracted coronavirus in the entire world.  The post is attributed to World Health Organization (WHO). The archived version of the post can be checked  here .  ,real,Nikhil Khan
Claim:   A viral photo claims that putting Cow’s ghee in the nose can help preventing hair fall and also helps in re-growing lost hair.,fake,Karan Nair
"Claim:  A viral post on Facebook shows a photo collage which purports to show a man with an artificial heart. The viral photo is accompanied by a caption stating that  the man’s name is Jubair Shaikh. An occultist robbed his house due to which he got a heart attack and doctors placed an artificial heart. The hospital bill costs Rs 19 lakhs which he cannot afford. Facebook has decided to help the man by transferring Rs 10 per share.  The viral post has been shared by a Facebook user Mohd Azeem. The post has 484 reactions, 386 comments, and 213 shares.     ",real,Ishita Nair
"Claim  Facebook user Yogendra Tnb posted a photoshopped picture of Prime Minister Narendra Modi along with a claim that reads in Hindi: गिरिराज सिंह अगर इनको पहचान गये हैं तो बोलकर देखें। सारी हेकडी छूमंतर हो जायेगी। (English: If Giriraj Singh has recognized him, then he should speak). The post has 210 reactions, 26 comments and 182 shares so far.   ",real,Sameer Kapoor
"Claim  In the viral post, a girl can be seen pulling a rickshaw. Post’s description says: A father made his daughter ASI by pulling the rickshaw. Salute to the Father.  Archived version of the viral post can be seen here.   ",fake,Sameer Saxena
"Claim  A viral post shared on social media by a user named Steve Young Boot reads:  A human body can bear only up to 45 “DEL” (unit) of pain,but A mother feels up to 57 DEL of pain while giving birth which is equal to 20 bones getting fractured at once.  The archived version of the post can be checked  here .  ",fake,Ananya Menon
Claim  The viral video shared on social media claims that a full rainbow is visible in Gujarat and this happens once in 100-250 years. The video is also viral on Twitter with different narratives.  ,real,Pooja Rana
Claim  A viral post on Facebook shared by a user named Bachcha Babu Yadav reads:  A new vaccine to cure coronavirus has been developed by US Scientists. US President Donald Trump has announced that Roche Medical Company will launch the vaccine this Sunday . The archived version of the post can be checked  here .   ,real,Sameer Kulkarni
"Claim  A viral post on Facebook shared by a page named  Mahendra Palecha  written in Hindi (translated to English) reads: Mustard oil can kill any form of the virus. Coronavirus is a respiratory disease that is spread through droplets from the nose when a person coughs or sneezes. If we inhale that virus-infected air, we get infected too. Using mustard oil, will cause the virus to stick to the walls of the nose and then prevents it from reaching a person’s lungs by killing the virus.” The archived version of the post can be checked  here .  ",real,Riya Choudhary
"Claim  A viral post on social media shows an image of a man with his face covered with ice. The photo is accompanied by a caption in Hindi that reads: “ मत करो मेरे देश के ‪फ़ौजियों‬ पे ‪शक़‬, तुम जहाँ ‪कदम‬ भी नहीं रख सकते, उन्होंने वहाँ भी ‪‎तिरँगा लहराया‬ है…!” (Do not doubt our soldiers, where you cannot even step, they have unfurled the tri-colored flag ). You can check the archive  link  of the post here.    Viral Post   ",real,Aditya Verma
"Claim  A viral post on social media shared by a user named  Jo Hunt  on January 7, 2020 shows a photo of two kangaroos jumping with the arms raised and looking towards the sky. The text alongside the photo reads:  #dancing in the #rain Let it pour down on Australia. #kangaroo #roo #kanga #wildlife #australia #australianbushfires #raindance.  Here is the  archived version  of the post.   ",fake,Aisha Agarwal
"Claim  A Facebook user ‘Sandeep Pandit’ has shared an image in which former Bollywood actress Monica Bedi is sitting with Pramod Krishnam, who is Congress candidate from Lucknow Lok Sabha constituency. The photo was accompanied with text:   आतंकवादी अबू सलेम की पत्नी लखनऊ से कांग्रेस उम्मीदवार प्रमोद कृष्णन के साथ मंच साझा करती हुई (English: Wife of terrorist Abu Salem sharing stage with Congress candidate from Lucknow Pramod Krishnan). ",real,Sameer Pandey
"Claim   On social media’s Facebook platform, a page named “Punjabi paris to ਪੰਜਾਬੀ ਪੈਰਿਸ ਤੋਂ” uploaded a video claiming that a lady ASI was arrested in Gurdaspur. Video’s description was: “ਗੁਰਦਾਸਪੁਰ ਲੇਡੀ ASI ਰੰਗੇ ਹੱਥੀ ਫੜੀ.! ਕਿਹਦੇ ਨਾਲ ਅਤੇ ਕੀ ਕਰਦੀ ਸੀ ਆਪ ਦੇਖ ਲਓ।” English Translation: Gurdaspur lady ASI arrested.”",real,Aman Nair
"Claim  A post is getting viral on social media claiming it to be a simple eye test. A red dot is visible in the post with a number written on it. As per the claim, the visibility of the number allegedly decides the strength of the eyes. The post reads: “See the red circle closely! If u see no. 88 Left eye is weak, No. 83 – Right eye is weak, No. 38 – both eyes are strong, No. 33- Consult a Doctor, Both eyes weak. This is one of the greatest simplest test designed by American ophthalmologists.” The post is shared on Facebook by a page named Life Care Clinic. On the viral post, the name and number of Dr. Himanshu Grover were also mentioned.  ",fake,Ananya Menon
"Claim:  As per the post circulated on social media,the venom of scorpion bite can be treated through a simple remedy. All you haveto do is take 5-7 matchsticks and mix with water. Use this on the affected areawhere the scorpion has bitten in order to reduce the poison effect.",real,Sameer Kapoor
Claim  A post shared on Facebook by a user named  Deep Sandeep  reads:  Honda is giving away 372 Free Honda Activa 5G Scooters to EVERYONE on its 72nd ANNIVERSARY. Hurry Up! Get your free scooter . The post is also accompanied by a link. You can check the  archived version  of the post here.  ,fake,Varun Nair
"Claim  A Facebook page named ‘ RTI Club Uttarakhand ’ has uploaded the viral message. The message has also been shared by various users on Facebook, Twitter, and Whatsapp. The viral message reads:  In the coming days, the temperature is expected to increase. This can cause an explosion in fuel tanks. This week, 5 explosion accidents happened due to excessive petrol .  ",real,Ananya Khan
"Claim  The viral post on Facebook shared by a user named  Ijoho Mson  reads: “ Share this message to any woman that you know. (If you are man and you receive this message please help forward it to the women around you), If you are a woman who is on her menstrual period then please do not do these 4 things; 1. Do not drink iced water, soda water, or eat coconut during menstruation.. Do not apply shampoo on your head because the pores of the head are open during menstruation and it can cause headache (hit the wind head), it is very dangerous and this effect can be felt when young and later when aged. 3. Do not eat cucumber during menstruation because the sap present in the cucumber can block some menstruation (blood waste) in the uterine wall and it can cause Barrenness! 4. In addition, during menstruation, your body should not be knocked or hit by hard objects, especially the abdomen because it can cause vomiting blood, the uterus can be injured. And these are the “ORIGIN OF UTERUS CANCER, CYSTS AND BARRENNESS Research proves, drinking ice during menstruation can cause menstrual blood remaining in the uterine wall, after 5-10 years can cause “UTERUS CANCER OR TUMOR”. Please this info is distributed to many women; mothers, wives, daughters, or girlfriends. Show concern for others. Love your woman. There is Beauty in Sharing … saving 1 woman, can get you an unexpected reward, this would be useful for women. Uterus Cancer or Barrenness will not be your portion… Source: LPKI (Indonesian Cancer Extension Institute).”  The archived version of the post can be seen  here .  ",fake,Meera Rao
"Claim  The viral video on Facebook claims that the low-quality tablets are available in the market that opens up into a tissue paper.  The man in the video states that medicine’s composition is not written on the cover of the medicine. Neither there is manufacturing date of the medicine nor there is an expiry date. Only the name of the medicine, Zota is mentioned.   ",fake,Neha Rana
"CLAIM  The post claims: ” Tonight at 00:30 to 03:30am make sure to turn off your phone, cellular, tablet etc & put far away from your body! Singapore TV announced on the news! Please tell your family & friends! Tonight 12:30pm to 3:30am for our Planet will be very high radiation! Cosmic rays will pass close to Earth, So please turn off your cell phone! Do not leave your device close to your body, it can cause you terrible damage! Check Google & NASA BBC News! Send this message to all the people who matter to you! Thank you. “",fake,Ananya Menon
"Claim:    A Facebook post claims that Marijuana contains “Alien DNA” from outside of our solar system, as per NASA. The viral post is also supported by a caption that states:  I agree with Baba Ramdev’s suggestion of legalizing Marijuana in India as it has medicinal properties. I agree with Baba Ramdev’s suggestion of legalizing Marijuana in India, as it has medicinal properties. As per Ayurveda, marijuana helps in curing knee pain and also maintaining proper blood circulation. As per NASA, marijuana is one such plant whose DNA doesn’t match with any other plant of the earth. Marijuana belongs to some other planet.  The viral post is shared by the Facebook user ‘A.K.Mishra’ on May 29, 2019.  ",real,Sameer Malhotra
Claim  A post doing rounds on Facebook by a page named OMG shows a blue-colored apple in a tree. The claim in the video reads:  Blue Apple Made in China.  The archived version of the post can be checked  here .    ,real,Neha Kaur
"Claim  The post doing rounds on Facebook by a user named Mohit Choubey reads:   “ Don’t eat cabbage, as per WHO report, the coronavirus stays in cabbage for a very long time. On usual objects, the strains last for at least 9-12 hours, whereas the strain of the virus lasts more than 30 hours on cabbage. People are advised to stay away from cabbage .” The archived version of the post can be checked  here .  ",real,Sameer Malhotra
"Claim:  The viral post was shared by the Facebook user ‘Manoj Yadav’. The user compared the alleged properties of Sadhvi Pragya and Kanhaiya Kumar and wrote: “ The total assets of Sadhvi Pragya Thakur’s are that of Rs 4 lakh 50 thousand whereas Kanhaiya Kumar, who is unemployed, has 18 crores, where from ?”   The post was shared more than 400 times. The same post is getting viral on Twitter and circulated over Whatsapp as well.   ",real,Aisha Rana
Claim  A post shared on Twitter by a user named  Marty love_dj  reads:  #coronavirusupdate  scientist have discovered that weed kills corona virus.  Along with the post a screengrab has been shared showing a dried bud and the caption with states:  W eed kills marijuana. The archived version of the post can be checked  here .   ,fake,Ananya Khan
"CLAIM  There is a video in the viral post, in which some women canbe seen beating a policeman. The video description claims “Watch and sharethis video of policeman beaten up for illegitimately demanding money fromvendors on Surat Highway.”  ",real,Aisha Agarwal
"Claim  Aviral post on Facebook claims that pricking a needle on the fingertips of astroke victim can save his life as he will gain consciousness in some time. Thepost further states that if the victim’s mouth is crooked, one should pull hisears until they are red and prick them until they bleed. Supposedly, thistechnique will stop capillaries in the victim’s brain from bursting. As per thepost, Chinese experts claim that this method is 100% efficient and it canreally help you to save someone’s life from a stroke  ",fake,Rohit Nair
"Claim  The viral post on Facebook claims that diabetes can be cured by having a spoonful of chutney made of fresh ginger (50 gm), fresh mint leaves (50 gm) and pomegranate seeds (50 gm) twice a day. Dr. Priti Dave of Sterling hospital, Rajkot has suggested this remedy for curing diabetes, as per the claim.  ",fake,Kunal Verma
"Claim  A post shared on Facebook by a user named  Jay Legg  reads: “ Drinking my miracle mineral solution. It has cured my autism, parasitesand depression. You should too .” The text is accompanied by a Wikipedialink of the miracle mineral solution. The photo uploaded in the post is that ofa bleaching solution.   ",fake,Nikhil Kaur
"Claim  A post shared on Facebook claims that if you pop a Combiflam pill, it may kill you. The message also requests its readers to share it with their family and friends. The viral message is circulating across social media platforms. Here is the  archived  version of the post.  ",fake,Tanya Chawla
"Claim:  A user Naresh Yadav shared an image on Facebook with a caption that says, “ Nirav Modi made a statement in London that he didn’t run away from India on his own, but was helped to escape. BJP leaders took a commission of Rs 456 crore for this. ”",fake,Karan Verma
"CLAIM  The viral post has a picture of a Shivling.  The post’s description says that this is the rare photo of the shivlinga of Mecca Madina. The post’s description reads: “For the first time in history, Shivalinga of Mecca Madina is shown here, all Hindus should share.”",real,Siddharth Sethi
"CLAIM  In the viral photo Bollywood actor Shahrukh Khan can be seenwearing a T-shirt, which has ‘Vote for MIM’ written on it. There is also a symbolof a Kite printed on it. The caption, written along with this picture, reads:“Shahrukh Khan is supporting Owaisi, Hindus must come together.”",real,Neha Kaur
"CLAIM  In the viral post, a person can be seen sitting in front ofa Buddhist monk with his head down and hand folded. The post’s caption reads:“144 years old Buddhist monk.”",real,Ishita Nair
Claim  A photo shared on Facebook by a user named ‘Hakeem AbdulGhani Ghani claims that: “A 105 years old baby is born in India”   ,real,Divya Rana
"Claim:   The viral video is shared by the Facebook page ‘Amar Ujala’. The post has  4.6 million views, 19000 reactions, 7317 shares, and 320 comments. The video is supported by a caption: “मेडिकल जगत में पहली बार- पेट की बजाय मुंह से प्रेगनेंट हुई महिला (For the first time in the medical world- a female impregnated via mouth rather than stomach). The video shares a grotesque tale of a 63-years-old South Korean woman who got pregnant by eating semi-cooked squids. As per the viral video, the incident has been also published by the Journal of Parasitology.",real,Pooja Rao
"CLAIM  In the viral post, Rahul Gandhi can be seen reading anewspaper. The photo has been posted with the caption “A person, who can’tread Hindi properly, is pretending to read Kannada.”",real,Aisha Sethi
"Some reports claimed that the Prime Minister inaugurated an already open All India Institute of Ayurveda. How true is this claim? Here is a Fact Check.  


The Prime Minister recently dedicated to the nation, the All India Institute of Ayurveda (AIIA) in New Delhi’s Sarita Vihar. Narendra Modi’s personal website and the BJP’s official twitter handle reported this as the inauguration of the first ever AIIA.


A few people in the Congress took exception and the National Herald even did a story saying the AIIA was opened 7 years ago and that the PM inaugurated something that was already open.  So what is the truth? Was the AIIA opened 7 years ago as claimed by the National Herald?

",real,Nikhil Khan
"India jumped 30 places to reach 100th rank in the latest EODB rankings of the World Bank. India’s jump by 30 places is the best for any country in 2018 though it is not the best ever.


Prime Minister Mr. Narendra Modi hailed India’s 30 place jump in the 2018 East of Doing Business (EODB) rankings of the World Bank. India’s overall rank improved from 130 in the 2017 report to 100 in the latest report. The Finance Minister Mr. Arun Jaitley also hailed India’s 30 place jump in the rankings. During a press conference, he said, “India’s 30 point jump is the highest any country had made in the doing Business rankings itself”. It is not clear whether he meant that this jump is the best in 2018 rankings or the best ever. So, is India’s jump the best ever?

",real,Shreya Rao
The government claimed that Swiss Bank deposits by Indians decreased during the current government while they increased during the UPA regime. Here is a Fact Check.  ,real,Varun Agarwal
"Claim: India’s spending on building a Library in Afghanistan is like 5 hours of what U.S. spends in Afghanistan. The U.S. President Donald Trump, during his press appearance at a cabinet meeting mocked India’s aid to Afghanistan i.e., Prime Minister Modi’s statement that India funded the construction of a library in Afghanistan. Here is a fact check of his claim.  ",real,Neha Fernandes
"In the last two days, there have been numerous stories written about how women can now have their maiden name in the passport and not change it after marriage.  Newspapers & various online media outlets picked up from the Prime Minister’s speech on the occasion of 50th year celebrations of Indian Merchant Chamber Ladies Wing. A closer analysis of what the PM said and how it was interpreted by the media reveals that it is a classic case of misreporting and trying to manufacture something that always existed.

",real,Rohit Reddy
"Claim: Under the UPA II, the average annual MSP growth rate was 19.3%, under the NDA government; this has fallen to 3.6% A press release issued in the name of former Prime Minister Dr. Manmohan Singh on 07th May 2018 mentioned about the MSP growth rates during the UPA II and the current NDA government. We fact check the claim.",real,Nandini Bose
"Claim: The ten years of UPA rule saw a considerable increase in expenditure on national security and defence, with an increase from 77,000 crore in 2004-05 to 1,93,407 crore in 2012-13. A section on the Congress party website talks about expenditure on various sectors during the UPA. Among other things, this section also talks about expenditure on Defence sector. Here is a Fact Check of the same.  ",real,Manav Agarwal
"Social Media has been abuzz with the following news for the last 3 days. The news refers to a RTI reply from the National Highways Authority of India (NHAI) which says if a vehicle is delayed for more than 3 minutes at a toll plaza, then one needn’t pay the toll tax. This reply was given to one Mr. Hariom Jindal, an advocate from Ludhiana. The reply was given by the Project Director of NHAI in their unit office in Jalandhar. ",real,Aisha Agarwal
"CBSE recently released the results of Class XII for the year 2017. Soon after these results were announced, the Deputy Chief Minister of Delhi Manish Sisodia, who also holds the education portfolio took to twitter announcing that Delhi Government schools did better than private schools for a second year in row. He also said that pass percentage ofDelhi Government schools is 88.27% & private schools is 79.27%.


He went onto tweet that Delhi government schools had 2% better results than private schools in 2016 and in 2017, the lead increased to 9%.



In fact, in a rare case of a BJP Minister appreciating AAP, union minister for Urban Development, Venkaiah Naidu tweeted a Times of India story on these results and said that Delhi government schools taking a 9% lead over private schools is impressive.



Almost all media houses like the Times of India, The Hindu, India Today , First Post, Hindustan Times shared these statistics. Times of India has also done an infographic on the Delhi results.

All the media houses went by what Manish Sisodia tweeted and did not care to check the data released by CBSE. CBSE put out a detailed statistical statement like every year and this tells a different story.


",real,Sameer Pandey
"Claim: The previous UPA government constructed only 25 lakh houses in their last 4 years where as the current government in the last 4 years constructed 1.25 crore houses, a difference of 1 crore houses. The Prime Minister Narendra Modi claimed that the previous UPA government constructed only 25 lakh houses during their last 4 years. ",real,Ishita Khan
"Claim: TRS Government stopped the Fee-Reimbursement Scheme  Rahul Gandhi alleged that the TRS government stopped the fee reimbursement scheme that was started during the Congress government. Rahul Gandhi visited Telangana and addressed a public meeting in which he made a lot of claims. We fact check some of his claims.   Congress Vice-President Rahul Gandhi visited Telangana on June 1st and addressed a public meeting in the Sangareddy district. During the course of his public address, he made allegations/claims against the ruling TRS government in Telangana & BJP government at the center. Here is a fact check on some of his claims. ",real,Arjun Bose
"One Mr. Nithin Nair posted on Facebook explaining how he was issued a challan and penalised for offering lift to unknown persons when it was raining heavily. We look at the relevant provisions of the MV act and fact check this claim.


A Facebook post by one Mr. Nithin Nair went viral a few days ago. In his post, he mentioned how the traffic police issued him a  challan for giving lift to unknown persons standing on the road. He also mentioned that he was booked under Sections 66 & 192 of the Motor Vehicles act. Is giving lift to unknown persons really on offence? What does the MV act say? Here is a fact check.



",real,Tanya Nair
"In the last few days, a circular in the name of an advisor to AICTE has been shared widely across social media. The crux of the circular is that the AICTE has scrapped the 75% attendance rule in all B.E/B.Tech courses and is introducing vocational projects instead of mandatory attendance. The circular is addressed to all the directors & principals of AICTE approved institutions. The circular mentions the following.

Latest statistics from a recent survey conducted by the National Sample Survey Office (NSSO) & AICTE in late 2017 indicate that 57.43% of the engineering graduates are unemployed
93% of the engineering graduates are unable to code in any of the programming languages
Rote learning & cramming remains popular with students for clearing examinations
Considering the statistics, the Ministry of Human Resource Development (MHRD) has decided to scrap the 75% attendance rule from 18th January 2018. Instead, students have to submit a vocational project related to their hobby or subject each semester. The degree would be awarded only to those who submit these projects and complete 3 mandatory internships.
The alleged circular then goes onto ask institutes to make relevant provisions and that detailed documents would be made available later both on the MHRD website as well as the AICTE website.AICTE 75% Attendance rule_1

",fake,Neha Nair
"Manmohan Singh made more foreign trips than Narendra Modi was the statement made by BJP President Amit Shah recently in Palampur of Himachal Pradesh.



But is Amit Shah’s statement true? Here is a fact check based on the data on the website of the Ministry of External Affairs.

",real,Ishita Nair
"BJP National President, Amit Shah,  claimed in a press conference in Delhi that BJP has lost 13 seats where the margin is less than the NOTA, including 6 in Bengaluru region in the recently concluded Karnataka assembly election. Below is a screenshot from the press release uploaded on the BJP website.Amit Shah wrong about Karnataka Elections_1

The video uploaded by the BJP also confirms that Amit Shah did make this claim.



",real,Pooja Chawla
"Actress Sridevi was accorded a State Funeral and the National Flag was draped around her coffin. Was she accorded the state funeral because she was a Padma awardee? Here is a fact check.


Actress Sridevi was accorded a ‘State Funeral’ and the national flag was draped around her body. Twitter was abuzz with speculation that the ‘State Funeral’ to Sridevi was because of her being a Padma Awardee. Is it true that Padma awardees are accorded a ‘State Funeral’? Here is a Fact Check.

",real,Sameer Kulkarni
"Claim: Modi government paid off the pending bills of the Oil Bonds. Many BJP leaders including the petroleum minister were quoted as saying that the current government repaid more than  Rs 1.5 lakh crore worth oil bonds which were issued during the previous UPA government. What is the truth? Many BJP leaders including the petroleum minister were quoted as saying that the current government repaid more than  Rs 1.5 lakh crore worth oil bonds which were issued during the previous UPA government. The BJP’s official twitter handle put out an infographic which claimed that the current government repaid pending oil bonds worth Rs 1.3 crore with an interest of Rs 40,000 crore. What the economist PM Manmohan Singh said & did on petroleum prices? He said that money does not grow on trees & left unpaid bills of oil bonds worth Rs. 1.3 lakh crore. Modi govt paid off the pending bills with interest because ‘we should not burden our children’. #NationFirst pic.twitter.com/Z8zTV1kG1i — BJP (@BJP4India) September 10, 2018  ",real,Meera Mehta
"This is the age of fake & false news. Not a day passes without coming across at least one fake/false news story. In the past few days, a message has been going around on WhatsApp that the government is obliged to give compensation worth ten times the average annual income of the last three years to that person’s family who dies in an accident. The message also says this is based on a particular section of the Motor Vehicles Act 1988 (MV Act) and a Supreme Court judgement in a related case. Both the claims are false as we explain below.

",fake,Sameer Pandey
"Claim: GDP growth rate was 8.02% during the UPA government’s tenure while it is only 5% under NDA government. Soon after the GDP growth for quarter-1 of 2019-20  was known to be a poor 5%, the Congress party uploaded an infographic with a bunch of claims on GDP growth, Unemployment rate, Exports growth etc. Here is a fact check of these claims. On 02 September 2019, the Indian National Congress posted an infographic comparing the GDP, Unemployment Rate, Exports Growth and Car Sales growth in India during the Manmohan Singh led UPA government’s tenure and the current NDA government led by Narendra Modi. Here is a fact check of these claims.  ",real,Rahul Kulkarni
"Various newspapers had published a PTI story saying there was a massive reduction in the education budget by the new UP government. Political parties also picked up the story without cross checking the facts.        The Uttar Pradesh government headed by the BJP presented its first budget recently. The very next day, PTI ran a story which was published by websites like the Business Standard as an automated feed that the UP   government has slashed funds for education in the 2017-18 budget.  Soon after, the Congress Vice- President, Rahul Gandhi also tweeted the Business Standard story. Great move CM Yogi – next you can save some more money by closing all the hospitalshttps://t.co/1CCqrb5crf — Office of RG (@OfficeOfRG) July 15, 2017  The Aam Aadmi Party posted this picture on its Facebook page. The AAP also seems to have taken the numbers from the PTI report published in Business Standard.  So what is the truth? However, the UP government’s Budget documents tell a different story. Below are the links to the official budget documents There is a primary difference between the nature of budgets for the year 2016-17 and 2017-18 in the way the allocations are made. The central government and most state governments have done away with the Plan/Non-Plan mode of budgeting to Revenue/Capital budgeting. Even UP has done the same. Despite this change, the allocations have increased and not decreased.   Compared to the budget estimates of 2016-17 by the Akhilesh Yadav government, the education allocation in 2017-18 budget estimate has gone up by over 25%. The allocations have increased in Primary, Secondary as well as Higher education sectors. If one compares the revised estimates of 2016-17, the increase in allocations is over 30%. Even PRS Legislative Research has noted the same in their analysis of the UP Budget 2017-18. PRS noted that compared to the budget estimate for education in 2016-17 of Rs 49808 (including the budget of SCERT), the 2017-18 budget estimate for education increased by Rs 12500 crore.",real,Kunal Rana
All hell broke loose on Monday evening when the government announced that Jio Institute has been shortlisted to be among six educational institutions in the country which will get a status of 'Institution of Eminence'. People questioned how come an institute which can't even be found in a Google search get the status of Institution of Eminence?,real,Riya Kaur
"  Several photos and videos surfaced on social media within few hours of the tragic crash of Lion Air flight JT-610 into the sea on Monday in Indonesia with 189 people on board. One such post shared on Facebook more than thousand times claimed by the users as a baby rescued, miraculously from the unfortunate Lion aircraft. This apart a video also shared by hundreds on Facebook claimed that this was the last moments captured inside the Lion aircraft JT-610. ",real,Kavya Rana
"The issue of farm loan waiver is said to be one of the main factors which contributed to the victory of Congress in assembly elections. But is Congress president Rahul Gandhi retracting from the promise of loan waiver within 10 days, even before the new Congress governments are formed in Rajasthan, Chhattisgarh and Madhya Pradesh? This is being claimed by thousands of people on social media. The video has been made with clubbing two clips to convey misleading message.Two well-known right-wing Facebook pages - ModiNama and Nation with NaMo -- put up videos claiming how Rahul has already retracted from his statement on loan waiver. The video being shared by these pages has been made putting together two separate video clips. The first clip is from Rahul's election speech in Chhattisgarh and the second clip is from the press conference in New Delhi post elections result on Tuesday."", 'The message in ModiNama video reads: ""Waade se palte Rahul (Rahul retracts from his promises)"". The 43-second-long video carries ""before and after"" videos of Rahul with a message, ""Jeet ke 24 ghante ke andar hi dikha Pappu ke asli rang (Within 24 hours, Pappu (Rahul) shows his true colours.The Nation with NaMo page also put up similar video of Rahul with a caption: ""Rahul Gandhi goes back on loan waiver promise 24 hours after election results"".In the first window of the ModiNama page, the video clip with a caption, ""Chunav jitne se pehle"", shows a portion of Rahul\'s election speech. Here, he promised to waive off farmers\' loan within 10 days if the Congress comes to power.In the second window, the video with a caption, ""Chunav jitne ke baad"", shows a small portion of the Congress president\'s press conference where he begins by saying, ""Karz maafi solution nahin hai..."" (loan waiver is not the solution).This post has been already been shared on Facebook more than 22,000 times at the time of filing the story. ModiNama has nearly 19 lakh followers.'",real,Nikhil Kaur
"Many people on social media are astounded and amused by a video clip where a martial artist is expertly playing ping-pong with a Nunchaku -- a traditional martial art weapon rather than a paddle. The black and white clip has been posted and shared by many on Facebook claiming that this is the rare clip of martial arts star Bruce Lee playing ping-pong with Nunchaku in 1970. Users like Sumita Chakraborty posted this clip recently on Facebook, saying, ""A priceless clip of 1970 of Bruce Lee playing Table Tennis with his Nan-chak !! His focus on speed, reflexes and accuracy was absolutely incredible""  The archived version of the post is saved here. ",real,Yash Nair
"Nobel laureate Amartya Sen has long been a critic of Prime Minister Narendra Modi and his policies. But did he ever say in an interview that watching cartoon is better than watching oath-taking ceremony of Modi? Many on Facebook have posted an article published by Bengali blog Bharat News’, claiming that the noted economist has said this in an interview to a British media organisation.  ",real,Shreya Rao
"Just a day after trolls questioned the authenticity of the pictures Congress president Rahul Gandhi shared from his Mansarovar yatra on social media, he was forced into another controversy for a photograph in which he was seen standing with a pilgrim with a stick in hand. Sadhvi Khosla was among the first who shared it on Twitter and soon it was being shared and commented widely. The man with whom Rahul is seen in the picture is Mihir Patel, an engineer from Ahmedabad in Gujarat. The twist in the story surfaced when Union minister Giriraj Singh made an allegation through his Twitter account (@girirajsinghbjp ) that Rahul's picture was photoshopped. He wondered ""where the shadow of the stick vanished""? Thousands of people retweeted and liked Giriraj's tweet and soon a full-fledged debate ignited on social media about the mystery of missing shadow of the stick which Rahul was holding. ?? ?? ???????? ?? ...???? ?? ?????? ????? ?? ? pic.twitter.com/me3ke7m17x ",real,Meera Kapoor
"After more than a thousand cases of coronavirus were traced to a Tablighi Jamaat congregation in New Delhi's Nizamuddin area, its chief Muhammad Saad Kandhalvi or Maulana Saad is at the centre of controversy with police sending him a couple of notices regarding the gathering. Amid this, a message has gone viral claiming that according to English newspaper ""News Letter"", Maulana Saad donated Rs 1 crore to the Prime Minister's Relief Fund to fight coronavirus. The message, along with an image of ""News Letter"", is circulating on WhatsApp, Facebook and Twitter. The viral image shows the front page headline of ""News Letter"" dated March 30, 2020, saying, ""On March 28th, Molana Saad donated an amount of 1 core to the PM MODI Relief Fund."" This comes with a picture of Maulana Saad and some text. READ POST HERE",fake,Arjun Gupta
"A video of school children touching the feet of a soldier is going viral on social media, and users hope’ that stone pelters in Kashmir behave the same way. Facebook user Ramdeo Angh shared the video with the Hindi caption: Kash ke Kashmir ke pathharbaaz inn naujawano se kuch sikhte #bhartiyasena# INDIANARMY (only if stone pelters in Kashmir could learn something from these youngsters).  ",real,Tanya Chawla
"Amid violent protests across the country against the Citizenship (Amendment) Act, especially in West Bengal, a picture of an unconscious man in khaki uniform is going viral on social media. It is being claimed that a CRPF jawan was killed by anti-CAA protesters. The picture was posted by Facebook user Ashish Raj in a group called WE SUPPORT NARENDRA MODI. The Hindi claim along with the picture translates to, There’s very sad news. CRPF jawan Dharmendra bhai became a victim of anti-CAA protesters. OP Meena is seriously injured. Heartfelt tributes. ",real,Divya Kulkarni
"A heartbreaking image of corpses of dogs dumped allegedly in Gujarat is getting viral on social media. It has been claimed that the stray dogs are being killed in Gujarat ahead of United States President Donald Trump's India visit. Along with the first lady Melania Trump and his delegation, Donald Trump will be in India for his two-day visit on February 24 and 25. They will cover Ahmedabad in Gujarat, Agra in Uttar Pradesh and Delhi. Prime Minister Narendra Modi and Donald Trump are also expected to inaugurate Ahmedabad's Motera cricket stadium at a public reception event on February 24 being named as ""Namaste Trump"". ",real,Divya Verma
"Netizens have started slamming Gujarat BJP government over a photo showing some kids sitting on jute mats - who appear to be studying in a filthy alley. The photo is getting viral on social media with a claim that it's the condition of a government school in Gujarat. The post also claims that the government spends Rs 4,000 crore on Kumbh festival but spends Rs 400 crore on education in the country.  ",fake,Divya Fernandes
"As India celebrated its 73rd Independence Day on Thursday, a video of jets performing an air show has gone viral on social media. The claim The claim attached with the video says it is the celebration of India's Independence Day at Trafalgar Square in London. The video shows jets flying in a pattern and producing smoke trails of green, white and red.  ",real,Divya Kulkarni
"Is there a 'floating rock' in Jerusalem? A Facebook post with an image of a boulder claims to show it is miraculously floating in the air in the Israel capital. Facebook user 'Gopidas Debnath' uploaded the post which says, ""There is a 'Floating Rock' in Jerusalem, floating in air from thousand's of years. After many researches, still there is no explaination of it."" He captioned the post, ""Floating rock. Is there any explanation?""",real,Yash Saxena
"A set of two photos has gone viral on social media with the claim that a 28-year-old doctor in Maharashtra, Dr. Maneesha Patil, has died of Covid-19 while treating patients infected with coronavirus. While one of the photos shows a woman with a stethoscope around her neck, the other shows a woman and a man in medical costume. ",fake,Neha Iyer
"Heavy rains have wreaked havoc in various parts of India, including Himachal Pradesh and Uttarakhand. Amid this, a video is going viral on social media showing a massive mudslide with trees sliding down a mountain. It is being claimed that the video is from Arakot village of Uttar Kashi district in Uttarakhand. In the video, people can be seen running in panic. ",fake,Divya Fernandes
"Many people are in panic about job loss and salary cuts as they fear that the economy will face the worst possible downturn due to the ongoing nationwide lockdown. This panic has not spared the pensioners.A message has been circulating on WhatsApp and Facebook that the government is going to slash the pension of employees by 30 per cent and terminate it for those above the age of 80.As per the viral claim, this is in order to divert funds towards managing health services and tackle the adverse effects of the coronavirus pandemic in the country.In support of their claim, some netizens are also forwarding a news article of ""Rediff"" published on April 6, 2020, with a headline saying: ""Govt may slash pension to employees to by 30%""",real,Rahul Menon
"A collage of two photographs apparently depicting the struggle story of French politician Najat Vallaud-Belkacem is going viral on social media. The post claims that a young girl shepherd from Morocco grew up to be France’s education minister 20 years later. Facebook user N H Partho was among many who posted the claim. Partho’s post was liked by more than 1,700 people and shared by scores of others at the time of filing this story. ",real,Divya Bose
"A video of a motorcycle accident has gone viral on Facebook with the claim that Tamil actor Ajith Kumar suffered a mishap during shooting. Facebook pages such as Tamil Kickass and Kollywood Newz have used a 22-second video clip showing a biker falling off the edge of a quay, and along with his motorbike, landing on a boat. The archived versions of the two posts can be seen here and here.   ",real,Karan Mehta
"Even as the government tries to push more Indians to go cashless, a video tweeted by business tycoon Anand Mahindra has left social media users worried about the credit and debit cards as digital mode of payments. Is this really possible? Scary stuff. On the other hand, the next time a cashier gives me grief and asks for my pin code I would be happy to turn and show my rear... pic.twitter.com/ILXHxqI5Sq The video shows a man secretly tapping the pocket of another man and completing a transaction. The man from whose pocket the card is 'tapped' stands unaware of what has happened. The location of the video could not be traced but is enough to draw our attention towards the issue. The 'victim' of the fraud transaction is said to have a 'paypass' card in his pocket. The man shooting the act asks people to be 'beware' of such a fraud. Looking at the video it can be concluded that it has not been shot in India.
 So, is it possible that a transaction is possible with a simple scan of a card from a little distance",real,Arjun Gupta
"A picture of Delhi chief minister Arvind Kejriwal walking down a narrow alley along with other people is going viral on social media. In the photo, the Aam Aadmi Party leader's shirt appears to be wet, and it is being claimed that a woman threw dirty water at him. Facebook user ""Hardik Goyal"" posted the picture on social media with a claim in Hindi that translates to, ""It has started. A woman threw the same dirty water at Kejriwal that is coming through taps."" The archived version of the post can be seen here. ",real,Neha Kapoor
" thís message that has been doing the rounds mostly via WhatsApp and emails ""12.30 August 27th you will see two moons in the sky, but only one will be the moon. The other will be Mars. It won\'t happen again until 2287. No one alive today has ever witnessed this happening.""', 'The same message is also being circulated in other languages other than English on WhatsApp groups.', ""But beware! Don't believe this! Don't stay up till midnight staring at the night sky looking for this spectacular celestial event! Because it's never going to happen! Never, ever!""",real,Neha Mehta
"Much has been written about Netaji Subhash Chandra Bose, but the same cannot be said about his wife. And this is probably why many social media users have fallen for a black-and-white photo of a foreigner wearing a saree, claiming her to be Netaji’s wife Emilie Schenkl. Facebook pageVijeta Malik BJP uploaded the woman’s picture, along with a long write-up, claiming that the photo is of Netaji’s wife Emilie. Till the filing of this story, the post had been shared almost 800 times. The archived version can be seen here.  Many Facebook, YouTube and Twitter users have shared the same photo and claim.  ",real,Arjun Joshi
"Assam's National Register of Citizens (NRC) has sparked a national debate on citizens versus aliens, alleged witch-hunt against ethnic minorities and on 40 lakh people expected to be stripped of their land and voting rights in the north-eastern state.",real,Ishita Nair
" Facebook post with a collage of three images showing an ailing woman and a kid and a crying man has gone viral with an emotional appeal related to coronavirus.', 'The viral message on the Facebook post looks as if the man is appealing for prayers and more Facebook shares because his wife and daughter are suffering from coronavirus.', 'The caption reads "" My wife and daughter are infected with corona virus please pray for them I don\'t want to loose them...Oh heavenly Father deliver any one who share this prayer from any form of CORONAVIRUS and DEATH.. I\'m not asking for money just a single share and prayers. Please share to atleast 5 groups on Facebook so they can get more prayers don\'t be heartless to help a dying child and mother."" (sic)', 'The Facebook post also has a link to a blogpost which also asks the user to click for prayer.', '', ",real,Neha Iyer
"With the announcement of the Lok Sabha election dates, the issue of Electronic Voting Machine (EVM) has made a comeback on social media. Amid all the hullabaloo, a Facebook post has gone viral, claiming that Prime Minister Narendra Modi boycotted the EVM when he was not in power.

",fake,Nandini Bose
"The Congress stands a divided house over the government’s move to revoke Article 370 in Jammu and Kashmir. Several Congress leaders such as Jyotiraditya Scindia, Deepender Hooda, Bhubaneswar Kalita and Janardan Dwivedi have voiced their support for the Narendra Modi government. This was reported widely in the mainstream media. The claim Amid this, a message in Hindi is doing the rounds on social media, attributing it to former Prime Minister Manmohan Singh. The message claimed that Singh said the Congress will have to pay a huge price like staying away from power for years for going against the NDA government’s decision on J&K. But even then we are ready to sacrifice the party’s interest to save our nation.  ",real,Ishita Mishra
"A message along with a video of a police officer is going viral on social media. The message states that from midnight onwards (no date mentioned), the Disaster Management Act has been implemented across the country, as per which apart from government departments, no other citizen is allowed to post any update or share any forward related to the novel coronavirus. It is a punishable offence so admins are requested to inform their group members, the message reads. With the message, a video of a police officer is attached who can be heard saying that if a person posts anything offensive, then the group admin will be responsible and will also face legal action. ",real,Aisha Agarwal
"Scientists across the globe have been racing against time to develop a treatment for the deadly Covid-19. The Oxford University is even awaiting positive results from its human trials of the coronavirus vaccine. In such a situation, social media is full of remedies to cure or prevent a coronavirus infection. Recently, multiple news reports have cited a study to claim that the anti-tuberculosis Bacillus Calmette-Guérin (BCG) vaccine may be effective against Covid-19. This claim is viral on Facebook and WhatsApp.  The archived version of the post can be seen here.",real,Rohit Reddy
"The fifth International Yoga Day on Friday covered the internet with a plethora of images of people performing yoga at different locations around the world. A day before, the Indian Navy spokesperson also tweeted a pleasing picture with the hashtag #InternationalDayofYoga in which a group of people can be seen performing yoga at a beach during sunset.  #InternationalDayofYoga #IndianNavy personnel doing #yoga at Kamat beach in Karwar Naval Base, Katnataka pic.twitter.com/62K3YrqsRB Some 10 minutes later, news agency ANI tweeted the same image, following which netizens started trolling it for posting an old picture. The archived version can be seen here.  Karnataka: Indian Navy personnel perform yoga at Kamat beach near Naval Base in Karwar pic.twitter.com/Ew6pwEVnk0 ",real,Manav Bose
"Is the Centre reintroducing the controversial Financial Resolution and Deposit Insurance (FRDI) Bill 2017 in Parliament? A few social media users would certainly have one believe so. The contentious Bill, introduced in 2017, had a 'bail-in' clause for resolution of bank failure which had led to fears that customer deposits could be used to bail out a failing bank. ",fake,Nandini Bose
"A group photograph has gone viral on social media with the claim that this is the family of the world's most prolific mother, who has given birth to 69 babies. Facebook page ""Sarcasm World"" posted the photo with the caption, ""The record for most babies born to one woman is 69. Mrs. Vassilyeva from Russia gave birth to 16 pairs of twins, seven sets of triplets and four sets of quadruplets."" The archived version of the post is saved here. ",real,Varun Agarwal
"Did ""Shraddha Kapoor"" slam the Congress over the alleged Machil fake encounter case of 2010? A ""tweet"" posted by Facebook page -- I Support Narendra Bhai Modi Bjp -- has gone viral, claiming that the actor criticised the Congress over the incident.",real,Manav Rana
"Two videos of agitated passengers arguing with officials at an airport lounge have gone viral on social media with the claim that the incident took place on Wednesday at Terminal 3 of Delhi's Indira Gandhi International Airport (IGIA). In the videos, some passengers could be heard screaming ""shoot us"", ""we do not feel safe here"", ""we do not want to stay here"" and ""please give back our passports"". Facebook users such as ""Parvinder Singh Sethi"" and MercyPou Jonathan Panmei claimed passports of arriving passengers were being taken away and not returned till the tests were done, in an apparent reference to the coronavirus scare.  ",real,Aditya Agarwal
"With all domestic and international flight services suspended as part of the coronavirus lockdown, a picture of a BJP MP's wife on a flight has gone viral on social media. The post claims that the wife of Saumitra Khan, BJP Lok Sabha MP from Bishnupur in West Bengal, flew to Kolkata on a SpiceJet flight during lockdown, at a time lakhs of migrant workers are covering thousands of miles on foot to reach their homes. ",fake,Shreya Iyer
"After the meeting of West Bengal chief minister Mamata Banerjee with Union Home minister Amit Shah in New Delhi on September 19, an image of the duo has gone viral. The viral image shows both of them holding a white envelope, purportedly with 'Jai Shri Ram' written on it with the diagram of a temple in the background.  ",real,Simran Chawla
"Stories of newly found islands always captivate our imagination! An edited YouTube video claims that a mysterious new island has suddenly come up off the coast of Mumbai. This video has created quite a buzz on social media as many shared it believing the story to be true. 'This one-minute fourteen-second long video was uploaded on Youtube on December 27 last year. The caption reads ""#floatingisland Floating Island spotted near coast of Mumbai. ",real,Siddharth Kulkarni
"At least 10 people were killed and over 150 injured in the violence in Delhi till reports last came in. Head constable Ratan Lal was among those killed, while 56 policemen, including Shahdara deputy commissioner of police (DCP) Amit Sharma, were injured.', 'On social media, there are claims that DCP Sharma has succumbed to injuries. Facebook user Subhash Kumar Saw wrote a post in Hindi which translates to, Very sad news from Delhi. After constable Ratan Lal Yadav became a victim of jihadi stone pelters, DCP Amit Sharma too lost his life due to bullet injuries.', ",fake,Nandini Bose
"Discussion about cannibalism can be both disturbing and disgusting for most people, but a post is being shared widely on Facebook with the claim that a restaurant in Japan is serving human meat. ",real,Kunal Nair
"A few days ago during his election campaign, Prime Minister Narendra Modi sparked a controversy by accusing former PM Rajiv Gandhi of using navy warship INS Viraat as his ""personal taxi"" for family vacation. Many Facebook users have now accused Finance Minister Arun Jaitley for misusing a navy helicopter for personal use. Facebook user Samuel George posted a picture of Jaitley along with army officers and a chopper in the background. The caption reads: ""Arun Jaitley as Defence Minister used an Indian Navy chopper to ferry his family to a wedding in Goa."": Look the family behindall on official duty? #Hypocrite.""  ",real,Meera Mehta
"With more than 93,000 infected and over 3,200 deaths across 80 countries, the coronavirus scare is only getting worse and reaching newer territories. At the same time, misinformation regarding the virus is fanning panic among netizens. Not even celebrities are spared. An Instagram post claims that American rapper Marshall Bruce Mathers, popularly known as Eminem, has been diagnosed with coronavirus. The post by factcurse on February 6 claimed, In a statement released by doctors, it has been revealed that his plams (palms) were sweaty, kees (knees) weak and arms were heavy. He presented with vomit on his sweater already. The archived version can be seen here. ",real,Karan Nair
"With Finance Minister Nirmala Sitharaman announcing welfare measures, including a financial package, for poor to help them during the lockdown period, a social media post attributing Jio has gone viral. Many people on WhatsApp have shared a link claiming that by clicking on it, people will get Rs 498 as free recharge. One of the social media users claims in Hindi that translates to, At this time of crisis, Jio is offering a free recharge of Rs 498. Click the link below to get the free recharge done. The offer is valid till 31st March. A Facebook user also claims, Jio free recharge Rs 498 all users. Many people have shared different links with the same claim. ",real,Karan Bhatt
"Safety of women using Public Transport remains one of the biggest safety worries. But is there any way a woman commuter can ensure GPS based emergency assistance by just sending an SMS?A post claiming one touch assistance for women travellers recently went viral, with over 53,000 shares on Facebook soon after a woman in Panchkula near Chandigarh alleged gang-rape by 40 men.The post has a photo of Punjab Director General of Police (DGP) Suresh Arora with a message for solo women travellers. It reads ""Suchna: Akele Safar Karne Vali Mahilaon Ke Hit Main Jankari. Aap jab Bhi Akele Taxi Main baithe Ho To 9969777888 Per SMS Ker De, Aapke Vahan Per GPRS Se Nazar Rakhi Jayegi\' (Information: Good news for women travelling alone. If you travel alone then SMS the vehicle number to 9969777888 and then your vehicle will be tracked via GPRS. The message is regularly shared on social media after reports of any heinous crime against women, which gets widespread publicity.)",real,Simran Chawla
Has Prime Minister Narendra Modi topped the list of '50 most honest politicians released in the United States'? Several Facebook posts claim Modi has ranked number one in the list. ,real,Aman Malhotra
"Amid continuing tension between the Reserve Bank of India (RBI) and the Modi government, a screenshot of a purported tweet by Hindi daily Amar Ujala attributing a national loss of Rs 9 lakh crore as a result of demonetisation has gone viral. This RBI indictment of the government's 2016 move to demonetise high-value notes is in a screenshot of a tweet featuring in a Facebook post from an account called 'With INC'. The screenshot of the tweet, which looks like it is from the official Twitter account of Amar Ujala Ujala (@AmarUjalaNews ), shows a collage of Prime Minister Narendra Modi and RBI Governor Urjit Patel with the comment ""Bhakti se Bahar Aaye RBI Governor Modi ke Chuddaye Paseene"". A message attached with the post reads: ""Demonetization Scam Exposed by RBI Governor!!!"" The post has already been shared more than 3,000 times at the time of writing this story, and the page has over 8 lakh followers. ",real,Pooja Malhotra
"On March 19, Prime Minister Narendra Modi appeared on television to update citizens about the government's measures to fight Covid-19 and announced a nationwide precautionary curfew for Sunday between 7 am and 9 pm. PM Modi asked Indians to observe stringent social distancing through self-quarantine for the 14-hour curfew period. Since the briefing, the PM's new term 'Janta curfew' has sparked a buzz on the Internet. Social media users have started interpreting and explaining PM Modi's concept of 'Janta curfew' in various ways. Facebook, Twitter and WhatsApp are now flooded with a certain 'scientific explanation' behind the curfew as to how it will break the chain of transmissions of the deadly coronavirus infection. At the time of writing this article, #jantacurfewchallenge saw more than 27,000 tweets and was the third most trending topic on Twitter in India. One viral message says, ""As coronavirus life at one place is 12 hours and Janta Curfew is for 14 hours so that places or points of public areas where corona may have survived will not be touched for 14 hrs could break the chain."" Logic behind Janta Curfew :As corona virus life at one place is 12 hours and Janta Curfew is for 14 hours,so that places or points of public areas where corona may have survived will not be touched for 14 hrs could break the chain.#JantaCurfewChallenge#JanataCurfewMarch22 pic.twitter.com/t5LpuulGKk Several social media users have come up with the same logic. This 'logic' is viral on Facebook as well. ",fake,Varun Agarwal
"With Covid-19 cases surging in India, social media is flooded with misinformation regarding the deadly coronavirus. Now a message claiming that the Chennai municipal corporation has shut all vegetable and fruit markets in the city is being widely shared on social media. The message, enough to create panic, started getting viral just after municipal commissioner G Prakash told the media that big establishments, including multi-storey outlets in Chennai's T Nagar, will be shut in view of the coronavirus outbreak. The Tamil Nadu government has already passed an order directing theatres, malls, schools and colleges to close down. ",real,Aman Menon
"Amid the coronavirus pandemic, a conspiracy theory is viral on social media. A message with a video clip is circulating on Facebook, Twitter and WhatsApp claiming that US authorities have arrested Dr Charles Lieber, a Harvard professor, for creating coronavirus and selling it to China.  ",real,Siddharth Chawla
"A post, with a motivational statement claiming that Coca-Cola only sold 25 bottles in its first year, is being circulated on social media. Facebook page ""INDIA - Jai Ho!"" shared the post with the text: ""Whenever you feel bad, just remember that Coca-Cola only sold 25 bottles the first year. Never Give Up!""  ",real,Rahul Kulkarni
"Rajasthan BJP chief Madan Lal Saini is being trolled online for a history mix-up. Saini claimed that when Mughal emperor Humayun was on his deathbed, he told his father Babur to respect the cows, Brahmins and women to be able to rule Hindustan. He is being mocked and reminded that it was Babur who died first and not Humayun. Humayun passed 25 years later in 1556. BUT DID THE BJP LEADER GET THE HISTORY WRONG? ",real,Siddharth Kulkarni
"A video of a man licking his fingers while sealing bread packets has gone viral on Facebook and Twitter with communal undertones during the Covid-19 pandemic. The video is circulating on social media with the hashtag ""SpitJihad"" and several people have claimed this to be from India. The message on Facebook and Twitter reads, ""#SpitJihad Dear Indians, Pls sanitize the outer covers of the bread you buy , bcoz we don't know which one has spit of disgusting x'hadis"".  #SpitJihad Dear Indians, Pls sanitize the outer covers of the bread you buy , bcoz we don't know which one has spit of disgusting x'hadis@narendramodi @AmitShah pic.twitter.com/pCko9IeKAU ",fake,Nandini Choudhary
"Deputy Chief Minister of Delhi Manish Sisodia on Tuesday retweeted a party worker's post showing two screengrabs of a news channel with the claim that EVMs are being replaced at every polling booth and the Election Commission (EC) and media are turning blind eye to it. He further claimed that people have voted against Narendra Modi but media and the EC are meddling with it. Sisodia in his claim mentioned five places, including Jhansi, where EVM machines were allegedly replaced. ............. .. - , .... https://t.co/dFWnwwNJoe The senior Aam Aadmi Party (AAP) leader retweeted the post by Vikas Yogi- AAP's national media coordinator- who claimed that vehicles loaded with EVMs were found in Jhansi. Yogi's tweet in Hindi said: ""Jhansi main gariyon main bhari EVM mili. Mandi Samiti main dono gariyon ko chhodkar bhage karamchari."" EVM@ECISVEEP ??? pic.twitter.com/hqQ9yxYfJa Though Sisodia or Yogi have not indicated the timing of this video, considering the fact that it has been shared ahead of the counting day, it gives an impression that the video is fresh.",fake,Arjun Joshi
"Did prime minister Narendra Modi claim that his government has built 10 houses for every Indian? However improbable it may sound, this is exactly what is being claimed on the basis of tweet by NDTV news channel. Quoting a tweet by NDTV, many people are claiming on social media that PM Modi, during a rally in Uttar Pradesh's Raebareli on Dec 16 said ""over 1,250 crore houses have been set up"" under his rule. India's population is around 125 crores. So 1250 crores new houses effectively means 10 houses for every Indian. Over 1250 crore houses have been set up. People have celebrated Diwali in their new homes. The houses we make will have water, electricity, gas connections and toilets: PM ModiTrack updates: https://t.co/vF3dW7Rx3PWatch LIVE: https://t.co/hMlRpgrUU6 and NDTV 24x7 pic.twitter.com/gxDn8cBlUf ",real,Ishita Das
"A video showing a crackdown by security forces at a metro station is going viral on social media with the claim that this is how police in China are facing difficulties while catching people infected from coronavirus. The three-minute video shows security personnel, some in masks, chasing people at a subway, pinning them down and dragging them away. Some rush into a train to beat up people with batons, while others are seen spraying something into compartments. Facebook user ""Iqbal Choudhary"" posted the video along with a claim in Hindi that translates to, ""If you want to see the havoc caused due to corona, see his video from China. If you look at the difficulties faced by police and administration to catch people in the grip of this epidemic, you'll be surpised."" ",real,Neha Agarwal
" The Delhi Bharatiya Janata Party (BJP) chief Manoj Tiwari claimed that the Delhi government received Rs 36,776 crore from the Centre as budget in 2014, and it got Rs 48,000 crore this year. @ArvindKejriwal ..!Sir , 10 MCD2014 36776 cr 48000 cr @BJP4Delhi https://t.co/w2y4WeIqaZ This was in response to a tweet by Delhi Chief Minister Arvind Kejriwal who had blamed the BJP government at Centre and MCD for provoking the problems of Delhi. This tweet has been retweeted more than 2,200 times so far. However, we found that the facts don't not support Tiwari's claim. ",real,Riya Pillai
"With novel coronavirus spreading like wildfire across the globe, social media is rife with world leaders falling sick due to the deadly disease. But did United States President Donald Trump too fall sick due to the novel coronavirus and is being treated at a hospital for the same? Facebook user 'DrAbhishek Choudhary' uploaded a video and wrote, ""Received one minute ago: Trump just fainted! News flash! US President Donald Trump is being treated for coronavirus in hospital, and Vice-President Mike Pence is taking over. There was panic across the country. Many Americans with Chinese visas are scrambling to get on flights to China at 10 times the usual rate. No official confirmation yet.""  The 15-second video shows Trump holding his right hand around his head when two people escort him out of the stage. On a blue background is written 'Trump-Pence', while the same is seen on the podium before Trump as well. The archived version of the post can be seen here. This video with the same claim has been uploaded on YouTube as well as Twitter. ",real,Karan Trivedi
"Gold prices have recently reached a record high, touching the whopping Rs 40,000 mark in the country. This has adversely affected the sale of the yellow metal. But does this phenomenon make any jewellery store staff so happy that they dance their hearts out because there is no customer in the shop? The claim A video has gone viral on social media of employees dancing inside a jewelry store. The claim is that with increased gold price and no customer, this is how employees are passing time. Several Facebook users like ""Different Things"" and ""Rama Kulkarni"" have posted this video with the caption ""Gold Rs 40,000. No Customers...so employees time pass"". ",real,Pooja Nair
"Amid the tension in North-East Delhi following the violence, social media is flooded with several videos of vandalism and police action. While some videos have links with the recent incidents of Delhi, a few of them are old and unrelated. A video of police lathi-charge has recently gone viral on Facebook, claiming to be from Delhi. Facebook users such as Rahul Avasthi, Amit Goyal and Aman Kumar have posted this video with a caption in Hindi, saying the cleaning process in Delhi has begun. The video shows policemen suddenly attacking a mob in a narrow bylane and charging them with batons.  The archived version of the post is here. ",fake,Nandini Reddy
"Amid recent allegations of rape against some ruling party leaders, a controversial statement attributed to BJP MP Maneka Gandhi is going viral on the Internet. According to a social media post in Hindi, the former Union minister said, ""Vishwa ki sabse badi party hai BJP.. 2-4 balaatkar kar bhi diye toh buraai kya? (BJP is the world's largest party. What's the harm if some rapes happen?)"".",fake,Manav Sharma
"Abdullah Gul, son of Pakistan's former Inter-Services Intelligence (ISI) DG Hamid Gul, tweeted a video on August 10 targeting the Indian Army. THE CLAIM Linking it to the current situation of the Kashmir valley, Abdullah Gul claimed that the viral video is from Kashmir where a massacre has started. In the video, one can hear the cries as people rescue the injured. pic.twitter.com/UHoV6wG6FW  ",fake,Siddharth Sethi
"Several Facebook users have claimed that Canadian Prime Minister Justin Trudeau is converting to Islam from Christianity. Facebook page ""UKIP Warwick and Leamington"" has posted an article from a website called Vatican Enquirer which claimed that Trudeau explained his decision in a press conference.  The archive version of the post can be seen here. ",real,Ananya Nair
"Is Delhi’s Jawaharlal Nehru University (JNU) celebrating Republic Day for the first time in 50 years? Well, some social media users certainly believe so. A viral post claims that this has been possible only because of Prime Minister Narendra Modi. Facebook page Pushpendra Kulshrestha Fans Club uploaded a post in Hindi which translates to, For the first time in 50 years, Republic Day will be celebrated on January 26 in JNU. If Modi is there, everything’s possible.",real,Neha Nair
"Several feel-good stories about the earth recovering have gone viral since the coronavirus pandemic forced the world indoors. Amid this, scientists have confirmed that the largest hole in the ozone layer over the Arctic region has closed in. The ozone layer shields the earth from most of the sun’s ultraviolet radiation, which is a major cause of skin cancer. Netizens, however, claim that this healing of the ozone layer is one of the positive effects of the lockdown.  The archived version of the post can be seen here.",real,Nandini Choudhary
"A video of a woman saying something to former Congress president Rahul Gandhi in a flight has gone viral on social media. It is being claimed that the Kashmiri people told Rahul Gandhi that PM Narendra Modi is doing good work for them and he must go back. However, the audio of the viral video has been tampered with. @narendramodi @AmitShah @BJP4India @BJP4Bengal ??Kashmir people in flight to Rahul:Modi is doing good for us. Why do you want to visit Kashmir and trouble us. Please go back.! pic.twitter.com/tEyWd3v3EJ ",real,Shreya Kulkarni
"The rape and murder of a 26-year-old veterinary doctor in Telangana has shocked the conscience of the nation yet again. The four accused had offered to help the victim after she had a flat tyre and then burnt the body after raping and killing her. Amid national outrage, a video is going viral on social media where policemen are seen beating up a man. It is being claimed that one of the accused in the Telangana rape and murder case was thrashed by cops in full public view.  ",real,Aisha Bose
"Even before the controversy over Narendra Modi's remark about Jawaharlal Nehru and Krishna Menon humiliating General Thimayya could fade away, the prime minister once again dragged the Congress - and history - into the electoral battlefield of Karnataka.On May 9, at a public rally in Karnataka\'s Bidar*, Modi asked, ""When Shaheed Bhagat Singh, Batukeshwar Dutt, (and) Veer Savarkar were jailed fighting for the country\'s independence, did any Congress leader go to meet them?But the Congress leaders meet the corrupt people who have been jailed"", the prime minister said, probably referring to Rahul Gandhi\'s recent meeting with Lalu Prasad Yadav at AIIMS in Delhi.But do historical facts back Modi's remarks?The answer is no.', It's well documented that Nehru met Bhagat Singh in Lahore jail on August 8, 1929, when several inmates - including Singh - were on a hunger strike, protesting ill-treatment by prison authorities.Many on social media have pointed this out",real,Manav Bose
The Jai Shri Ram controversy that rocked Bengal during elections refuses to die down on social media. A video of police brutality has gone viral on social media where a police officer is seen thrashing a chained man in front of other policemen and the man can be heard shouting Jai Bajrang Bali. Facebook user Rajesh Rawat posted the video with the claim that the man kept on saying Jai Shri Ram even after heavy thrashing from Bengal police.  The archived version of the post can be seen here. ,real,Pooja Rao
"A video of Hurriyat leader Syed Ali Geelani calling out security personnel to open the door and set him free has gone viral on social media. This comes at a time the Valley is under heavy security cover and all hardline separatist leaders under house arrest. They were taken into custody before the Union government on Monday moved the notification to revoke special status for Jammu and Kashmir. The 45-second-long video clip shows Geelani's men trying to open a door seemingly locked from outside. Geelani is seen talking to security personnel posted outside through a small opening on the door, asking them to open it as he ensured them that he would not fly away. Facebook page ""Yogi Adityanath ki Sena"" posted the video on Wednesday with a caption in Hindi that says, ""See the condition of this traitor Geelani, how he is being restless. Thank you Modi ji.""  ",real,Riya Joshi
"A poem titled 'My Dying Conscience' has been widely shared by social media users attributing it to eminent lawyer and writer Ram Jethmalani who passed away on Sunday. The fairly long poem has been circulated with his photographs as well. Facebook user Ram Ray uploaded the poem stating, ""A lovely poem by Ram Jethmalani, who died at 95.""  Many Facebook and Twitter users have posted the same claim. The archived version of Ram Ray's post can be seen here. ",real,Varun Agarwal
"Indian Air Force (IAF) pilot Wing Commander Abhinandan Varthaman has become a household name across the country for showing exemplary courage. Ever since Abhinandan returned to India after being held captive in Pakistan for two days, social media is deluged with all sorts of information as well as misinformation about the pilot. A photo that is currently doing rounds on social media shows a sketch of Abhinandan on the signboard of a tea shop in London called 'Chaiiwala'. The viral post also claims that the tea shop is located in Walthamstow, London. The English translation of the text attributed to the post reads, ""A Modi supporter in Britain has named his coffee shop Chaiiwala, and he has put a picture of Wing Commander Abhinandan on its signboard."" ",real,Sameer Fernandes
"Amid the ongoing controversy over the 'Jai Shri Ram' slogan, a video has gone viral on social media in which some policemen can be seen beating an elderly Muslim man and others brutally with a lathi (cane). The claim The caption along with the video says, ""Hindustan me rehna hoga, Jai Shri Ram kehna hoga."" The video is being presented in such a way that it gives the impression that the incident occurred in India.  The archived version of the video can be seen here. ",fake,Sameer Malhotra
"To connect voters more effectively, Prime Minister Narendra Modi addressed an election rally at Patan in Gujrati on Sunday. But a short video clip of his speech from this rally is getting viral on social media for all the wrong reason. Some social media users claim that PM Modi has used abusive words in his address.  ",real,Rahul Kulkarni
"A collage of two images, one showing Prime Minister Narendra Modi eating from a lavish spread, juxtaposed with another picture of a starving woman with a rickety child, has gone viral on Facebook. Facebook user ""Bhupinder Singh Raju"" posted the image with a caption in Hindi, which can be translated as, ""This picture tells a lot to wise people."" ",real,Karan Rao
"The deadly coronavirus has claimed more than 2,000 lives and infected over 74,000 globally till last reports came in. With scientists around the world racing to develop a vaccine, a viral post on social media claims that India has found a cure for the catastrophic COVID-19. Facebook page ""Har Har PM"" posted the link of an article along with a claim in Hindi which translates to, ""India has found a cure for coronavirus! Patient recovers speedily"". The headline of the attached news article in Hindi reads, ""Bharat ne khoj nikala corona virus ka ilaaj! Tezi se thik huyi mareez"".  ",real,Rahul Malhotra
A stunning graphic image is being shared on social media with the claim that it is the night view of an illuminated India captured by NASA during Diwali. An old post by Facebook user Vishnu Varma is still being shared widely. It shows a glittering image of the Indian subcontinent. The caption reads India at night during Diwali NASA.  ,real,Vikram Choudhary
"Two pictures of a woman smeared in blood and standing on a street next to policemen have gone viral on Facebook with the claim that she was brutally beaten up by cops in UP.

India Today’s Anti Fake News War Room (AFWA) has found the claim to be misleading.

The claim

On June 25, Facebook page Jagat Express posted two photos showing a woman with a blood-smeared face and claimed in Hindi, This is Modi-Yogi’s slogan of Beti Bachao. What would you say about police torture on our daughters? The same police who are brutally thrashing up our daughters. Modi-Yogi shame shame.

The post was shared by scores of Facebook users.

In one of the images, two policemen can be seen standing next to the woman, and in the other image, three cops can be seen beside her. In one picture, the woman is seen pointing towards something that cannot be seen in the frame, while in both photos, a small girl standing next to her is seen crying.

The archive version of the post is here.",real,Arjun Gupta
"Did miscreants vandalise a bus in Bandra area of Mumbai in the past few days? Well, social media would certainly have us believe so. A video of some hooligans smashing a blue-coloured bus has been going viral with the claim that it is the doing of some auto-rickshaw drivers in the Bandra Kurla Complex (BKC) area of Mumbai. ",real,Karan Mehta
"A set of seven photographs showing animals burning and people rescuing them is going viral on social media. It is being claimed that the images are from Australia where ongoing bush fires have killed millions of animals. Facebook user Sandeep Singh shared the images with the caption, A heartbreaking story of suffering and immense loss, fires ravaging Australia have killed more than 500 million animals pray for Australia.  ",real,Shreya Iyer
"Since the outbreak of coronavirus that has so far led to over 27,000 deaths and infected almost 6 lakh globally, social media is full of bizarre treatments. The latest home remedy going viral on Internet suggests inhaling the steam of sea salt and orange peelings to prevent Covid-19. Facebook user ""Linwood Waller"" posted a photo of orange skin steaming in water and claimed, ""Steam Sea Salt and Orange peelings. Inhale the steam for 15mins. It Suppose to Prevent Corona Virus from entering the body. Seen it on social media and yes I'm doing it."" Other Facebook users such as ""Deidrea Mcfadden"" went on to advise, ""CVR TREATMENT! BOIL ORANGE PEELINGS, SPRINKLE A LIL SEA SALT.... INHALE THE STEAM FOR 15MINS.... DO THIS EACH TIME U COME BACK IN THE HOUSE! #CVR CAN'T GROW THRU HEAT! BE BLESSED FAMILY!"" You can see the archived versions of the posts here and here. ",real,Sameer Fernandes
"Following the mob lynching of a man in Jharkhand on suspicion of theft, communal posts have been on the rise on social media. Amid this, a video of a man carrying a bleeding woman and pleading for help has gone viral with hate messages. A post by Facebook user 'R Madhu Sahu' claims that some Muslim men tried to rape the woman in Lucknow's Itaunja area and beat her up along with her brother when the two resisted. The message urged Hindus to rise and claimed that police have not registered an FIR in the incident. Viewers' discretion advised as the video is disturbing  The archive version of the post can be seen here.",fake,Neha Rana
A video of a man admiring Prime Minister Narendra Modi for reducing corruption has been creating a buzz on social media. It was claimed that the man in the video is Congress MLA Anil Upadhyay from Madhya Pradesh.,real,Yash Pandey
"A disturbing video, along with a few pictures, are going viral on social media where a man in blood-stained shirt is seen walking around, holding the severed head of a man. Many social media users shared the post claiming that this man in Chennai did a commendable job by killing his sister's rapist and going to the police station with the severed head. Facebook user ""Suraj Singh"" wrote in broken English, ""jio sher! Comment for Good/Bad. In Chennai, a brother cut off an accused head, who raped his sister and carried the severed head to police station, please circulate this message in all groups so that people who have this kind of intention in their minds will think 100 times before doing the act, that this can happen to them also"". ",real,Pooja Chawla
"The massive outbreak of fire in the Amazon forest in Brazil has already created an outcry internationally to save the world's largest rain forest. People around the world are sharing several heart-wrenching pictures of the wildlife on social media, depicting the calamity. However, several of them are found to be not related to the Amazon forest fire and have been fact-checked earlier by India Today TV. THE CLAIM Recently, a Bangla website ""Bangla news live"" published a story of a chimpanzee along with a picture. In the picture, it looks like the chimpanzee was pleading to a man by hugging his leg. The story claimed that the chimpanzee is begging for help from a fire-fighter to save his life from the forest fire in Amazon. The archived version of the story is saved here. ",fake,Karan Verma
"As the May 23 counting day comes closer, social media is getting flooded with fake and misleading posts about EVMs. A few Facebook users and RJD's official Facebook page posted three photos claiming that a pick-up van full of EVMs was caught by RJD and Congress workers near Bihar's Saran and Maharajganj Lok Sabha constituency just as it was trying to enter the election strong room. RJD's official Facebook and Twitter pages also shared those photos with the same claim. India Today Anti Fake News War Room found the claims to be misleading as those EVMs were not used during the voting process for the 2019 election. Instead, they were deployed only for training purposes ahead of counting. On May 20, RJD's official Facebook page and Twitter handle posted three photos claiming in Hindi which translates ''..a vehicle full of EVMs was caught by people near the strong room of Bihar's Saran and Maharajganj Loksabha constituency. It was roaming around the strong room and probably was looking for an opportunity to enter. It was caught by RJD-Congress workers''  - - EVM - BDO ? ?? pic.twitter.com/K1dZCsZNAG By the time of writing this article, the post was shared more than 66 thousand times. The archive version of the Facebook  and Twitter posts are here. A number of people and Facebook pages shared the post. Facebook users Heena Shahab, Md Ahasan Khan, Deepak Arya posted the same photos with the same claim. ",real,Karan Trivedi
"Fake social media posts on political leaders during election season are not uncommon. More recently, a video claiming that Uttar Pradesh CM Yogi Adityanath distributed money to voters, did the rounds on social media. A Facebook page by the name ""Mashriq-e-news Kolkata"" posted a 1.25-minute video of Yogi Adityanath. The video had a caption that read ""Where is the election commissioner of India"". In the video, some people standing beside Yogi Adityanath can be seen giving money to villagers. Villagers collect money one-by-one and touch Yogi's feet as their names are called out. ",real,Aditya Agarwal
"A viral video, purportedly showing men in uniform raising slogans for azaadi (freedom) in Kashmir and claiming that the ""Jammu and Kashmir Police also wants freedom in Kashmir"" is fake. This doctored video is being circulated, viewed and shared by thousands on social media. A Facebook page named 'Chitkaar, Meri Awaz Suno, Awaz Bharat Ki' with nearly seven lakh followers posted the fake video, adding that ""Yeh Hai Asliyat Jammu Kashmir Police Ki. Inhe Bhi Chahiye Azaadi (This is the reality of J-K Police. They too want Azaadi)"".  ",real,Yash Rana
"On Wednesday (November 14), a video of state Congress president Kamal Nath addressing Muslim supporters went viral on social media. Armed with this video clip, Bharatiya Janata Party (BJP) spokesperson Sambit Patra claimed that it shows the veteran Congress leader telling Muslim supporters that ""the party will deal with Hindus once the elections are over"".Patra tweeted a 45-second-long video with caption, ""Abhi temporary janau pahen rakha hain. Nipat lenge inse baad mein.""The tweet further read, ""The \'fancy dress Hindus\' are exposed yet again. Kamalnath ji promises the Muslim clerics that the Congress will surely deal with the Hindus after the election. For now the Muslims should stand with the Congress!""Patra reiterated his charges at a press conference in Delhi on Wednesday.",real,Pooja Iyengar
"A video of a man bleeding profusely, held by two policemen and being interrogated by a Rapid Action Force (RAF) personnel, is doing rounds on the social media. The man is wearing an orange-coloured T-shirt and according to the claim made by a Twitter user, he sports a tilak on his forehead. By giving this description along with the video, the user tries to imply how the TMC goons in the garb of ""bhagwa goons"" were involved in the violence that broke out during the roadshow of BJP president Amit Shah in Kolkata on May 14. Real Name - Mohammad NisarOrange T-shirt,Tilak on ForheadNow you can understand many thingsYou can also connect this to the so called ""Bhagwa Goons"" doing Violence during Amit Shah Road Show in Kolkata,They were all TMC Goons pic.twitter.com/AkkRZNnJwF Most social media users took the video literally, believing that the video was from the recent Kolkata violence. At the time of filing this story, this tweet gathered more than 7,500 retweets and around 8,400 likes. ",real,Pooja Iyengar
"Shortly after interim Finance Minister Piyush Goyal presented the interim budget on Friday, a post on Facebook claiming that Chhattisgarh Congress workers were beaten up by the police for delivering anti-national speech on the budget day went viral. (See archived version here) Policemen beating some men brutally can be seen in the video. The video caption reads: ""Idhar aap budget me lage the, udhar Chhattisgarh me bharat virodhi bhaasan dene par Congressiyo ki jamkar dhulai ki police valo ne [While you were busy with the budget, Chhattisgarh Congress workers were beaten up by police for delivering anti-national speech]"". Facebook user Mukesh Soni posted this video in the public group 'Mission Modi 2019 me apne 100 mitro ko jode'. The group has more than 5 lakh followers. Netizens soon started slamming the Congress party believing the video to be true. ",fake,Riya Saxena
"Recently, some netizens have fallen after a viral image of four good looking young women on social media. The viral post with this image on Facebook and Twitter claims this is the picture of four young women who are the new cabinet ministers of Finland. Several Facebook users have posted this image with a caption saying ""Meet the new Government of Finland. From left to right: Minister of Education Li Andersson (32), Minister of Finance Katri Kulmuni (32), Prime Minister Sanna Marin (34) and Minister of Internal Affairs Maria Ohisalo (34).""  The archived version of the post is saved here.  ",real,Neha Reddy
"The government has arranged for doctors and other staff of designated hospitals dealing with Covid-19 cases to stay in hotels so that their families do not come in contact with the disease. In this context, a video is going viral on social media in which a woman claims that the Delhi government, which was paying for the doctors' hotels stay, won't be doing so any further. The woman, wearing medical gear, says she works in Delhi's Rao Tularam Memorial Hospital. ",real,Ananya Mehta
"A statement attributed to BJP candidate from Bhopal, Sadhvi Pragya Singh Thakur, is doing rounds on social media. According to a viral post, Sadhvi said if the BJP comes to power, they will totally ban beef in Goa, North-East and South India. The post further claimed Sadhvi saying that former Goa chief minister Manohar Parrikar died of cancer because he allowed the consumption of beef in Goa and didn't respect gau mata (cow). ",real,Sameer Kapoor
"The constant buzz created by Prime Minister Narendra Modi's gargantuan fan base drowns out the facts sometimes. A Twitter user on Thursday (March 21) tweeted a video claiming how Narendra Modi is the only Indian prime minister to receive a standing ovation in the US Congress. PM Modi had visited the United States in June, 2016. No Indian PM ever been given a standing ovation in US congress. The pride it brings is immense. World bows before the greatest leader. ??@narendramodi #BestQuotesOfModi pic.twitter.com/08CEBcoeXb ",real,Pooja Rao
"A viral post on social media claims that in the last two decades of BJP rule in Gujarat, there has been no new university or airport in the state. The post claims there are nine universities and nine airports in Gujarat, all of which were built when Congress was in power in the state. The post also claims that the Ahmedabad metro rail, whose foundation stone was laid in 2005, has not been completed yet. Facebook user Anil Shriwastwa uploaded a post in Hindi, which in English translates to, ""Do you know? There are nine universities and nine airports in Gujarat!! And all these were made not by Sahab but Congress. In fact, the Ahmedabad metro rail, whose foundation stone was laid by Sahab in 2005, has not been completed. And he questions what Congress has done in 60 years. And his blind followers clap!!"" In a comment below the post, Anil Shriwastwa mentioned Prime Minister Narendra Modi, who was the chief minister of Gujarat from 2001 to 2014. ",real,Vikram Rana
"With over 8,000 deaths, Italy has recorded the most number of casualties in the world due to Covid-19. Amid this, a quote attributed to Italian Prime Minister Giuseppe Conte has gone viral on social media. According to the viral post, Italian PM Giuseppe Conte said the country has surrendered to the Covid-19 pandemic as all the reliefs have been exhausted. The statement attributed to Italian PM Giuseppe Conte reads: ""Our control is gone. Infectious disease is killing us. All the possible relief on the earth is over.""",fake,Neha Kapoor
"A Facebook post with pictures of diamonds, emeralds, gold bars, etc. has gone viral claiming to be the funeral of the richest man in Kuwait. Facebook user ""Suraj Kiran Travels"" posted nine pictures with the caption, ""The richest man in Kuwait Nassi Al Kharki has passed away. Check out his treasures and assets.... He can't carry a single thing with him. This is a grim reminder to all."" One of the photos shows a man lying in a coffin wearing gold jewellery. The other pictures are of a box of glittering stones, gold bullion and bars, golden bed and accessories, jet, yacht and car, glittering stairs and bundles of dollar notes. ",real,Rahul Kulkarni
"Images of metal currency allegedly issued by the East India Company, the outfit that arrived on Indian shores for trade but ended up seizing control of large parts of the Indian subcontinent, have gone viral.', '1.Please see for yourself,these coins were issued by the British East India Company.The coins clearly depict Hindu Gods & religious symbols,thus one can easily conclude that despite being the rulers they also knew that Hindu sentiments need to be respected.But after independence pic.twitter.com/D4Vn2NyUGq', '', ""Coins of East India Company, printed with Hindu Gods and Goddesses! It's so communal, wasn't it? @ggiittiikkaa @KiranKS pic.twitter.com/ux4HNOmMDh"", 'But Did the East India Company, that brought a two century long oppressive colonial rule to India, actually issue coins to honour Hindu Gods?', 'As the images of coins have broken the internet, a section of netizens claimed that ""the British honoured the Hindu gods something the Congress never did"".', 'Since one of the coins has Lord Ram on one side the war cry is more fierce Even Britishers gave respect to Hindu sentiments. But Indian Congress denied the existence of Shri Ram and made fun of Hindus.', ""Is there something more to the East India Company's divisive and expansionist past that Indians never knew of? The company received a Royal Charter from Queen Elizabeth on 31 December 1600 and its a chronicled fact that with an army of 2.6 lakh soldiers it indulged in most unfair practices to further the cause of the crown."", 'Did it try to trick the Indians by sugar coating the pill and issue its own currency with images of Indian gods?",real,Karan Trivedi
"With just two days left for polling in Madhya Pradesh, a series of letters claiming ""leaks"" of internal communications among political parties are circulating on social media.One such letter allegedly written by Congress candidate Arun Yadav, from Budhni assembly seat, in Sehore district is being widely shared on WhatsApp groups.'According to the letter, Yadav is unhappy after not being allowed to contest from his home seat. Yadav is locked in a pitched electoral battle against Madhya Pradesh\'s three-time Chief Minister Shivraj Singh Chouhan. In the letter, he is criticising MP Congress chief Kamal Nath over ticket distribution. The letter also mentions, ""Being a Congress candidate he is facing wrath of people.",real,Karan Bhatt
"Since the coronavirus outbreak, many home remedies and tests are viral on social media. One such 'advisory', attributed to the Stanford Hospital Board, claims that if you can hold your breath for more than 10 seconds, you are not infected by coronavirus. ""Take a deep breath and hold your breath for more than 10 seconds. If you complete it successfully without coughing, without discomfort stiffness or tightness, etc., it proves there is no Fibrosis in the lungs, basically indicates no infection.In critical time, please self-check every morning in an environment with clean air,"" says part of the claim posted by Facebook page ""Relationship Essentials Radio"".  ",real,Aditya Agarwal
"Protests against the Citizenship (Amendment) Act had turned violent in parts of India, forcing police to open fire to disperse the crowds. So far, 25 deaths have been reported in police action, 18 in Uttar Pradesh alone. Amid this, a video of a woman grieving over a dead man is going viral on social media with the claim that he was killed in anti-CAA protests. Facebook user ""Zamir Shekh"" posted the 30-second video, and the caption translates to, ""Ya Allah, grant Mohsin, martyred during the CAA protests, a place in heaven, and his family the strength to bear the pain of his death.""  ",real,Manav Iyengar
"With the exit poll out, all eyes are now set on May 23 when the results of the Lok Sabha elections 2019 will be declared. In the meantime, the prediction game has undoubtedly driven social media crazy. Amid a sea of posts, a sensational video is going viral on social media with the claim that the BJP is conspiring to change the EVMs placed in strong rooms to win the elections by malice. In the video released by TNN World’ (Tricolour News Network) website, a female news presenter attributed the claim to a source within the Indian government. Meanwhile, Aam Aadmi Party (AAP) has approached the Delhi Chief Electoral officer to complain about the security of the strong room where EVM machines have been kept after polling. On the other hand, West Bengal Chief Minister Mamata Banerjee has also raised a question over EVM irregularities after exit polls.   ",real,Meera Kapoor
"Is former chief minister of Madhya Pradesh and senior BJP leader Shivraj Singh Chouhan faking fracture in his hand? A collage of two photographs of Chouhan is doing the rounds on social media. The claim In the first photo, one can see a blue plaster on his left hand, whereas in the second image, the same plaster can be seen on his right hand. It is being claimed that the images are from the same day and he is faking his injury. Chouhan is in different attire in both the pictures. ",real,Siddharth Sethi
"Congress president Rahul Gandhi on Monday accused Prime Minister Narendra Modi of lying about Amethi ordnance factory. Rahul Gandhi claimed that he laid the foundation stone in 2010 and that the factory has been producing small weapons for years. ""You went to Amethi yesterday and spoke a lie, which you are used to doing. Are you not ashamed?"" he asked the prime minister in a tweet in Hindi.  ,2010?     PM Narendra Modi visited Amethi, the parliamentary constituency of Rahul Gandhi, on Sunday and launched an Indo-Russian joint venture to manufacture AK-203 rifles in the ordnance factory of Korwa. Union minister Smriti Irani quickly reacted over Rahul's tweet and called it ""a lie"". Posting two old images of the Congress president, she claimed that Rahul had forgotten the exact year when he had laid foundation stone for the ordnance factory.  2007 2010 2007 2010? - @RahulGandhi pic.twitter.com/IDZyZ6kS2o  ",fake,Arjun Bose
"A viral post on social media claims that Congress president Rahul Gandhi got more than 13 lakh votes on Wayanad seat, but around six lakh votes were deleted. The post contains screenshots from the official result website of Election Commission of India (ECI). The viral post was later deleted. Read the archived version of the post here. Rahul Gandhi won Wayanad seat in Kerala with a margin of around 4.2 lakh votes, but he lost to BJP's Smriti Irani in Amethi. ",real,Aisha Agarwal
"Amid the 21-day nationwide lockdown due to Covid-19, several videos and images have surfaced on social media showing policemen thrashing civilians to force them inside. Now, some photos are circulating on the Internet showing a man thrashing a cop on the road. It is being claimed that this is the result of police atrocities on people during the lockdown. Users are also requesting policemen to understand the helplessness of citizens. ",real,Sameer Malhotra
Did prime minister Narendra Modi try to mock Rahul Gandhi by showing funny videos of his to the Russian President Vladimir Putin during his recent trip to India? A Twitter user followed by many union ministers including PM Narendra Modi has posted a video which claims that the prime minister showed a video of Rahul Gandhi to the Russian President. ,real,Yash Khan
" Did a Muslim minister force Hindu policemen to eat his leftover food during an event? Photographs showing Karnataka's Food and Civil Supplies Minister Zameer Ahmed Khan feeding Hindu policemen from his own plate have been doing the rounds on social media for the past few days. A post by Twitter user @ExSecular claims that ""Karnataka Congress Muslim minister Zameer Ahmed forced Hindu policemen to eat his leftover food during an event"". The Twitter handle shared an article from a Kannada website to back her claim. The post has been shared by hundreds so far. Karnataka Congress Muslim minister Jameer Ahmed forced Hindu policemen to eat his leftover food during an event. pic.twitter.com/PlsM78lIrY ",real,Rahul Khan
"Social media is abuzz with recent pictures of CPI(M) General Secretary Sitaram Yechury holding an earthen pot. The BJP and RSS supporters are accusing that Yechury is attempting to woo Hindu voters calling it CPI(M)\'s submission before ""the rising Hindu civilisation"".BJP ideologue S Gurumurthy re-tweeted the picture with a sarcastic question.While CPI(M) has offered no comments so far, party sources have trashed the allegations.",real,Vikram Rana
"In the middle of the ongoing debate on Ram Mandir, some images are being widely circulated with the claim that bricks brought to build the temple in Ayodhya are being used for the construction of drains by the Uttar Pradesh government.', '', '- .. *UP * ..* * BJP .. pic.twitter.com/jQgb6aM3nq Viral pictures show bricks with \'Shri Ram\' inscribed on it being used to construct drains. The claim with the images reads: ""Jo eente Ram Mandir ke naam par ikattha ki gai thi vo ab UP sarkar ke chahete thekedaar dwara Ayodhya me naali banana ke upyog me aa rahi hai hai... dharmik aastha ka vyavasik istemaal karna koi BJP se seekhe"" (The bricks which were collected to build the Ram-Mandir, are now being used by UP Government\'s favorite contractors for the construction of drains in Ayodhya. How to commercially use the religious faith should be learnt from BJP.)'",real,Siddharth Chawla
"Akash Vijayvargiya, son of BJP national general secretary Kailash Vijayvargiya, who thrashed a municipal corporation officer with a bat in Indore, was sent to judicial custody on Wednesday. Around the same time, an old, black and white photo featuring Vijayvargiya Senior started doing the rounds on social media. The picture shows an aggressive Kailash Vijayvargiya holding a shoe near the face of a man, while some people, including policemen in uniform, look on. It is being claimed that the man being attacked by Kailash Vijayvargiya is ASP Pramod Fadnikar. After the video went viral, netizens started making sarcastic comments that in attacking the municipal officer with a bat, Akash merely replicated what he learnt from his father. Apart from social media users many media organisations too carried stories about this photo which seems to suggest that the officer in the picture was indeed the target of the shoe. 1994 ASP pic.twitter.com/8gRLWSivY3",real,Rahul Menon
"Was the Prime minister Narendra Modi waving at an empty train from the newly inaugurated Bogibeel bridge in Assam?Many people on social media, including political leader from the opposition mocked Modi over a viral video which claimed that he was waving at an empty train just for the sake of cameras.",real,Pooja Trivedi
"Patriotic slogans are again at the centre of a political controversy. Targeting the opposition's recent rally in Kolkata, BJP president Amit Shah claimed that not a single leader bothered to raise slogans such as 'Bharat Mata Ki Jai' or 'Vande Matram' at the event. Shah made the claim on Tuesday while speaking at a rally in West Bengal's Malda district."",",real,Riya Saxena
"A throwback picture of retired IPS officer Kiran Bedi, along with former Prime Minister Indira Gandhi, has gone viral. Several Facebook pages and users have used it as a political weapon to hit out at Prime Minister Narendra Modi. Pages such as ""IT & Social Media Cell Congress"" and others have claimed that although Bedi towed the then PM's car by a crane, this picture shows, soon after the incident, that Gandhi admired the IPS officer and invited her for lunch at her residence. These posts compared the incident with the recent suspension of an IAS officer in Odisha's Sambhalpur for reportedly checking Modi's helicopter.",fake,Karan Verma
"After Hizbul Mujahideen commander Burhan Wani’s death in July 2016, his close aide Zakir Musa became the face of militancy in Kashmir. On May 23, Musa was gunned down in an encounter with security forces, and his funeral was attended by many people in the Valley. Many Facebook users have since taken to the social media platform, posting an image of a gathering of thousands of people, and claiming it to be from Musa’s funeral. ",real,Pooja Iyengar
Delhi Chief Minister Arvind Kejriwal's dressing sense has always been a talking point be it his muffler or sandal. But the latest one doing rounds on social media is just unbelievable. A Facebook user -- Banty Kashyap -- has shared a photo which shows Kejriwal wearing a midi-length shirt at a function. The archived version of the post can be seen here. ,real,Divya Kaur
"Have Mumbai police issued an advisory against a gang of robbers for residents between Malad and Dahisar? A viral social media post claims that a group of 15-20 miscreants are on the loose in these parts of the megapolis, and asks residents not to open their doors at night if they hear a baby crying outside. The post claims that the message has been received from Dahisar senior police inspector Ramkant Patil. ",real,Riya Joshi
Delhi MP Udit Raj tweeted a video and claimed that Gujarat BJP MLA Anil Upadhyaya and his goons had beaten up a Dalit boy for buying a new car. ,real,Anjali Mishra
"The relationship between BJP MLA Rajesh Mishra's daughter Sakshi and a Dalit boy Ajitesh has been making headlines over the past few days after the girl accused her father and his goons of threatening them. But this isn't the only controversy surrounding the politician from Bareilly. A social media post has been going viral showing a collage of two pictures wherein a girl is kissing two boys. Facebook page 'Jay bhim' and other social media users claim that one of the boys is the son of Rajesh Mishra. However, it is not clear from the claims as to which of the two boys is being referred to as Sakshi's brother. ",real,Karan Mehta
"Heart-wrenching images and videos of koalas and kangaroos devastated and displaced by the catastrophic bushfires in Australia have shocked the world. And videos related to the animal world Down Under have been drawing lots of attention on social media. A video of a red fox breastfeeding has gone viral with the claim that it is feeding baby koalas, and relating it to the bushfires in Australia. Facebook page Daily India Times posted a 33-second clip of the same with the caption, A Fox allows itself to feed Koala Babies in Australia. #AustraliaBushfires. The archived version of the post can be seen here. ",real,Neha Agarwal
"Controversy and Navjot Singh Sidhu are the evergreen partnership keeping the political scoreboard ticking in poll season. On social media too, this jodi scores well. This time, netizens have shared a photo collage which shows a man thrashing another man with a stick. In the photos, a huge crowd can be seen on street -- where some men are riding bikes with Congress flags tied on them. ...Cc @sherryontopp #Sidhu #RahulApologizes pic.twitter.com/Ms30F9gX3S Twitter user 'Chowkidar Hans Raj Hans' posted the photographs with the claim, ""Imran Khan's brother Sidhu gets thrashed by patriot Punjabis. I salute those patriots who taught traitor Sidhu a lesson."" The tweet has been tagged to Navjot Singh Sidhu (@sherryontopp). ",fake,Nandini Reddy
"Researchers all over the world are working to develop a vaccine for the deadly coronavirus that has already claimed more than 14,000 people and infected over 3 lakh globally. However, if some social media users are to be believed, American scientists have already developed a cure for Covid-19. Facebook user ""Tooro Television"" posted a photo of a few sachets on which is written SGTI-flex COVID-19 IgM/IgG. The claim along with the picture says, ""#Great news! Carona virus vaccine ready. Able to cure patient within 3 hours after injection. Hats off to US Scientists. Trump announced that Roche Medical Company will launch the vaccine next Sunday, and millions of doses are ready from it!"" This site has shared the news on Instagram as well as on Twitter. The archived version can be seen here. ",real,Manav Bose
"Social feeds suddenly abound with ""Sharia-phobia""! Facebook and Twitter abuzz with rumours that Indian Muslims want to replace modern jurisprudence with ""harsh"" Islamic law.', 'Sample these posts floating on social platforms:', '· ""Are we heading towards becoming an Islamic nation where AK47s are available (more) easily than mangoes?""', 'Are we heading towards becoming an Islamic nation where AK47s are available easily than mangoes?Are we shifting towards a society where a woman is killed by stones for not wearing a Veil?#ShariatCourtShocker#ShariatCourtsQs Muslims need to answer.', '· ""Are we shifting towards a society where a woman is killed by stones for not wearing a veil?""', '· ""Muslim Law Board wants to set up a parallel judicial system in the country.""', '· ""This will create a parallel government, which will propagate Islamic law above the constitution.""', '#ShariatCourtShocker If Kapp courts r declared illegal by SC, how can AMPLB think about Shariat Courts? There can be only one court system in India. Those who want Muslim or kapp courts, let them all migrate to those countries which permit it.UniformCivicCode needed. #1India1Law', '· ""Time for @narendramodi to take stern action and IMPOSE Uniform Civil Code & Abolish Art 370.""', '', 'Social media exploded with those outbursts after the All India Muslim Personal Law Board (AIMPLB) reportedly announced plans to expand Sharia courts in all districts of the country.'",real,Siddharth Kapoor
"A photograph of a man sleeping on a chair with his mouth wide open while a group of people clicking a picture with him have gone viral on social media. It is being claimed that the man suffered a heart attack and died at work. But, his co-workers clicked selfie thinking of him fallen asleep while working.  ",real,Varun Chawla
"Pakistan Prime Minister Imran Khan met United States President Donald Trump in Washington DC last month and discussed a number of issues to boost bilateral ties. Soon after, a video of Prime Minister Narendra Modi watching the live broadcast of the meet on a big screen started doing the rounds on social media. The 44-second-long video was shared by Facebook page 'Tangi Pti Official'.  A logo of news agency ANI can be seen in the video. Till the time of filing this story, the video has already been viewed more than 22 lakh times and shared over 94,000 times. The archived version of the post can be seen here. ",real,Nikhil Kaur
"Did RSS workers harass Muslim women by throwing bucketsful of water at them? A viral video has resurfaced on social media showing young boys throwing water on burqa-clad woman, who are then seen running for cover. The six-month-old video was posted by Facebook user 'Muhammed Asif Shirva', who claimed, ""RSS_groups torchering (torturing) Muslim college girls"". ",real,Rahul Trivedi
"Indian elections remain incomplete if there are no politics over cows. Facebook users are now taking potshots at political parties who have allegedly asked for votes in the name of the cow. Facebook page Ravish Kumar - The Fearless Reporter posted a disturbing picture of hundreds of dead cows being off-loaded by a dumper. ""This is the real picture of cow welfare. Hundreds of cow died in Rajasthan due to starvation. Where have all those people gone who ask for votes in the name of cow [Yahin hai gaw seva ki asliyat. Rajasthan mein bhukh se mari saikro gai. Kahan gaye gai ke naam par vote lene wale],"" said the caption in Hindi in this viral post along with the picture. ",fake,Rahul Kulkarni
"A video is doing the rounds on social media with the claim that BJP has opened its unit in Pakistan’s Balochistan. In the video, a group of people is seen sloganeering in support of BJP and waving the party flag. Some burqa-clad women can also be seen in the video. A text on the video says this is not India but Pakistan (Balochistan). ",real,Shreya Iyer
"The just-concluded Maharashtra assembly elections witnessed members of powerful families turning against each other. One such battle was within the family of BJP leader late Gopinath Munde. Contesting from Parli assembly constituency, Gopinath Munde's daughter and sitting MLA Pankaja Munde was pitted against her own cousin Dhananjay Munde from NCP. As results of the elections started trickling in early on Thursday morning, social media users claimed Pankaja burst out crying after losing. An image of a distraught Pankaja did the rounds on social media and some websites too claimed the same.  Facebook page ""Courageous India"" uploaded a photo of a distraught Pankaja and said, ""Maharashtra's Women & Child Development Minister Pankaja Munde was in tears after she lost by 22,000 votes from Parli constituency to his cousin and NCP's Dhananjay Panditrao Munde. Both Amit Shah and Narendra Modi had campaigned for her."" The archived version of the post can be seen here. ",real,Divya Bose
"A video of a protest that circulated on Facebook this month sought to turn the communities against one another with its sensation Hindi captions.""Ab Assam mein Bangaldeshi Muslims ne alag Muslim desh banane ki maang ki,"" read Monday\'s post with the cell-phone footage showing a large group of Muslims in skull caps marching.The video was posted by a user identifying himself as Satish Dwivedi. On his Facebook page, Dwivedi declares himself a ""Desh Sewak""'In three days, the footage that claimed Bangladeshi Muslims in Assam rallied for a separate homeland has garnered almost 50,000 views and has been shared by over 2,500 users. '""They have forgotten that there is a BJP government in the state,"" read the description in Hindi.'",real,Rahul Khan
"A tweet by Congress leader Fairoz Khan has gone viral with the claim that two aspirants died during a physical test in Jammu and Kashmir's Udhampur district. Khan is also a former national president of the NSUI. The archived version of the tweet can be seen here. Khan tweeted photos of two men lying unconscious on the ground with the caption; ""Pained to hear that 2 unemployed youth died of cardiac arrest during physical test in Udhampur. We all feel grief and sorrow on their untimely death. May their soul rest in peace. This is gift of BJP government to youth of this nation. Unemployment at its peak #revokeSRO202."" Among others, Facebook page 'Rahul Gandhi PM2019' has also posted these photos with the same message in Hindi. ",real,Manav Choudhary
"As the death toll in the Delhi violence mounted to 46, leaving more than 250 injured, a picture of an injured child is going viral on social media with the claim that he was attacked by rioters while on his way back from school. Facebook user ""Dhiraj Pandey"" posted the picture along with a claim in Hindi that translates to, ""The country will never forget this pain. The rioters did not spare even a child returning home from school. Till now, news of one kid losing his life has come in front of the nation. Social media has this painful image from the Delhi riots. What was the fault of this child? The country will never forget this pain."" We are not showing the image of the child as it is very disturbing. ",real,Neha Kaur
"Several parts of the country witnessed violent protests against the Citizenship Amendment Act (CAA) and National Citizenship Register (NRC) but there were also many who came out in support of the new law. Amid a flurry of videos doing the rounds on social media, the latest clip shows a large number of people waving saffron flags. It is being claimed that people came out on the streets of Bhilwara for supporting CAA and NRC.Watch the video here ",real,Aisha Agarwal
"While the flood situation in the North Eastern state of Assam has improved, pictures and videos of flood-affected areas are still doing the rounds on social media. One such picture, being actively shared, is that of a Bharatiya Janata Party (BJP) carrying a sack of rice on his back at a relief camp. Praises have been heaped upon the MLA for doing a good deed. pic.twitter.com/OoNj8jRHgd   ",real,Neha Kaur
"The controversies surrounding farmers refuse to die down. In a latest incident, several media reports claim that a farmer sent Rs 1,064 he earned from selling 750 kg of onion to the Prime Minister's Office (PMO) as a mark of protest. The reports also claim that the PMO, instead of taking note of his plight, asked him to send the money through online transfer mode.A report in Dainik Bhaskar claims that Sanjay Sathe, a farmer from Maharashtra's Nashik, sent Rs 1,064 to the PMO through money order. He took this step to highlight hardships the farmers are facing as prices of onion have crashed much below the production cost. Nashik is the biggest wholesale market of onion in the country.Sathe had sent the money from the post office of Niphad in Nashik district on November 29.The same story has also been reported by Business Standard, ScoopWhoop, and The Logical Indian. All of them have quoted Dainik Bhaskar report as their source.",real,Arjun Das
"As Delhi goes to polls on February 8, a list of names is going viral on social media with the claim that the ruling Aam Aadmi Party (AAP) has announced its first list of candidates. Incidentally, with 21 out of the 27 names in the list being Muslims, there’s a communal spin to the claim. The claim in Hindi along with the viral post translates to, This is the Aam Aadmi Party’s first list of 27 candidates for the Delhi assembly elections, of which 21 are Muslims. Delhiites, be careful, else it won’t be long before Delhi becomes another Kashmir and you’ll put an axe on your own feet. Seelampur, Okhla, Shaheen Bagh, Jasola, Nangloi, Shahbad Dairy and Khureji are prepared to vote; development and honesty won’t matter. ",real,Arjun Fernandes
"A video is doing the rounds on social media with the claim that police found a bomb at the Dilshad Garden Metro station in Delhi. In the video, some police personnel along with a fire brigade can be seen outside the Metro station. In the background, a person can be heard alerting people about a bomb being found at the Metro station. Among others, the video was posted by Facebook page 'Rajsar Foundation Since 2017'.  ",real,Yash Rana
"Everyone loves a free ride and that is why a social media post has been going viral claiming that the Ministry of Road Transport and Highways has exempted lawyers across India from paying charges at toll plazas. The claim  Facebook user AdvJagdish Garg’ uploaded a letter purportedly on government letterhead and said, Lawyers do not have to give toll tax. The letter, dated 3 December, is addressed to Advocate Ravi Gowda in Bangalore and has been issued by IAS Officer and Private Secretary to Minister of Road Transport and Highways, Sanket Bhondve. The letter states, As per your letter dated 1 December 2019, I am directed to inform that all lawyers of all the states in India are permanently exempted from paying toll charges in all tolls. Lawyers ID to be shown. The archived version of this post can be seen here . Similarly, another Facebook user 'Amrendra Rai Advocate HighCourt Allahabad 9911492306' uploaded a similar-looking letter and said the same thing, now lawyers do not have to pay toll tax. This letter in the post is addressed to Advocate Baskaradoss in Chennai and says, The office of Hon’ble Minister of Road Transport & Highways has received your letter dated 13.11.2019 regarding enlist the ""Advocates in the exempted list from payment of Toll tax on National Highways, and the advocates passing the National Highways may be permitted to proceed without payment of toll tax on production of identity card State Bar Council. In this regard would like to inform you that your letter has been forwarded to Chairman, NHAI, for taking necessary action. The archived version of this post can be seen here . Both these letters are on the same letterhead, that of IAS officer Sanket Bhondve. ",real,Kunal Rana
"A Facebook post which has gone viral claims that protesters threw shoes at Jharkhand Chief Minister Raghubar Das recently. This viral post by website 'Viral In India' refers to a news article with the headline: BJP ke mukhyamantri ko maare gaye joote, sabhi 500 logo pe case darj (Shoes hurled at a BJP CM, cases registered against 500 people)",fake,Ishita Kapoor
"A video of former deputy chief minister of Bihar Tejashwi Yadav and his elder brother Tej Pratap dancing has gone viral on the social media. Twitter page 'Yogi Adityanath FC' claims that even after getting zero seats in the Lok Sabha elections, and despite Lalu Yadav's flailing health, his sons are in a party mood. At the time of filing this story, the post was retweeted by more than 500 users and liked by more than 1,000. 40pic.twitter.com/ItjdnOgpwV ",fake,Karan Verma
"Amid International Women's Day celebrations on March 8, two pictures of a young girl in hijab with policemen are going viral with the claim that a 24-year-old Muslim girl in Mumbai qualified the Indian Administrative Services (IAS) exam. While one of the images shows the girl sitting on a chair surrounded by policemen, the other shows cops saluting her. Facebook Page Burhan for ""Kishtwar"" posted the pictures with the caption, ""24 Year's Old Indian Muslim Girl Qualifies IAS in Maharashtra Mumbai"".",fake,Ananya Menon
"It is 71 years since Independence and one controversy that refuses to die down and comes back every year to haunt us - who designed the national flag? The answer to this question according to Wikipedia is Pinagali Venkayya. But netizens, like many historians, refuse to believe this blindly. A confusing message doing the rounds on Twitter and other social media platforms states, ""Indian national flag was designed by a Muslim woman from Hyderabad called Mrs Suraiya Badruddin Tayyabji."" ",real,Meera Kapoor
" A Facebook post doing the rounds on social media claims BJP MLA from Hamirpur in Himachal Pradesh was beaten up by two women with shoes at a felicitation ceremony. The 32-second video on Facebook has been shared more than 5,000 times. The message in the video reads, ""BJP vidhayak ka swagat juton se kiya gaya, Hamirpur main aur karo jumlebaji.""  The video has been shared by Rajendra Shukla, who is the president of the Block Congress Committee at Kailaras in Madhya Pradesh. ",real,Siddharth Menon
"Misinformation centred around Pulwama martyrs targetting politicians continues to flood social media unabated. A 16-second video which has gone viral shows Uttar Pradesh Chief Minister Yogi Adityanath laughing and chatting with others in front of a coffin wrapped in the Indian flag. The message in the video is sarcastic in nature, claiming it to be the funeral of a martyr. The video along with the claim is being circulated widely on Facebook as well as other social networking sites. ",real,Vikram Mehta
"A video of a funeral pyre with a large number of people standing around is going viral on social media with the claim that it is the last rites of the Hyderabad veterinary who was raped and murdered by four men last week, leading to a national outrage. The video was shared in a Facebook group called Naveen Pattnaik Fan Club. The claim along with the video says, ""Last Ritual of... Plz Forgive us Sister.""  ",real,Neha Agarwal
"After Team India's heartbreaking exit from the World Cup campaign, a million dollar question that is haunting fans is, will Mahendra Singh Dhoni continue his journey or hang up his gloves. Well, the answer to this question lies with Thala (his South Indian fans call him fondly by this name) himself, but social media is flooded with a lot of emotional appeals and and some misleading posts. One such viral post on Facebook claims that BCCI has cancelled Dhoni's retirement from all formats. It then makes a self-contradictory claim that the board has appointed him as ""former captain of Indian team from next ODI series"". It is a well-known fact that Dhoni was the captain of the Indian team and there is no way he can be appointed as ""former captain"". ",real,Ishita Mishra
"A newspaper clip that claims the Modi government killed more terrorists than Manmohan Singh's government."", 'The newspaper clipping says, ""Manmohan Singh ka 10 saal ka sashan, 1788 aam log mare, 1177 jawan Shaheed aur sirf 241 aatanki mare. Modi ke 4.5 saal ka sashan, 61 aam loge mare, 303 jawan Shaheed hue aur 1701 aatanki mare, (During 10 years of Manmohan Singh\'s regime, 1,788 civilians were killed, 1,177 army men were martyred and only 241 terrorists were killed. In four-and-a-half years of the Modi government, 61 civilians were killed, 303 jawans martyred and 1,701 terrorists were killed).""",fake,Riya Choudhary
"At a time when the novel coronavirus cases are surging globally and the world is desperately looking for a vaccine, a post with a video of Donald Trump claiming that the United States President has announced that the Covid-19 vaccine is ready and will be launched by the pharmaceutical giant Roche by next Sunday has gone viral. Facebook posts by users such as ""Soumya G. G"" and ""Zafar Ali Mahar"" show a video clip of NBC news channel. At the very beginning of the 37-second clip, Trump invites Matt Sause, president and CEO of Roche Diagnostics, North America, on the dais. Sause conveys his thankfulness to the Food and Drug Administration (FDA) for ""rapid approval"" for coronavirus tests. The caption of the Facebook posts read, ""Trump announced that Roche Medical Company will launch the vaccine next Sunday, and millions of doses are ready from it !!! The end of the play.!"" The archived version of the post can be seen here. ",real,Pooja Joshi
"During a review of the Namami Gange project on Saturday, Prime Minister Narendra Modi missed a step at Kanpur's Atal Ghat and fell on the stairs. After the incident, Internet is abuzz with videos and photos of the same. And now, a photo showing a man in white kurta pyjama lying on the ground is doing the rounds on social media with the claim that 69-year-old PM Modi slipped on the stairs but Congress leader Rahul Gandhi fell on a flat surface. ",real,Kavya Choudhary
" '""Rotten eggs and tomatoes thrown at Amit Shah in Gujarat"" -- a story by the website \'Viral In India\' -- is in circulation on social media platforms like Facebook and Twitter.', '""Gujarat mein Amit shah par sarre ande aur tamatar se hamlaa""', ""English translation: 'Rotten eggs and tomatoes thrown at Amit Shah in Gujarat'"", 'Viral In India filed this story with dateline - December 25, 2018 on their website and posted it on their Facebook page. This post was shared by more than 3,000 people at the time of writing this article.'",fake,Varun Agarwal
"As soon as news of Prince of Wales Charles having contacted coronavirus hit the headlines, netizens started taking a dig at Kanika Kapoor for having infected him. The Bollywood singer had tested positive for Covid-19 after returning from the United Kingdom on March 9. And now, social media users are sharing her photos with Prince Charles to establish the claim. Facebook user ""Damayanti Bhattacharya"" posted a collage of two pictures of Kanika with Prince Charles with the caption, ""Kanika Kapoor spreading love and care all around the world. With HRH Prince Charles here who was diagnosed with Covid19 today"".  Here, Kanika can be seen wearing an orange dress. The archived version of the post can be seen here. Similarly, sharing another picture of the singer in a shimmery silver dress and with Prince Charles and Duchess of Cornwall, some Twitter users have made the same claim. ",real,Neha Kapoor
" A message going around in whatsapp, with a hashtag #phirekbaarModisarkar, alleged that a youth in Bengal was arrested because he pointed out on Facebook, that a national flag had been hoisted upside down at a Trinamool Congress Party office. The post, other than this message, is full of political rancour against Mamata Banerjee. The post shows the picture of a man with handcuff and an image of an inverted national flag in front of a house which looks like a Trinamool Congress party office. On the wall of the house, ""Ma Mati Manush"" is written. This is the famous slogan of Trinamool Congress. Location is mentioned on the wall as well. The location is shown to be Khurul in Burdwan district in West Bengal.  ",real,Siddharth Menon
"Sanjiv Bhatt, a former police officer, misrepresented an old image as having been taken during the floods in Kerala, and used it to accuse Prime Minister Narendra Modi of ""viscerally"" hating the state.

The picture shows men repairing wires on electricity poles. ""Kerala State Electricity Board workers trying to restore power even while facing heavy rains. This photograph was taken 5 days ago. Now you know why Modi and his Sanghi Thugs viscerally hate Kerala,"" Bhatt said in a tweet.",real,Karan Joshi
"A disturbing video with uncomfortable visuals is resurfacing on social media with different claims. The 72-second video that has been doing the rounds on Facebook and Twitter shows a man lying face down on the ground, and several young boys thrashing him with sticks and bricks ruthlessly. ",fake,Sameer Pandey
"The political blame game continues unabashedly in the wake of the Pulwama terror attack that left 40 CRPF jawans dead on February 14. At a press conference on Thursday, Congress leader Randeep Surjewala claimed that Union Minister of State for Culture and Tourism Alphons Kannanthanam took a selfie with the body of a martyr just before his cremation. The Congress leader even flashed a photo, which according to him established that Alphons was taking a selfie. ",real,Varun Agarwal
"An image of a structure in the shape of a fingerprint is going viral on social media with the claim that it is actually a building in Thailand and its name is Fingerprint Building’. Facebook page World’s Amazing Factz shared the image with the caption, Fingerprint Building in Thailand. ",real,Karan Bhatt
"The novel coronavirus pandemic continues to rattle the world, with more than 1,30,000 cases and over 5,000 deaths globally reported. Amid the scare, a social media post is being widely circulated with the claim that Israel has discovered a vaccine for the Covid-19. Here's the Facebook post. ",real,Aman Menon
"A picture of a woman lying on a hospital bed is going viral on social media with the claim that she was raped by a doctor in a corona isolation ward and died soon after being discharged.  Right when you start thinking that humans cannot get more disgusting, Something like this happens. A woman who was said to be 2 months pregnant was admitted raped into Corona Isolation Ward of Magadh Medical College, Gaya, Bihar. She was admitted into the emergency ward at first due to bleeding after that she was shifted to normal ward and her treatment was going on. She travelled home from Ludhiyana, Punjab on 25th of March, So on the basis of that She was shifted to Corona Isolation Ward on 1st of where the doctor who used to go for checkup kept raping her for 2 days straight. When her mother in law went to meet her, She told her about the entire incident and begged to take her home. The woman also complained to the guard who told her to remain silent and think about her family's reputation. On 3rd of April when she tested negative for corona, She was discharged from the hospital. She kept on telling about whatever happened with her in the hospital to her family but they didn't react due to the fear of society or whatever. She went through miscarriage after coming home and She died on Monday. Not just that, She lost her kid because of miscarriage which happened because she was brutally raped inside. Just imagine the pain that mother went through. You know we all will say Rest in Peace but I don't think it's gonna happen until she gets justice. An FIR has been filed against the accused and An investigation committee has been formed. I just hope that the woman get justice before its too late. When all the doctors are risking their lives for us, This doctor became a dark spot on the name of humanity. Now this is the kind of doctor who deserves to be beaten up and I won't feel bad if someone beats him up. I don't know what else to say except requesting all the women to stay safe and Take stand against issues like this.. I ain't gonna say RIP tonight, I'll wait until she gets justice. Share the post for Awareness. Comment your views about it. Here is the link how need insight to knows the 100% correct news : https://www.google.com/amp/s/www.deccanherald.com/amp/national/north-and-central/migrant-woman-in-bihar-coronavirus-isolation-ward-sexually-abused-die A post shared by  || || (@imphenomenal_prince) on Apr 9, 2020 at 5:18pm PDT  ",real,Aisha Rana
"A clip of ""News24"" channel has gone viral on social media showing a maid's bizarre act. The woman was caught on CCTV mixing her urine in the food that was to be served to her employer. Many social media users are posting the video with the claim that the maid is a Muslim, and employed by a Hindu. The claim says she was caught stealing once, for which her employer had installed CCTV in the house. Facebook user ""Drishtikone Bharat"" posted the video with the claim, ""Mr. Suri had employed a maid by the name Hasina. This Muslim woman was spitting, putting a glass under her clothes and peeing in it.. and mixing her pee in the food that she cooked for the family. She was caught in the act after CCTV was installed as she was nabbed stealing once. The family wanted to catch her in the act of stealing. Little realizing her special ingredient in the food she was serving therm. This is the level of hate!!"" As per the clip, the incident took place in Bhopal and the maid was working in the house of one Mukesh Suri. The viral clip does not include the details of the helper.  ",real,Ishita Nair
"In his fifth Independence Day speech, Prime Minister Narendra Modi made several statements about his government's achievements in last four years. There were several tall claims ranging from record sales of tractors to pulling out 5 crore people out of poverty in last two years. Here is a fact check on some of his claims.

What PM Modi said:-

1. Tractor sales reached record high

2. High growth of start-ups in Tier 2 and Tier 3 cities

3. 99 pending irrigation projects are completed

4. India is world's sixth largest economy

5. India has moved from 'fragile five' economies to multi-trillion dollar investment destination.

6. Indian passport is one of the most respected and welcomed in the world.
7. India is world's second largest fish producer

8. India's honey export doubled in last one year.

9. Rs 13 crore MUDRA loan distributed, boosting entrepreneurship and jobs.
10. Khadi sales doubled in the country.

11. Swachh Bharat Abhiyan saved lives of 3 lakh children

12. Five crore people came out of poverty in last two years.",real,Aisha Sethi
"A photo of a lady in a sari is being circulated on social media. It is being claimed that the girl from Parle-G biscuit is Neeru Deshpande and she is now 65 years old. According to the claim, she was four years old when she posed for the brand. Facebook page ""The Pagla Engineer"" shared the post which got more than 700 shares till the time of filing the story.  ",real,Aisha Agarwal
The devastating bush fires in Australia have triggered several heart-wrenching images of trapped animals on social media. Several comforting pictures of humans rescuing animals are also available on the Internet. One such picture of a kangaroo snuggling a woman has gone viral. Facebook page Chennai Memes claims that the kangaroo is hugging a volunteer after being rescued from bush fire. The post is carried along with the caption heart breaking ! and hashtag #AustralianBushFires ,real,Shreya Kulkarni
"A video has gone viral on social media with the claim that Delhi Police halted an ambulance to let the convoy of BJP MP Manoj Tiwari pass, as a result of which a little girl fighting for life died. The video, posted by Facebook page Aam Admi Zindabad, shows an ambulance, along with some other vehicles, stopped at a police blockade.  ",fake,Kunal Iyer
"A photo collage of BJP MLA from Hyderabad's Goshamahal T Raja Singh, along with a woman is being circulated on the social media with the claim that his sister Maya Devi has converted to Islam. The photo is being circulated on Facebook pages under the masthead of a media house and with grammatically erroneous text over it that reads, ""Hyderabad BJP MLA Raja Singh's sister Maya Devi accepted Islam."" According to the post, her brother separated from her after she converted to Islam. By the time of filing this story, the post was shared by more than a thousand users. The archived version of the post can be seen here. ",real,Pooja Chawla
"Amid a plethora of photos and videos related to the Delhi riots going viral, a recent image shows a policeman trying to hit a young boy with a baton. It is being claimed that this is how the Delhi Police tackle terror. ",real,Sameer Fernandes
"A viral post on social media claims that Tata Group, one of the biggest business conglomerates in India, will no longer recruit employees from Delhi’s Jawaharlal Nehru University. JNU has been in the news lately for clashes, protests and police cases against students. Facebook user Akhil Kumar wrote a post in Hindi in a group called Helping India Foundation, which translates to, Welcome decision. Tata Company has given azaadi to students of JNU. Now, Tata will no longer give jobs to students of JNU. The archived version of the post can be seen here. Here is the link of the post. ",real,Siddharth Kapoor
"The killing of top Iranian General Qassem Soleimani in an American airstrike has heightened tensions in the Middle East, even raising the spectre of another world war. Soleimani was the head of the elite Quds Force and widely considered the second most powerful man after Iran’s supreme leader Ali Khamenei. He was killed last week in Iraq in a US drone attack. And now, a video has gone viral on social media claiming to be of the very drone attack that killed Soleimani. Facebook user Vishan Prakash uploaded the video with the caption, American drone attack on Soleimani. The gory details. The whole convoy finished. Don’t hear anything about human rights.  ",real,Shreya Pandey
" the much-awaited Signature Bridge is finally ready for Delhi. But, a day before its inauguration, the ruling Aam Aadmi Party has courted a controversy by tweeting three photos that it claimed are of the bridge.  On Saturday night, the official twitter handle of the Aam Aadmi Party, posted a tweet saying, ""Delhi! Here is your pride The Signature Bridge"" ""Delhi !Here is your pride ..The Signature Bridge . Ready to welcome you tomorrow for Inauguration Ceremony.. 4PM onwards.. Sunday, 4th Nov.""- @msisodia pic.twitter.com/agEuZhrjib AAP also posted three pictures purportedly of the Signature Bridge, connecting the Outer Ring Road with the Wazirabad Road on the western flank of the Yamuna river. @ArvindKejriwal / https://t.co/edwphH9ubn pic.twitter.com/w9Z8xHSkWc ",real,Manav Bose
"Did the girl who has become the face of Jamia Millia Islamia protests against Citizenship (Amendment) Act share stage with Rahul Gandhi? Ayesha Renna, a history student at Jamia, has been a talking point on social media after a video emerged of her arguing with Delhi Police along with two other girls during a lathicharge on Sunday at the university. And now, a picture of a girl talking to Rahul Gandhi is being widely shared on social media with the claim that she is the one seen at the Jamia protests. Many Facebook users have shared Ayesha's photos at the protests along with the viral image. ",real,Anjali Kulkarni
"A letter allegedly exposing the Congress party's plan to divide Hindu communities in Karnataka to bag votes has been circulating on social media. The post claims that the letter was written by Congress leader MB Patil to UPA chairperson Sonia Gandhi in July 2017. Among others, a Facebook page by the name BJYM Chandigarh has posted the letter with the caption saying: ""The letter written to Sonia Gandhi by Congress leader MB Patil exposes shocking details of how Sonia Gandhi wanted to divide Hindu communities.""",real,Pooja Malhotra
"Recently, a 10-second-long video of senior Congress leader and former Rajasthan chief minister Ashok Gehlot has gone viral with the claim that Pakistan flags were used in his election campaign.'On the Facebook page WE SUPPORT NARENDRA MODI, a user posted the video.This video has been shared in thousands from multiple Facebook pages.The post claims ""Pakistan flag is seen in Gehlot\'s rally"". Several green flags along with the tricolours can also be seen in the crowd.",real,Vikram Das
"Former Karnataka chief minister HD Kumaraswamy is facing backlash over his son’s wedding on Friday amid the Covid-19 lockdown. Netizens have criticised the family for holding celebrations at a time when governments and health experts around the world have been stressing on social distancing and avoiding crowds. The JD(S) leader, however, said all precautionary measures were taken before the event. Now a post circulating on social media shows Karnataka chief minister BS Yediyurappa at an event along with Kumaraswamy and a couple dressed in wedding attire. It is being claimed that Yediyurappa also attended the wedding of HDK’s son on Friday despite the lockdown. The post is accompanied by a photo of lockdown violators being punished by the police. The Hindi caption of the photo translates to, “Here the ruling and opposition sides are together because they are rich Only the poor have to follow the lockdown even if they are dying of hunger” The archived version of the post can be seen here. ",real,Ishita Nair
"Ahead of US President Donald Trump's visit to Ahmedabad, slums in Gujarat have become a controversial spot after mainstream media published news reports that Ahmedabad Municipal Corporation (AMC) has sent eviction notices to slum dwellers and has begun building walls allegedly to cover up slums on Trump's route. The claim Now a set of two images, claiming to be of Gujarat are going viral on Facebook. One of the images which looks more like a digital graphic has the caption ""Gujarat 2014"". The other picture shows a top shot of slumlike structures with a caption saying ""Gujarat now"". User ""Nimal C R"" has posted this on the Facebook page.  The archived version of the post is saved here. ",real,Sameer Pandey
"The Bharatiya Janata Party's (BJP) IT cell head Amit Malviya leveled charges against the Congress party for campaigning during polling in Madhya Pradesh on Wednesday. Malviya tweeted, alleging Congress of using social media for campaigning on the day of polling. He claimed this as ""gross violation of Representation of People Act"". He urged Election commission to take note of the matter. Malviya attached screen shots of two different tweets posted from the party's official twitter handle. Both the tweets have time stamp of November 28, 2018.


Some people replied back on Malviya's tweet claiming, BJP also continued to campaign like Congress on the day of polling.

Is the political campaigning on social media, on the day of poll, a violation of ""Representation of People Act"", as claimed by Malviya? Some people cast doubts, if Election commission take any cognisance of these matters? India Today Fact Check found that as per Election Commission, these posts are violation of The Representation of People Act.

Going by the official handles, we found that both, BJP and Congress tweeted political posts related to Madhya Pradesh campaign on the day of polling. Polling began in Madhya Pradesh on the same day, from 7 am and these tweets were posted in the morning.

Congress had posted two videos addressing farmers and women. The messages in the posts tried to lure voters with various schemes the party offers. In the tweet addressed to the farmers, sops including loan waivers, crop insurance and pension are offered.

In the second video, Congress promises loan waiver for self-help group of women and assures safety for women, in Madhya Pradesh. Congress appeals voters to cast vote for them in the videos and use #VoteCongress in the tweets.


In the same way BJP also appealed its voters to vote for the party. With a #FirBJPFirShivraj, the party posted tweets from official handle, asking voters to push the button for their party symbol-""lotus"". It also lists out various promises for the development of the state and its people.",real,Kavya Choudhary
"A Facebook post on the recent renaming of Train 18 -- the Indian Railways\' fastest engineless train -- is doing the rounds on social media. According to the claim, Prime Minister Narendra Modi said that the train is called ""Vande Mataram Express"" so that the ""traitors who were reluctant to utter these words are now forced to do so"".The claim was made by a Facebook page called 'Narendra Modi Whatsapp Group' which has more than 15 lakh followers.The archived version of the post can be seen here.",real,Yash Nair
"During the lockdown imposed to fight the new coronavirus, many are turning saviours for Indians struggling to get daily essential food items. However, one viral video appears to tell a different story. In it, it seems as though a man at a grocery shop is trying to exchange or sell the extra rations donated to him.  The man can be heard saying to the shopkeeper that he has around 200 kg of donated food grains, and that he wants to exchange it for other items, such as soap and shampoo. The archived version of the video can be seen here. The video is circulating on WhatsApp groups in India, and people are wondering where it's from. Some are sharing the video on social media with different claims. ",real,Anjali Kulkarni
"When India was awaiting for the release of Wing Commander Abhinandan Varthaman from Pakistan, multiple social media users began sharing a video of a few uniformed men dancing. The videos claimed, ""#Abhinandan dancing with the Army and Air Force in Pakistan. Soldiers Converted Battle Ground into Love for Each Other"" as one Facebook user put it. ",real,Aditya Agarwal
"With the completion of polling for the second phase of Lok Sabha elections, several celebrities and prominent figures were seen casting their votes and posing with inked index fingers. As polls were underway, a picture claiming that Google CEO Sundar Pichai came all the way from the United States to India to cast his vote went viral on social media. In the photo, Pichai can be seen with a few Indians. The post has been shared by the Facebook page 'Poor Guy Sayings' and it has already been shared more than 1,200 times. The page has more than nine lakh followers on Facebook. ",fake,Nandini Reddy
"He hacked 4,000 million US dollars from 217 banks. Gave all the money to poor people of Africa and Palestine and accepted his death sentence with smile. #You_are_great_human."" This is being claimed with a collage of three pictures in which a man with a smiling face is seen hanged. This emotional post has caught everyone's eye on social media. ",real,Neha Iyer
Is the Arvind Kejriwal government providing monetary help only to Muslim victims of the Delhi riots? This is what is being claimed with a viral photo of a Hindi newspaper advertising the Delhi government’s assistance scheme for riot victims. The viral image shows the word Muslim’ in the top right corner beside the header Danga peedito ki madad hetu (For the aid of riot victims). It gives the impression that the government is providing monetary help only to Muslim victims. The claim along with the photo also says that the Delhi government is biased in providing compensation to riot victims. ,fake,Siddharth Chawla
"For instance, a video clip being widely being shared on social media that shows senior journalists associated with the India Today Group eulogising the ""dynamic leadership of Prime Minister Narendra Modi"". The 4 minute-6 second video was posted on Facebook page \'Politics Today\' (@Namobharat 2019) on February 9 has already been shared thousands of times. People also tweeted about this viral video.', '', '@sardesairajdeep @narendramodipic.twitter.com/6LUx0AuN8K', '', 'The archived version of the video can be seen here.'",real,Manav Iyengar
"A video of a man addressing a bunch of people is getting viral on social media. In his speech, the man says if the government is prohibiting entry of more than five people to offer namaz inside mosques, people are also ready to give their lives. The video is being widely circulated on social media and netizens are wondering if it is from India. Facebook page ""All India News"" also shared the 1-minute-35-second video.  ",real,Vikram Mehta
"Has the Central Intelligence Agency (CIA), America's top spy agency, predicted a defeat for the NDA in the ongoing Lok Sabha polls? If the message being circulated on social media is to be believed, the CIA has made the assessment based on a survey that the NDA will not be able to go beyond 177 seats, and in the worst-case scenario, it may come down to just 145 seats.  ",real,Siddharth Chawla
"While addressing a rally in Jhabua on Monday, Congress president Rahul Gandhi said that the serving Chief Minister Shivraj Singh Chouhan's son was named in the Panama papers. Gandhi was on a two-day tour in the poll-bound Madhya Pradesh. ",real,Divya Kaur
"Local journalist Praveen Uttam was in for a rude shock first when he took out Rs 1,200 from an ATM of United Bank of India in Bareilly's Subhash Nagar neighbourhood. A 500 bill had ""Children's Bank of India"" printed on its one side and ""Bharatiya Manoranjan Bank"" on the other.",real,Arjun Fernandes
"Did American daily 'The Washington Post' really publish a cartoon making fun of Congress president Rahul Gandhi? A Twitter user recently posted the cartoon that is widely being circulated on other social media platforms as well. Twitter user 'RenukaJain Chowkidar', who claims to be a financial and tax adviser, uploaded an illustration or a cartoon tagging Rahul with the claim, ""Pappu is famous world wise (sic). Congratulations @RahulGandhi. Cartoon in Washington post."" ",real,Aditya Verma
"A video of a policeman carrying a baby in his arms is getting viral on social media. In the video, the policeman seeks help in locating the kid's family. It is being claimed that the baby was spotted in Nagpur railway station and can only speak Tamil.  ",fake,Arjun Kulkarni
"A photograph of Congress president Rahul Gandhi with a woman, claimed to be a porn star, is doing the rounds on social media. The viral image was posted by a Facebook user, Atma Ram Thapaliya on December 5, 2018 with the caption ""Janeudhari Brahmin""The archived version of the post can be seen here. The archived version of the post can be seen here.",real,Divya Kulkarni
"A viral post on social media claims that from June 1, all banks in India will remain open only from Monday to Friday and will no longer operate on Saturdays. ",real,Siddharth Chawla
"With more than 13,000 infected cases and 31 deaths in Germany, chancellor Angela Merkel said the novel coronavirus pandemic is the greatest challenge in decades. The German government has taken the decision to deploy military and close borders. Hence, panic spreads and there are several reports that people are out in the markets stockpiling their rations. Amid this, a video of hundreds of people gathered in front of a store and rushing towards it, is doing rounds on social media platforms. Facebook user Holden Evelyn posted the video claiming that thousands are rushing to this store to stock pile their supplies. The caption of the YouTube video shared by the Facebook user reads, ""#Germany - crowds are rushing in to gather supplies ahead of the pandemic spreading into their communities. This is what you will deal with when tstf and you are not ready. Just think about this too, there could be infected people in that crowd??#Coronavirus."" The archive version of the post can be seen here. The 15-second YouTube video too claims, 'people pushing each other to reach first and get necessary supplies to stock.' Several other social media users also claimed that the video is recent and related to novel coronavirus.  #CoronaVirusUpdateScenes from Germany!#coronavirus fears in Germany result in large crowds outside a ??????supermarket. People pushing each other to get into store firstmto get necessary supplies . #COVID19 #COVID2019 pic.twitter.com/ouGo5W2Sij  ",real,Vikram Choudhary
Several videos claiming surge in religious conversions in New Zealand are doing rounds online after Christchurch mosque shootings that took place on March 15. The videos claim that people are converting to Islam especially after the shooting. ,real,Neha Reddy
"A long letter attributed to Microsoft co-founder Bill Gates has gone viral on social media platforms, where the billionaire has purportedly claimed that novel coronavirus has a ""spiritual purpose"" and is ""a great corrector"". The letter goes on to state 14 points which it claims was written by Gates as to the lessons we should learn from Covid-19. Several Facebook users such as 'Clement Fon' and 'Alejandro Lorenzo' have posted the viral message. The archived version can be seen here. The Facebook post can be seen here. ",real,Simran Chawla
"A black-and-white photo of Mahatma Gandhi standing with a kid is going viral on social media with the claim that this was Tibetan spiritual leader Dalai Lama as a child. Facebook user ""Siow Cheechoong"" posted the photo in a group called ""Dalai Lama Group"" and captioned it, ""Mahatma Gandhi and Little Boy One And Only Tibetan DALAI LAMA"". The archived version of the post can be seen here. ",real,Varun Agarwal
"Veteran actor Rishi Kapoor passed away on Thursday morning at the age of 67 after a long battle with cancer, leaving his fans grief-stricken. A few hours after his death, a video of a man singing next to Kapoor started circulating on social media. In the video, the actor is seen lying on a hospital bed, as the man next to him sings “Tere dard se dil aabaad raha” from Kapoor’s hit movie “Deewana”. The actor later blesses the man. Netizens started claiming that this was the last video of the actor from the Mumbai hospital he was admitted in. Clip of last night, with doctors at the Reliance Foundation Hospital, Mumbai. You are a Legend Rishiji you will always be in our hearts and mind pic.twitter.com/g1Tj01JbgW ",real,Manav Rana
"Amid restrictions on public movement and gathering in various states and districts of India to control the spread of coronavirus, a message is going viral on social media with the claim that the entire state of Assam has been locked down. Several Facebook users such as Arun Datta and Meitei Kanto have posted a list of restrictions which they claim are the ""Assam CM's Press meet Highlights"". The first point says, "" Entire state lockdown"". ",real,Karan Gupta
"After the Aam Aadmi Party's clean sweep in the 2020 Delhi assembly election, the spread of misinformation related to Chief Minister Arvind Kejriwal and his party has intensified. A Facebook user posted the screenshot of a doctored Twitter post by AAP MLA Amanatullah Khan. The post which has gone viral on social media claims that Amanatullah Khan hailed the Shaheen Bagh protest and thanked his Muslim brothers and sisters saying 'Islam will win'.One of our readers sent this screenshot to our WhatsApp number 7370007000 to know the truth behind this tweet. Facebook user Purbey G posted a screenshot of a tweet by Amanatullah Khan that reads, ""I am leading by 72,000 votes after 13th round of counting. Today Shaheen Bagh has won, today Islam has won. Inshallah, Islam will win in whole India. I thank my Muslim brothers and sisters, we have shown our strength. Continue to show our unity. We will write history."" The caption of the Facebook post says, ""Congratulations to Aam Aadmi Party, now we know what kind of political ideology they have."" The Facebook user shared the post to a group called RSS. You can see the archived version of the post here. ",real,Siddharth Chawla
"Every election, political parties do rope in celebrities to woo voters. But did Master Blaster Sachin Tendulkar say he would not fight elections against Narendra Modi even under pressure from the Congress party? This is what's being claimed in the posts doing the rounds on social media."", ""The post, claiming to quote Tendulkar, has been being shared on the Facebook page 'Political Tamasha'. The same post was also circulated in July last year by another page 'JAY MODIRAJ'. Both the posts generated more than 6,500 shares and the two pages put together have a total of over 19 lakh followers."", 'In the post, Sachin said, ""Congress mere upar chahe kitna hi dawab banaye, lekin main Narendra Modi ji ke khilaf chunav nahi ladunga, Congress ke liye chunav prachar karne ka toh sawal hi paida nahi hota [Congress may put as much pressure as it wants, but I will not contest election against Narendra Modi ji. There is also no question of campaigning for the Congress].""', 'Some users are hailing Sachin for his decision and calling him a ""true nationalist"".",real,Simran Bose
A video of a lion coolly crossing a street has gone viral with several people claiming that this incident happened in Mumbai. ,real,Neha Mehta
A photograph of a bridge over a highway connecting forest on both sides is getting viral on social media. The claim A Facebook post has claimed that the Netherlands has constructed 600 such bridges to help animals cross the routes.  ,fake,Ishita Das
"job offer is going around in Whatsapp groups, purportedly in the name of Reliance Jio.', 'Earn a salary up to Rs 60,000 per month, just by posting SMS, daily for 2 to 3 hours from home- the message says and it leads to a web link https://www.jio-jobs.ga/*', 'This page also contains Terms and conditions.But a closer look at the language of the Terms and condition shows it talks about some irrelevant, random subjects like bitcoins and home mortgage.'",real,Anjali Kulkarni
"The night when her father -- an 82-year-old Congress veteran -- shared the podium with RSS chief Mohan Bhagwat at the Sangh headquarters in Nagpur, a photo spread like wildfire on social platforms.It showed the former Indian president with a black RSS cap on his head, offering the Sangh\'s traditional ""dhawaj pranam"", his right hand placed on the chest with the palm facing downwards.  With the June 7 reception of Pranab Mukherjee at the RSS headquarters broadcast live on national air, it is no secret that he neither wore a cap nor stood in the RSS\' ""dhawaj pranam"" gesture.Pranab Mukherjee stood to attention -- straight with his feet together and arms at their sides -- when the Swayamsevaks gave the traditional flag slaute.",real,Pooja Rana
"A photo of a kid lying on a hospital bed with relatives gathered around is getting viral on social media. It is being claimed that Indian Army ""thrashed the boy with sticks and broadcast his sobbing through a loudspeaker to terrorise villagers"". ",real,Nikhil Kaur
"Multiple media outlets published an agency story which claims that hundreds of sheep in Southern Ireland went on a week-long uncontrollable sex drive after they drank water from Ringaskiddy harbour where drug manufacturer Pfizer had accidentally spilled tonnes of Viagra. The bizarre story, a news feed by Indo-Asian News Service, was picked by major mainstream media like hot cake. ",real,Kunal Nair
"Amid recent tension in West Bengal, a video claiming to be from the state is circulating on social media in which a group of men can be seen brutally thrashing a boy. In the video, a young boy is seen tied to a tree and some men are beating him with belts. It is being claimed that the boy was beaten up for hoisting a saffron flag atop his house.  This is the position of Hindus in West Bengal. This Hindu boy hoisted saffron flag atop his house.Forwarded by LT Col Dilip Kumar Havanur.The day is not too far every Hindu crusified like this boy.Share it maximum to reach every Hindu. pic.twitter.com/X941quhLKH   ",real,Anjali Iyer
"A picture of bags of apples hanging from a fence is going viral on social media with the claim that it is common practice for the people of Norway to hang apples from their fences so that the poor, hungry and homeless can avail the fruits for free. The post says, In Norway, people harvested their apples and hanged them in their respective fences so that the poor, the hungry, and the homeless avail fruits for free. Instead of letting apple waste. Sharing is caring. The post is captioned, What would you like to say about this habit of the rich people of Norway. (Thanks to friends).  ",real,Nandini Pandey
"Amidst the tension between India and Pakistan over Kashmir post the Pulwama terror attack, social media is hyperactive again just hours before the arrival of Saudi Arabia's Crown Prince Mohammed bin Salman in India. Facebook page ""PROUD TO BE INDIAN"" has posted a minute long video claiming it to be of Saudi Prince's opinion about Kashmir. The caption says, ""Opinion of Saudi prince on Kashmir issue, see how beautifully he expressed his opinion"". ",real,Divya Verma
"As fire continues to ravage the vast Amazon rainforest in Brazil, a set of four heart-wrenching pictures of animals caught in the flames is being shared on social media. It is being claimed that these pictures are from the Amazon rainforest. On August 24, Facebook user Neena Reddy R. posted the pictures and claimed, ""Heartbreaking scene captured at Amazon Rainforest, these divine souls are suffering because of human species carelessness. We have lost glaciers, global warming increased, deforestation, air pollution etc etc. We need one Noah to built a boat and only animals to be allowed soon.#amazon#saveanimals""  ",real,Arjun Bose
"A horrifying video showing a man and a woman in flames has gone viral on social media with the claim that they are a Christian couple in Uttar Pradesh who were set on fire by Rashtriya Swayamsevak Sangh (RSS) workers for resisting land grabbing. Twitter user 'Rani Mukerji' posted the video on October 11 with the claim, ""UP, India: Christian couple was set on fire by the Hindu radicals RSS after the man resisted forcible occupation of his land. Son kept sobbing...this is horrifying!! World has turned a blind eye to what is happening in India."" ",real,Ishita Das
"October 31 marks the death anniversary of Former Prime Minister Indira Gandhi. Besides the normal messages paying respect to the former Prime Minister, a Facebook post with a black and white picture is going viral on Facebook. The post along with the image claims that Rahul and Rajiv Gandhi are praying and reading out kalma( Islamic prayers) in front of Indira Gandhi’s dead body. Two former Prime Ministers, Rajiv Gandhi, and Narasimha Rao are seen in the photo. There are other congress leaders along with Rahul Gandhi can also be spotted in the picture. The images of Rahul and Rajiv Gandhi have been circled. The caption in the post written in Hindi says Infront of Indira Gandhi’s dead body, Rahul and Rajiv Gandhi are reading kalma, but even then the people of our country think they are Brahmins.  The archived version is saved here. ",real,Yash Rana
"A video is being spread like wildfire on Facebook with the claim that the Indian Army is torturing Kashmiri women. In the video, some men in uniform are seen assaulting women in public. An emotional music plays in the background. Facebook user Shamim Hossain posted the video on September 8. Since then, it has been viewed more than 4,35,000 times and shared over 38,000 times.  ",real,Rohit Reddy
"Just recently, the Congress encountered backlash on social media because its spokesman Abhishek Singhvi, a top-notch lawyer himself, represented a Muslim group that defends the practice of female circumcision.Right-wingers have accused the opposition party of Muslim appeasement",real,Priya Saxena
"Has Mexico been hit by a terrifying earthquake? Viral video shows buildings and bridges collapsing, rivers overflowing dangerously, panicked people running helter-skelter and others trying to pull the injured out of the rubbles. The claim along with the video says that Mexico has been hit by an earthquake measuring 8.1 on the Richter scale. The archived version of the post can be seen here. ",real,Arjun Kulkarni
"Can salt raise the dead? According to a viral picture, a heap of it can if a drowned person's body is immersed in salt -- the sooner after drowning the better being among the macabre instructions with the image. The Claim A picture of a child covered in a heap salt is spreading across social media, with the claim that a drowned person can revive if covered in salt for up to four hours. The more recent the drowning, the less time for the miracle, says the post, going as far as to urging people ""to take salt piled outside godowns without even paying for that can be settled later."" The claim was posted by Facebook page 'Shri Majeesa Jasol Dham' on August 12 this year. The post shows the body of a child covered up to the neck in raw salt. The message with the post doesn't provide any detail about the child. ",real,Riya Joshi
"Ahead of the big day when poll results of five states are to be declared, it seems political bickering has not yet ended, at least on social media. On the occasion of UPA chairperson Sonia Gandhi's 72nd birthday on Sunday, a video clip of Prime Minister Narendra Modi's speech from Rajasthan campaign has gone viral.

Since then, Twitterati have been taking a jab at Modi for his ""widow"" comment made during the election campaign, claiming that the prime minister was targeting Sonia Gandhi.

Congress spokesperson Sanjay Jha retweeted a post of party supporter Gaurav Pandhi along with this video clip, calling it ""disgusting"". The tweet claimed that ""Modi addressed Rahul Gandhi's mother as 'Congress ki Vidhwa'. This is the difference between the cultures that Congress and RSS represent.""

Thousands of people retweeted Pandhi's tweet and viewed the video clip. In the 10-second video clip, the PM can be seen giving a speech wearing a saffron turban.

The video looks blurry, and Modi can be heard saying, ""Yeh Congress ki kaunsi Vidhwa thi, jiske khaate mein rupaya ja taa tha?"" (Who was the widow from the Congress in whose account money used to go?)

People reacted strongly against the prime minister for his ""vidhwa"" comment made allegedly referring to Sonia.

Politicians such as Shahid Siddiqui demanded that the prime minister should apologise for such comments.",real,Manav Rana
"A picture showing a man burning India's national flag has gone viral on social media. The claim with the photo says the man is a ""Hindu terrorist"" who burnt the Indian flag as he wants a saffron flag to be hoisted instead of the Tricolour.  The claim was made by Facebook page 'Islam Zindabad' in Hindi, which when translated, says, ""This is Hindu terrorist Shri Krishna Lal burning the Indian flag. This terrorist believes India is a Hindu nation and here, only the saffron flag should be hoisted and not the Tricolour.""Though the post was first put up in August last year, it has been going viral time and again. Till the filing of this article, this post has been shared more than 29,000 times. The archived version of the post can be seen here. ",real,Varun Trivedi
"A video of Uttar Pradesh Chief Minister is doing the rounds on Facebook with the claim ""Yogi Adityanath declares himself to be God"".The post has been shared more than 5,000 times on the pages - ""Amethi Rae Bareli Ki Kahani"" and ""Azamgarh Express"" at the time of writing this report.The two pages shared this video have more than twenty eight lakh followers, in total.The post with the caption reads, ""Hanuman Ji ki jati Dalit batane ke baad. Yogi Adityanath ne khud ko ghoshit kiya bhagwaan!"" (After stating Lord Hanuman\'s caste as Dalit, Yogi Adityanath declares himself as God.) Users have criticised Yogi for equating himself to God.",real,Shreya Rao
"A video of police firing tear gas shells on a group of protesters has gone viral on social media platforms. The video shot at night shows the police relentlessly firing tear gas shells to disperse a mob holding a candle march. The video is being actively shared on messaging platforms claiming police action on a group of Kashmiri protesters.

India Today Fact Checking team tried to find out the veracity of the video.

The video claiming to be from Kashmir raises doubts firstly because candle march protests are rare in the Valley. When the India Today team tracked the video down with the audio and listened carefully to the screams and conversations in the background, we could make out that the video is not from Kashmir.",real,Aditya Saxena
"A viral video of a disabled’ beggar who then goes on to walk has the Internet in splits. The one-minute-50-second video shows a man wearing a skull cap crawling through a narrow street, followed by a woman and girl holding babies in their arms, and a young boy. The woman and the girl are seen wearing hijab. After some time, the crawling man is seen resting in front of a house, following which he wears slippers, gets up and suddenly starts walking. Facebook user Sonu Pandit posted the video on October 31 with a sarcastic claim that Allah’s miracle cured the legs of a disabled beggar. He went on to say that the incident is from Delhi.  ",fake,Manav Rana
"This bizarre claim was published by a Bengali blog https://indiatodaydailynews.blogspot.com/ using an India Today logo on September 7, 2019, a day after ISRO lost contact with the lander sent to Moon as part of Mission Chandrayaan 2. The viral story says that after ISRO lost contact with Vikram, a Bangladeshi man named Rejawul Sheikh was so happy with India’s failure that he wanted to celebrate with a friend. But the man choked to death on the way to hospital after consuming a hot rasgulla, a popular Indian syrupy sweet. ",real,Pooja Rana
"While voters cast their vote in the last phase of Lok Sabha elections on Sunday, an image of a bust of Netaji Subhas Chandra Bose smeared with black ink is being shared on social media. The claim attached to the post says that Trinamool Congress (TMC) goons have done this to the bust situated near the house of Bharatiya Janata Party (BJP) candidate and Netaji's grandson Chandra Kumar Bose. CK Bose is contesting the Lok Sabha election from Kolkata South constituency as a BJP candidate.  ",fake,Shreya Iyer
"Days after its inauguration, the much-hyped Statue of Unity has been engulfed in controversy over its funding. A viral post claims that Public Sector Undertakings (PSUs) were made to shell out nearly Rs 2,500 crore as their Corporate Social Responsibility (CSR) fund for the construction of the statue. 

 One David D'Costa posted a message on Facebook claiming that most of the funding for the project was made by public sector oil companies. One of the sentences in the message reads: ""When India is literally crying for reduction in Oil prices...This is how our Oil sector PSUs are made to splurge their money!""  The message, being widely circulated on social media, quotes Loksatta editor Girish Kuber for figures regarding PSUs footing the bill of the Sardar Patel statue. Kuber wrote an article in Marathi daily, Loksatta, on November 3 quoting the figures. Some other posts on social media even claim that a loan of Rs 3,600 crore was taken from China to make the statue.",real,Aman Nair
"A video clip of rapid gunfire in the night sky with a trail of black smoke has gone viral on social media with the claim that this is how the US military had shot down missiles fired by Iran at an American airbase in Iraq. The caption along with the viral video says, ""Iran fired 12 missiles at an American base in Iraq...old story. News report that - Iranian missiles missed. What is not talked about is the US automatic missile defence system that took almost all of them down. It's a battery of 50 caliber guns that fires 3000 rounds per minute at the incoming missile(s). Here is a video of what happened.""  ",real,Kavya Rana
"A thrilling video showing a group of skydivers coming together to form a giant lattice-like formation as they skydive has gone viral on social media. It is being claimed that the skydivers are from the Indian Army.', '', 'The archived version can be seen here.', 'A caption with the video reads: ""Hame abhimaan hai, bhartiye sena par. Bharat me Chhatrapati Shivaji Maharaj, Maharana Pratap singh jaise veero ka janm hota hai Vaha ki sena ke khoon me veerta hai. (We are proud of our Indian Army. Army of the land where great warriors like Chhatrapati Shivaji Maharaj and Rana Pratap are born, is sure to have valour running through its veins.)""', 'The video has also tagged the official Facebook page of ADGPI - Indian Army.',",real,Shreya Pandey
"Was late-night partying by Pakistan cricketers hours before the crucial World Cup face-off against India the reason why they faced such a drubbing by Virat Kohli and boys in Manchester? Well, many social media users in the neighbouring country feel so. A four-second video of some Pakistan cricketers sitting with friends and smoking hookah has attracted much ire by netizens. ",real,Pooja Rana
" Jump to navigation Speak Now The spat between the two top Central Bureau of Investigation (CBI) officers has turned into a full-blown war, shaking up the agency from within. The government has sent both Alok Verma and his deputy Rakesh Asthana on leave after an ongoing fight between them. Social media, too, felt the tremor as a result of the explosion that rocked the country. Till Tuesday, a barrage of tweets were posted in favour of former special director of CBI, Rakesh Asthana. Hashtags such as #RakeshAsthanaSupport and #CBIvsCBI began to trend on Twitter. However, on Wednesday, several handles favouring Asthana have switched loyalties to CBI officer AK Sharma. ",real,Vikram Reddy
"More than 28,000 people have died and over 6 lakh infected globally due to coronavirus. And in the absence of a vaccine yet, social media is full of theories on how to combat the deadly Covid-19. A viral social media post claims that the Centers for Disease Control and Prevention (CDC) in the United States has suggested men to shave facial hairs to prevent coronavirus. The viral post contains the link of an article which describes suggestions regarding the same along with a graphic.  ",real,Rohit Reddy
"Prime Minister Narendra Modi's visit to Balangir district in Odisha has been marred with controversy over setting up of a temporary helipad by axing thousands of trees. According to several media reports, nearly 3,000 trees were used on a railway land to build the helipad for the prime minister. While the forest department officials asked for a probe into the matter, railways denied the claim",real,Shreya Iyer
Is this man in the picture wearing kilos of gold ornaments the grandson of DMK leader MK Stalin? The claimFacebook user Tushar Natrajan posted the picture of a young man sporting several flashy gold chains and other ornaments on Facebook page 'New India'. He wrote in Tamil about the Dravidian pride and claimed that the man in the photograph is Stalin’s grandson. The archived version of the post can be seen here. The post on Facebook page New India’ has been shared more than 400 times at the last count. ,real,Aditya Saxena
"As the holy month of Ramzan began on May 5, a hot debate took centrestage on social media, pitting Kangana Ranaut against veteran actor Shabana Azmi on communal lines. A quote attributed to Kangana, along with her photo, is being widely shared on Facebook, Twitter and WhatsApp groups.  According to the viral post, Kangana gave a stunning reply to Shabana Azmi. The claim further said, Shabana Azmi made insulting tweet on Hindu Goddesses on Navratri. Among the people who shared the post was S Gurumurthy, a member on the board of the Reserve Bank of India. However, Gurumurthy later deleted his tweet saying he had used the info of most reliable journalists. ",real,Siddharth Kapoor
"This is the time of Garba! Several videos of Garba are doing rounds on social media. Meanwhile, a video of an old woman dancing to a tune has gone viral with the claim that this is Prime Minister Narendra Modi's mother, Hira ben.  The archived version is saved here.",real,Sameer Kapoor
"Diwali is over but fireworks on social media continue, literally! Many netizens have posted a video on Facebook, which purportedly looks like brilliant fireworks in the night sky, beautifully synchronised with music and sound. They claim this is from Borivali West in Mumbai. Several Facebook users such as ""Avantika Pruthi"" and ""Thiruavai Seithi"" have posted this video with a similar caption: ""1 min, 45 seconds of fireworks in Borivali West, Mumbai. This show is the first of its kind in the world (spherical pyrotechnics). One of the World’s best fireworks display.""  The archived version of the post can be seen here. ",real,Rohit Reddy
"A video of a dirty aircraft cabin has gone viral on social media with the claim that it is an Air India flight with Hajis. The 52-second video posted on Facebook and Instagram shows the aircraft cabin strewn with toilet papers, littered floors and toilets soiled with faeces. Attached below are a few screen shots from the viral video. ",real,Aman Menon
A social media post is going viral with the claim that Article 30 of the Indian Constitution allows madrasas to teach Quran but Article 30(A) says that Bhagavad Gita cannot be read in schools. The post gives the impression that the Constitution is biased on the teaching of religious text.  ,real,Manav Rana
"The social media has been a constant tool of support to the victims of the New Zealand mosque attacks that claimed as many as 50 lives on March 15. But, at the same time, incorrect and misleading information is also doing the rounds on various social media channels. An image recently posted on Facebook page 'Paschim Banga Buddhijibi Mahal' shows people forming a human chain around a building. The post claims that after the terror attack in Christchurch, New Zealand, citizens are protecting Muslims while they offer prayers.",real,Ishita Nair
"Debate over the state of women in India has intensified after Thomson Reuters Foundation released 'The World's Most Dangerous Countries for Women, 2018' report on Tuesday, which declared India as the worst country for women's safety.

According to the report, India was the most dangerous country for women in terms of human trafficking, including sex slavery and domestic servitude and for customary practices such as forced marriage, stoning and female infanticide.",real,Kunal Nair
"Is it true that you don't need to pay any toll charges if you make a return journey within 12 hours?"", 'Sounds hard to believe, but this is exactly what is being claimed by a WhatsApp forward under the name of Road and Transport Minister, Nitin Gadkari. The message has been circulating on WhatsApp groups and Facebook for quite some time now.', 'Two of our readers, including Bhanu Pratap from Delhi, sent us this message for verification.', 'The viral message reads-', 'Whenever you pay toll at a tollbooth, they ask u whether you wish to pay for one side or 2 sides (going and coming back). Tell them that you wish to pay for 12 hours. If you come back within 12 hours, there is no toll. The ticket stamps the time as well. The toll administration(s) makes lakhs of rupees by cheating the citizens due to lack of awareness of this rule. Please educate and inform others. Nitin Gadkari, Indian Government.'",real,Ishita Das
"More than 50 doctors and healthcare workers in India have tested positive of coronavirus. Deaths of doctors from Covid-19 have also been reported from different states. Amid this, a photo of a woman is going viral on social media with the claim that this is Dr Megha Vyas from Pune who died of Covid-19 while treating patients infected with coronavirus.   ",real,Riya Saxena
"Amid the coronavirus pandemic, an image of a couple has caught the attention of social media. Many users have posted the image of a man and woman with masks undone, holding each other closely, and claimed that this is a doctor couple in Italy who have treated more than 134 Covid-19 patients, but died on the eighth day giving in to the deadly disease. This melodramatic story has been shared by many Facebook users such as ""Vijay Kumar Sagar Moradabadi"" and ""RK Narula"". The Hindi caption loosely translates to, ""Both husband and wife were doctors in Italy and saved 134 lives from coronavirus. On the eighth day, they got infected and were shifted to separate rooms. When they felt they would not survive, they met and looked at each other with love in their eyes. After half an hour, they died.""  The archived versions of the posts are saved here and here. ",real,Sameer Fernandes
"At a time lakhs of depositors are in panic over the Punjab and Maharashtra Co-operative (PMC) Bank scam, a picture of Devendra Fadnavis having food is going viral on social media. Facebook page ""Siyasat Siyasat"" posted a picture of the Maharashtra chief minister having food along with some others. An array of food items and fruits are laid out on the table in front of him. The Hindi caption along with the image can be translated as, ""PMC Bank account holders are dying in hunger and Maharashtra CM Devendra Fadnavis is enjoying a lavish meal of 56 food items. Please spread this photo across Maharashtra friends."" HERE IS THE FACEBOOK POST ",real,Sameer Saxena
"A picture of Congress leader Kapil Sibal and his wife Promila Sibal purportedly posing with butchered animal carcass around them inside a slaughterhouse is going viral. A Facebook user, Vinita Agarwal, has posted this picture on Facebook along with a Hindi caption, ""This is the picture of Asia's largest slaughterhouse run by Congress leader Kapil Sibal and his wife Promila, now do not call this a fake"" (Congressi Kapil Sibal aur unki biwi Pramila ka gaye, bayl kaatne wale Asia ke sabse bade kassaikhana ka photo, abb yeh na kehna yeh bhi farzi hai).  The archived version is here. ",real,Varun Nair
"The claim that Haryana CM Manohar Lal Khattar ever said that he is a chief minister ""only for Punjabis"", which has now gone viral, has sparked an ugly spat between the Haryana government and Aam Aadmi Party leaders.

Few AAP workers have also been arrested by the Haryana police for allegedly circulating this ""fake news"". India Today Fact Check found that Manohar Lal Khattar never said he is the chief minister ""only for Punjabis"". He has never said that he has got nothing to do with other castes as claimed by some people on social media.

On December 28, 2018, AAP social media in-charge of Hisar unit Harpal Kranti retweeted a post of another AAP member MK Balyan. This post slammed the Haryana CM for allegedly calling himself ""only a chief minister for Punjabis"". It shows an image that looks like a newspaper report to substantiate the claim.

Archived version of this tweet can be seen here.

""Mein kewal Punjabiyon ka CM, baaki jatiyon se koi lena dena nahin: Khattar"" ( I am only CM of the Punjabis, nothing to do with other castes: Khattar)- is what the headline of the report reads. At a glance the ""newspaper report"" looks fictitious. The post neither mentions the name of the newspaper nor any byline. The report also doesn't clearly say when the Haryana CM made this comment and where.

Going through local and national media reports, we could not find any credible news reports that confirmed Haryana CM ML Khattar ever said this on any occasion.

Soon after this post gone viral, Haryana police swung into action and arrested at least two AAP workers and detained a few due to the alleged circulation of ""fake news"".

The purported newspaper report also talks about an advertisement and claims that BJP projects ""khattar, as the CM only for the Punjabis"" in this party ad.",real,Shreya Kulkarni
"Amid speculations about MS Dhoni’s retirement from international cricket, a Facebook post showing a tweet purportedly made by him is getting viral. The tweet says, Fans no need to worry, I will play 2020 ICC T20 World Cup ",real,Karan Mehta
"Fugitive diamantaire Nirav Modi's recent appearance in London had set the social media ball rolling. Many on Facebook shared a post involving the PNB scam accused businessman, Congress president Rahul Gandhi, and former RBI Governor Raghuram Rajan. A reporter of the British newspaper The Telegraph on Saturday spotted Nirav walking on a street in London's West End, sporting a handlebar moustache. The Facebook post claims that Rajan had warned Rahul about the scam involving Nirav but he was asked to remain silent. ",fake,Ananya Menon
"The tremor caused by the June 9 Mount Sinabung eruption was felt across social media. So much so that even after 10 days, netizens have been posting videos, claiming them to be of the volcanic eruption in Indonesia. One such video shows a series of underwater explosions which leads to a huge plume of thick ash, triggering a tsunami. At the end of the video, the beach area across the sea can be seen enveloped with ashes. ",real,Karan Mehta
"Elections are over but some controversies are refusing to die down. One of many is the ""Bharat Mata Ki Jai"" slogan that continues to reverberate across the social media landscape. A short video clip of National Conference (NC) president and senior Jammu and Kashmir leader Farooq Abdullah is going viral both on Facebook and Twitter. Abdullah can be heard passionately shouting ""Bharat Mata Ki Jai"" in the video. Netizens claim that this is ""the new Farooq Abdulla of J&K after Amit Shah became the home minister"". The claim ends with tears of joy emojis.  ",real,Nandini Pandey
"The deadly coronavirus has so far killed more than 13,000 people and infected over 3 lakh globally. And numbers are only rising by the hour. Amid an environment of panic, a social media post has generated some cheer. The post claims that due to the lockdown in Italy, dolphins and swans are returning to its canals, waterways and ports. With over 4,800 deaths, Italy has reported the highest number of casualties due to Covid-19. Some videos and pictures have went viral on WhatsApp, Twitter and other social media platforms showing dolphins, swans and fish in Italy's crystal waters. Twitter users such as ""Kaveri"" and ""Gianluca De Santis"" posted the videos with claims like ""Here's an unexpected side effect of the pandemic"" and ""Nature just hit the reset button on us"".  Venice hasn't seen clear canal water in a very long time. Dolphins showing up too. Nature just hit the reset button on us pic.twitter.com/RzqOq8ftCj  ",real,Aman Malhotra
"Pakistan-born British politician Nazir Ahmed has put out a series of scathing tweets against India on the Kashmir issue in the wake of the abrogation of Article 370. One such tweet by Ahmed is about Canada refusing visas to Indian Army Generals and Brigadiers. The Claim Ahmed tweeted a video of news channel Headlines Today (now renamed as 'India Today') and said, ""Canada refuses visa for Indian Army Generals and Brigadiers who served as intelligence officers for their part in #Kashmir: thank you @JustinTrudeau for your brave stance."" The post has been retweeted more than 5,000 times at the last count. The archived version of the tweet can be seen here. Ahmed soon reposted the video and said, ""Rogue Indian Army is exposed."" Here's is the archived version of the post. This tweet was picked up by web portal Pakistan Today and soon some Facebook users too shared the same claim. ",real,Varun Trivedi
A picture of a wall studded to the max with air conditioner units is grabbing many eyeballs on social media. It is being claimed that the wall is of 'Paribesh Bhawan' building in Kolkata. Paribesh Bhawan is the name of the building of the West Bengal Pollution Control Board. ,real,Neha Kapoor
" Pakistan Foreign Minister Shah Mahmood Qureshi on Saturday claimed at the United Nations (UN) that the stamps released by their postal department months ago titled ""atrocities in Indian occupied Kashmir"" depict ""grave human rights violations"". In a press release, the Pakistan Foreign Office said India cancelled the talks with Pakistan at the UN on ""the pretext of stamps"". India Today Fact Check team found that of the twenty pictures used in these stamps by Pakistan, two of them have been falsely attributed. On July 13, 2018, Pakistan's postal department released 20 commemorative postage stamps on the eve of Kashmir Martyrs' Day. This event was reported by the Pakistani media and was also mentioned in a blog. These stamps were sold at Rs 8 each in Pakistani currency. The Bharatiya Janata Party's (BJP) Delhi spokesperson Tajinder Pal Singh Bagga tweeted that the ""picture shared by Pakistan in UNGA is a picture from January 19, 2014 Kashmiri Pandit Exodus Day at the Jantar Mantar."" Pakistan again shared fake pic in #UNGA. Pic shared by Pakistan in #UNGA is Pic of 19 January 2014 Kashmiri Pandit Exodus Day at Jantar Mantar. I was also part of this event pic.twitter.com/CjALsEVG1U ",real,Yash Pandey
"There is a national outrage over successive incidents of rape and murder of two women in Hyderabad and Unnao. Amid this, a video has gone viral on social media wherein a man is seen repeatedly slapping a young girl and another girl with a baby in her lap is seen crying. It is being claimed that the video is from Kalyanpur in Rajasthan. Facebook user 'Hansraj bagadiya SFI sikar' shared the video along with a post in Hindi which translates to, ""If there is some humanity left in your soul then please share it. This video is from Kalyanpur in Rajasthan. Media persons should come forward to find out how this woman is being tortured by her whole family and share this video so that the culprits are punished and there is an end to atrocities against women..."" Here's the post.",real,Meera Chawla
"It came as utter shock to many on social media when an online news website claimed on Sunday that the first volunteer for a human trial of the coronavirus vaccine in the United Kingdom has died. The article, published by ""News NT"", claimed that Elisa Granato, a scientist, ""died two days after the vaccine was administered"". ""Four other volunteer are said to be battling complications due to adverse reactions of the vaccine,"" the article added. The archived version of the article can be seen here. ",real,Sameer Sharma
"With general elections round the corner, social media is abuzz with political feed--some real, some too dramatic to be true. Twitter user Nisheeth Sharan posted on Saturday that the Bharatiya Janata Party (BJP) has announced former Madhya Pradesh Chief Minister Shivraj Singh Chouhan as its candidate from Bhopal. Sharan called it the 'The mother of all battles' as Chouhan will be taking on former Congress CM Digvijay Singh. The Twitter user posted a press release of the BJP, supposedly its candidate list, to substantiate his claim. So its @ChouhanShivraj taking on @digvijaya_28 from Bhopal.After Banaras, here is the MOTHER OF ALL BATTLES!!! pic.twitter.com/6iVpvhaHXI ",real,Sameer Malhotra
"Amid protests in various parts of the country against the Citizenship (Amendment) Act and National Register of Citizens, a video is going viral on social media in which a large number of Sikhs can be seen shouting slogans. It is being claimed that the crowd is protesting against NRC in Punjab. Facebook user ""Sultan Khan"" posted a 2-minute-26-second video with a caption in Hindi that translates to, ""Not a single policeman present during today's protest against NRC in Punjab.""  ",real,Ishita Mishra
"The fight between the CBI's top two men has become the talk of the town. The Central Bureau of Investigation filed a bribery case against its number two officer, Special Director Rakesh Asthana, on Sunday. Asthana had written to the government listing several charges against his boss, CBI Director Alok Verma. In a strange development on social media, especially on Twitter, posts in support of Asthana started pouring in soon after the incident. However, the sudden surge in tweets with hashtags such as #RakeshAsthanaSupport and #CBIVsCBI created suspicion among other users. Interestingly, most of the tweets circulate an article, 'CBI FIR- The True Story', from a blog called 'Hindu Rashtra'. ",real,Arjun Fernandes
"With elections right around the corner, there is an overdrive of political posts on social media. Some users are even giving political colours to incidents which are not even remotely related to politics. A tweet having some disturbing photos of a woman has surfaced. It claimed that the woman got her hair pulled out forcefully, exposing the major portion of her scalp and also warned people to save their sisters and daughters from the Bharatiya Janata Party (BJP). # # 22 #_______#_____@BJP4India- @AshokTanwar_INC@NitinRaut_INC @INCSCDept pic.twitter.com/wcd9bjWTQK ",real,Manav Agarwal
"Many countries are enforcing a lockdown to contain the spread of coronavirus, which has already claimed more than 13,000 people and infected over 3 lakh globally. Social media is full of measures taken by respective governments to fight the menace. Amid this, a post is going viral claiming that Russian President Vladimir Putin has released 800 tigers and lions across the country's streets to force people inside. Facebook page ""Humour TV"" posted a picture of a lion on an empty street with the caption, ""Vladmir Putin has dropped 800 Tigers and lions all over the country to push people to stay home."" Till the filing of this story, the post was already shared more than 18,000 times. The post is viral on Twitter as well.",real,Anjali Pandey
"Amid worldwide travel restrictions due to coronavirus, a message on social media is going viral with the claim that Air India is operating evacuation flights from Delhi and Mumbai for Indians stuck in London. The viral message, which has been shared and forwarded several times on Facebook and WhatsApp, claims the flights are being scheduled for April 1, 2 and 3 between Delhi and London, and for April 3 between Mumbai and London. Facebook users such as Kumar Kamal Tumuluru and Daksha Raval Lath posted the viral message which reads, If anyone knows anyone from India who is stuck in London, Air India is operating evacuation flights from DEL & BOM. They will need to contact the INDIAN High commission in London to arrange seats. These are on the 1st 2nd 3rd of April DEL LHR DEL. Apr 3rd BOM LHR BOM. These posts are archived here and here. ",real,Sameer Malhotra
"A post has gone viral on Facebook with the claim that pizza chain Domino's on its 50th anniversary is giving away a free coupon for two large pizzas to those who share the post. WHO CLAIMED IT The post has been shared by Facebook page 'Dominos' on Friday. The text with the post reads: ""Domino's is now 50! To celebrate we are giving each share by 7 tomorrow evening a coupon valid for 2 large pizzas! - Domino's (Please wait 24 hours for your coupon to be sent to you via FB Messenger!)"" ",real,Shreya Kulkarni
"An emotional post has gone viral on social media, showing a woman in police uniform posing with an elderly lady holding a food platter in her hands. The claim The post claims that the policewoman is the granddaughter of the old lady who has to wash utensils to make ends meet in widowhood.",fake,Riya Gupta
"In the backdrop of protracted conflict between Israel and Palestine, an image of a badly injured young boy with blood stains on his shirt is doing rounds on social media. It is being claimed that the Israel army shot this boy in Palestine. ",fake,Kunal Rana
"Pakistan’s propaganda machinery has been working overtime since the abrogation of Article 370 in Jammu and Kashmir. Several Pakistan politicians have also joined the race to post misleading videos on social media. On August 18, 2019, Ali Haider Zaidi, federal minister for maritime affairs in Pakistan, tweeted a video of police lathicharge, claiming that it depicts atrocities on women in Kashmir. The minister wrote on Twitter, Let the world see what @narendramodi Govt is doing in #Kashmir The #Hitler from the East rises while the world sleeps. @realDonaldTrump should consider imposing trade sanctions on India to control this monster before it’s too late! #SaveKashmirFromModi #IndianHitlerModi  Let the world see what @narendramodi Govt is doing in #KashmirThe #Hitler from the East rises while the world sleeps.@realDonaldTrump should consider imposing trade sanctions on India to control this monster before it’s too late! #SaveKashmirFromModi #IndianHitlerModi pic.twitter.com/YS5kBZAmk1  The tweet has been liked by more than 6,300 users and retweeted over 5,000 times till the time of filing this story. The archived version of the tweet can be seen here. ",real,Ananya Khan
"Protests against the Citizenship (Amendment) Act have erupted in parts of India over the last few days. West Bengal, especially, has witnessed violent protests. In many places across Bengal, anti-CAA protesters set trains and railway stations on fire, vandalised them and uprooted railway tracks. Amid the mayhem, a collage of a little girl has been doing the rounds on social media with the claim that she was injured after protesters pelted stones at the train she was travelling in. In one picture, the girl’s head can be seen soaked in blood and in the second, it is bandaged. ",real,Yash Saxena
"A rather funny video of Congress president Rahul Gandhi and his Malayali translator PJ Kurien has gone viral on social media. On April 16, Rahul Gandhi went on an election campaign to Pathanamthitta district in Kerala. Kurien, a veteran Congress leader, accompanied him to translate his speech in the local language, after which all hell broke loose on social media. The two-minute video went viral on all social media platforms, including Facebook, Twitter and WhatsApp. Many from the Bharatiya Janata Party (BJP) didn't miss the opportunity to share the video. If you haven’t laugh since morning then watch this video and make your day..Ultimate comedy. pic.twitter.com/5iBRiIWifV ",real,Anjali Iyer
"An emotional appeal by a child to save her mother from coronavirus has gone viral on Facebook. The viral post has a collage of two images one showing a woman in a hospital bed, and the other of a girl with tears in her eyes. The message reads, “Please help save my mum I don’t want to lose her. Am not asking for money but prayer and single share. Oh My Heavenly Father, deliver everyone who shares this prayer from any form of CORONAVIRUS and DEATH. Please share to at least 5 groups on Facebook so she can get more prayers. Thank you and God bless you.” Just beneath the image is written “Bangablog.com” with the headline, “Pray for my mum she’s infected with COVID-19 please pray for her recovery”. ",real,Ishita Kapoor
"No sooner did Union Home minister Amit Shah move a proposal in Rajya Sabha on Monday to revoke Article 370 and Article 35A, messages offering land for sale in Jammu and Kashmir began circulating on social media. The claim Messages posted on WhatsApp and Facebook offered lands at prime locations in Srinagar like Lal Chowk at dirt cheap rates ranging from Rs 11-14 lakh.  ",real,Karan Joshi
"As United States President Donald Trump landed in India for a two-day visit on Monday, a video of a structure similar to Taj Mahal is getting viral on social media. It is to be mentioned that after his address at Motera stadium in Ahmedabad, Trump made a visit to the Taj Mahal in Agra. The viral video shows a fire engine spraying water on the monument. It is being claimed that the Taj Mahal was washed ahead of Trump’s visit.  ",real,Arjun Fernandes
Indian Air Force (IAF) pilot Abhinandan Varthaman is not only being talked about in India but his heroic feat has also created flutters in Pakistan as well. Neighbouring countries' social media is abuzz with news related to Abhinandan Varthaman. Amid all this there is a photo of uniform being displayed as memorabilia in the war museum of Pakistan. The photo is doing rounds on the internet. The netizens are claiming the uniform is that of IAF's Wing Commander Abhinandan Varthaman.  ,real,Karan Rao
"The National Register of Citizens and Citizenship (Amendment) Act have evoked strong protests in parts of the country. On social media, multiple videos have been doing the rounds, often with misleading claims. A video showing police taking men and women into custody is going viral with the claim that people whose names are missing in NRC are being picked up from their homes in Assam. Facebook page Girda Jagar posted the video, the first portion of which shows female police personnel taking a few women in burqa inside a police vehicle. In the same video, another man is also seen held by policemen and pushed inside a vehicle.  The archived version of the post can be seen here.",real,Neha Mehta
"Did a raging fire engulf a hotel in Mumbai? A video of an entire building up in flames has been shared widely on social media. Along with the video, it is being claimed that 'Hotel Golden' has burnt down in Ghatkopar area of Mumbai. Facebook user Pragnya Chaudhary uploaded a video on October 21 of flames billowing from a building. She claimed that Hotel Golden in Mumbai's Ghatkopar area caught fire ""just now"". ",fake,Arjun Joshi
"Is Pope Francis down with coronavirus? If some social media post is to be believed then the Pope has contracted coronavirus.At an Ash Wednesday service on February 26 in the Vatican, 83-year-old Pope was seen coughing and blowing his nose. After this, a post went viral on social media claiming that the Vatican has confirmed that Pope has tested positive for coronavirus.The archived version of the post can be seen here.A Facebook user ""Jitesh Saxena"" posted the link of Reddit.com containing the photographs of Pope coughing with the caption: ""Vatican confirms Pope Francis and two aides test positive for Coronavirus"".",real,Arjun Joshi
"In the run up to the polls in Telangana, the verbal slug fest among politicians has gotten murkier. The latest duel is between Uttar Pradesh Chief Minister Yogi Adityanath and All India Majlis-e-Ittehadul Muslimeen (AIMIM) leader Asaduddin Owaisi.

Yogi Adityanath on Sunday in an election campaign in Vikarabad, Telangana, warned Owaisi by saying, ""If BJP comes to power, I assure you Owaisi will have to flee from Telangana the same way Nizam was forced to flee from Hyderabad.""

Owaisi slammed Yogi saying, ""He (yogi) has zero knowledge in history Nizam never fled from Hyderabad.""

This triggered a hot debate on social media over the Hyderabad Nizam, many pointed out that Yogi's claim was ""wrong"".",real,Karan Das
"Political campaigning is at its peak in Chhattisgarh before the second phase of polling scheduled for November 20. Even social media is equally charged up, leaving no room for any political misadventure. A video clip currently being circulated on WhatsApp and Facebook show Congress president Rahul Gandhi quoting two different Minimum Support Prices (MSPs) of paddy in separate rallies. Netizens had a field day poking fun at the Congress scion. ",real,Sameer Kapoor
"A collage of three photos showing a cameraman crying while looking at footballer Andre Gomes’ fractured ankle is viral on social media. An emotional message attached to the post portrays that even the cameraman couldn’t hold back his tears when the footballer broke his ankle. The Everton Midfielder suffered a fracture dislocation of his right ankle after he was tripped by Tottenham Hotspur’s Son Heung-min during a football match at Liverpool, England on November 3. ",real,Ananya Nair
"In the backdrop of the buzz around 'Howdy, Modi!' event in Houston, Congress leader Shashi Tharoor tweeted an old photograph of former Prime Ministers Jawaharlal Nehru and Indira Gandhi waving at a huge crowd, claiming that the image was clicked in 1954 when Nehru and Gandhi were on a visit to the US. Shashi Tharoor captioned the image as: ""Look at the hugely enthusiastic spontaneous turnout of the American public, without any special PR campaign, NRI crowd management or hyped-up media publicity."" To give you some context, PM Narendra Modi addressed the Indian diaspora in the US on September 22 at the Howdy, Modi! event at the iconic NRG Stadium in Houston.  Nehru & India Gandhi in the US in 1954. Look at the hugely enthusiastic spontaneous turnout of the American public, without any special PR campaign, NRI crowd management or hyped-up media publicity. pic.twitter.com/aLovXvCyRz ",fake,Divya Fernandes
"A video of a JCB machine tearing apart hawker vans filled with fruits is going viral on social media with the claim that this is how the poor are harassed in Yogi Adityanath's Uttar Pradesh. Several Facebook users such as 'Sultan Mirza', 'Asif Ansari' and 'Pravin Patodiya' have shared the 1-minute-49-second video with a sarcastic caption in Hindi which translates to: ""Efforts to make India poverty-free start from Yogi's Uttar Pradesh.""  The archived version of the post can be seen here. ",real,Neha Nair
"A video of a little girl crying has gone viral on social media with the claim that she has been separated from her parents and was seen in Mangalore with a group of Tamil beggars. In the video, two voices can be heard in the background asking the girl her and her father’s name. The claim along with the video says, This little beautiful girl was seen in Mangalore with a group of Tamil beggars. Pl forward until it reaches the right parent and she is identified. She knows her name #SonalBipinPatel. The beggars found her in a train from Mumbai. Among many, author and columnist Bhawana Somaaya tweeted the video, which was retweeted more than 3,800 times and viewed over 1.37 lakh times till the filing of this story. The archived version of her tweet can be seen here.  #Repost @rekha_bhardwaj This little beautiful girl was seen in Mangalore with a group of Tamil beggars. Pl forward until it reaches the right parent and she is identified. She knows her name #SonalBipinPatel. The beggars found her in a train from Mumbai. pic.twitter.com/sjXagbRLQh ",fake,Pooja Rao
"On his 150th birth anniversary, Mahatma Gandhi has been entangled in a web of dodgy news on social media. An image of Gandhi that apparently captured the moment he was killed by Nathuram Godse is going viral. ",real,Vikram Rana
"The Konkan region along the western coast of India has been experiencing heavy rainfall over the last few weeks. The Met department has issued a warning of heavy to very heavy rainfall in the region, comprising districts of Maharashtra, Goa, and Karnataka. Amid the deteriorating situation, social media is flooded with posts sharing misinformation and creating panic. One Facebook user posted an image of a landslide-affected railway track and claimed that it is from Karwar in the Konkan region. He further claimed that due to the incident, Konkan Railway cancelled all trains. ",real,Aditya Verma
Were a group of children arrested from Muslim-dominated Rajabazar in Kolkata while they were being taken to Pune for terror training? A viral video on social media claims so. ,real,Riya Saxena
"A day after the tragic crash of Ethiopian Airlines aircraft Boeing 737, a video went viral on Facebook showing panicked passengers inside the plane wearing oxygen masks. The Facebook post claimed it to be from the moment before the plane crashed. On March 10, Boeing 737 MAX 8 aircraft operated by Ethiopian Airlines crashed with 157 passengers on board while flying from Ethiopia's capital Addis Ababa to the Kenyan capital Nairobi. ",real,Yash Rana
"A video of a man taking a bullet and dropping to the ground during celebratory firing is going viral on social media. In the video, the man can be seen getting down from a car to a welcome by a group of people. One of the men is seen firing in the air; later, a bullet goes off accidentally as he is adjusting the gun, leading to the death. It is being claimed that the man killed was a Muslim leader in Pakistan who had returned home after recovering from Covid-19. ",real,Siddharth Sethi
"BJP supporters are visibly upbeat after exit poll results predicted a second Modi government. Amid posts in support of BJP and deriding Opposition parties, many social media users have shared a video claiming that people in the UK are cheering after watching the exit poll results. Some others claim the video to be related to the US stock market. ",real,Arjun Joshi
"A viral photo on social media shows the Burj Khalifa in Dubai displaying the image of Sir Syed Ahmad Khan, noted Indian philosopher and reformer, and founder of Aligarh Muslim University (AMU). The claim along with the photo says it is a tribute by the UAE government to Sir Syed Ahmad Khan. ",real,Pooja Menon
"A video of a building collapse is going viral on social media with users claiming that the dramatic visuals are from the July 16 disaster in Mumbai’s Dongri area. The claim Facebook page A18 Telangana News uploaded the video after the Dongri tragedy unfolded in Mumbai on Tuesday. TheKesarbai building on Tandel Street, Nishanpada, had collapsed around 11.30 am on the ill-fated day. Thirteen people died and nine were injured in the tragedy. With footage of rescue work, this Facebook page uploaded a striking video of a building collapsing. The archived version of the post can be seen here. The video was shared on various social media platforms such as Twitter. Mumbai building collapse Dongri Avi dandiya https://t.co/oGmh06avqr via @YouTube   ",real,Rahul Trivedi
"A Facebook post with a picture of a man in suicide vest is going viral on social media. The post calimed that a huge cache of explosives, suicide vests, time bombs, alarm clocks, mobile phones, SIM cards and cash were recovered from the raids.",real,Kavya Rana
"Is the Ganga Expressway going to be the world's longest? Uttar Pradesh Chief Minister Yogi Adityanath made this claim after his government approved the construction of the 600-km-long project at a historic cabinet meeting in Prayagraj on Tuesday (January 29)."", ""Several Facebook pages such as 'Nation with NaMo' and 'Phir Ek Baar Modi Sarkar' have iterated the same claim."",  '', '', '\'Phir Ek Baar Modi Sarkar\' posted the message saying, ""Uttar Pradesh mein Yogi sarkar banwaigi duniya ka sabse lamba expressway.""', '', ""ENGLISH TRANSLATION: The Yogi government will make the world's longest expressway in Uttar Pradesh."", 'This message, along with some other information in Hindi about the Ganga Expressway, was shared by more than thousand people during the time of writing this article.', '', '\'Nation With NaMo\' posted the same information in English with the message, ""India will soon have another world record to its credit!"" More than 2,500 people have already viewed this post.', '', 'Prominent news websites such as The Economic Times also published a story headlined ""UP to build world\'s longest Expressway: Yogi Adityanath"".', ""As per Yogi's claim, this Ganga Expressway will pass through Meerut, Amroha, Bulandshahr, Budaun, Shahjahanpur, Kannauj, Unnao, Rae Bareli and Pratapgarh districts and end at Prayagraj. This will be initially a 4-lane road with access-control and expandable to 6 lanes.""",real,Karan Mehta
"The Statue of Unity, dedicated to Sardar Vallabhbhai Patel, was inaugurated by Prime Minister Narendra Modi in Gujarat last year. At 182 metres, it is the world’s tallest statue. However, there has been criticism from various quarters over the amount of money spent to build the monument. As the Statue of Unity completed a year of the inauguration on October 31, social media is filled with posts as to how it has turned into a bigger tourist attraction than the Taj Mahal and earned thrice the revenue than the Monument of Love’. Facebook page Global Hindus’ stated some figures to claim that the Statue of Unity attracted more tourists and earned thrice the Taj Mahal’s average annual turnover in 2019.",fake,Rahul Kulkarni
"Former Uttar Pradesh Chief Minister and Samajwadi Party (SP) chief Akhilesh Yadav is pitted against Bhojpuri actor Dinesh Lal Yadav alias Nirahua from Bharatiya Janata Party (BJP) in Azamgarh, Uttar Pradesh. Azamgarh goes to polls in the sixth phase of Lok Sabha election on May 12. Meanwhile, many pro-BJP Facebook pages have gone on an overdrive sharing pictures of huge crowds claiming them to be from rallies in Azamgarh. ",fake,Aisha Chawla
"The cost of Rafale deal has become one of the most debated topics ever since the Congress used it to target the NDA regime. But the big question is, what was the actual price of each Rafale aircraft during the UPA regime? Even Congress president Rahul Gandhi, who on numerous occasions quoted different prices, is visibly oblivious to the actual cost of the fighter plane under the UPA government. In the past five months, the Congress president in various public meetings has quoted four different prices for Rafale aircraft during UPA government. While the Congress party is trying to corner Narendra Modi government over the Rafale aircraft deal by calling it the biggest scam in the last four years, Rahul's wide swing over the prices comes as an embarrassment for the Grand Old Party. To throw light on the inconsistency and twisting of facts, ",real,Karan Kaur
"A post with three images claiming to be of the singer has gone viral on Facebook. User Ridoy Barua claims in Bengali and Burmese: #breaking news, to attain peace, one of the world’s biggest stars and artist Justin Bieber has become a Buddhist monk in Myanmar, recently (this is collected from a webpage of Myanmar).  ",real,Vikram Mehta
"In the midst of political hustle and bustle in Ayodhya, parties are scrambling to make the most of it. The pitch for Ram mandir is also growing louder on all social media sites. Among the viral images and videos, a photograph showing a huge crowd of saffron-clad workers is being circulated widely. One picture claimed that ""thousands gathered at Ayodhya demanding the construction of Ram mandir"". Similar messages are also being shared on different Facebook pages. ",fake,Nikhil Rao
"Not only has Priyanka Gandhi's recent entry into politics has made waves across political circles but it has also turned social media into hyperdrive.A video clip of the newly appointed All India Congress Committee (AICC) general secretary has been widely shared on Facebook, trying to portray her as a habitual drinker who even makes public appearances in inebriated condition.The archived version can be seen here.The 15-second-long video, which was posted by Facebook user Vimal Sharma, shows Priyanka looking furious. The video was shared more than 6,200 people at the last count.In the viral video, Priyanka can be seen losing her cool. She can be heard saying, ""Think what are you doing, those who want to push can go back home.""The caption with the video reads, ""Shaam hote hi sharab ke nashe me choor ho jane wali se Congress ko umeed ho sakti hai magar desh ko nahi hai, likh kar rakh lo ye Pappu se bhi bada Pappu saabit hogi, Congress ka antim sanskar bhai behen mil kar hi karenge #PriyankaInPolitics""', 'ENGLISH TRANSLATION: Only the Congress can have expectations from her who is an alcoholic but the country cannot.",real,Aditya Verma
"Internet is flooded with fake news related to the nationwide protest against Citizenship (Amendment) Act. Now, a photo of Congress general secretary Priyanka Gandhi is doing the rounds on social media in which she can be seen sitting with a group of people and one in the crowd holding a poster reading, CAB hatao, iss desh ko Muslim rashtra banao (Remove CAB, make this country a Muslim nation). ",fake,Karan Kaur
"Congress general secretary Priyanka Gandhi Vadra has generated a lot of interest since her debut in active politics. Like any other politician, she has also received a fair share of praises and criticism. More recently, a collage of her pictures in different religious attires went viral on social media. A social media post also questioned her religion. ",real,Karan Trivedi
"A photograph of Narendra Modi is being extensively circulated on social media, showing the prime minister waving a green flag used during religious functions in Islam. The post doesn’t explicitly mention what flag Modi was holding, however, the comment with the picture seems to suggest that the PM was waving an Islamic flag. ",fake,Riya Gupta
"A picture of a half-shaven sick chicken is going viral on social media with the claim that it was found infected with coronavirus in Bengaluru. Facebook user Sourav Mondal posted the photo with the caption, Chicken infected from coronavirus found in Bengaluru today. Kindly circulate this message and avoid the consumption of chicken. Spread to your dear ones.  ",real,Shreya Bose
"Karan Patel, the lead actor of the popular television serial 'Ye Hai Mohabbatein', has created a sensation on social media by sharing the video of a lion crossing a busy street. He claims that the video is from Mumbai in Maharashtra. THE CLAIM A video in which a lion coolly walks around and crosses a busy street, even as motorists try to avoid crashing on it, has been going viral on social media. But a few social media users like Karan Patel claimed that the video was from Mumbai, Aarey road. Patel uploaded this video on his Instagram page as well as his Facebook. In the post, Karan Patel said, ""When you encroach their space they are bound to invade yours ...... #TODAY at #ARREY Road, this MAJESTIC #LION was #SEEN .... (at least the message I got said so) and even if it's not Arrey, it's a sight to be worried of."" The archived version of his Facebook post can be seen here. ",real,Neha Iyer
"An image of a father pretending to breastfeed the baby with the photograph of a lady masked on his face has gone viral on social media. An emotional claim attached to the photo says that after the death of the mother of the baby, this is how the father is struggling to bring up the baby. ",real,Sameer Pandey
"There was a riot of laughter of sorts on social media after a video surfaced showing a man addressing a crowd as his pants fell off in the middle of an event.', 'Some users have claimed that the man in the video is a BJP candidate from Rajasthan, while others identified him as Congress candidate Rakesh Parikh.', 'Watch the video here.', 'The video has been shared more than 6,000 times on Facebook.', '', 'Among others, this video has been shared by Deepak Singh, who claims he himself is a Member of the Legislative Council from Uttar Pradesh.', '....pic.twitter.com/UV4Xs00pOh'",real,Yash Fernandes
"YouTuber named ""Veer"" has recently posted a video where he claimed that a Christian woman police officer has been thrashed and paraded naked in India by the ""Saffron Hindus"". Veer showed the disturbing video of a naked woman being heckled by a mob on the street. The video was uploaded on July 2, 2019 with the caption, ""Indian Police officer Christan ko Bhgwa Hindu Ne Bhary Bzar Main Nanga kr k mara 18+ |VEER"". The video begins with the male anchor greeting his viewers ""Walaikum salaam"" and urging them to watch his last video on Tabrej Ansari. The anchor kept on speaking against the ""Hindus"", calling them ""Bhagwa kutte"". Showing a small video clip, which has been blurred deliberately to avoid nudity, Veer alleged that the video showed a Christian woman police officer in India who has been stripped, beaten up and paraded naked on the road by the ""Hindus"". Several hash tags like #IndiaHinduBhagwa, #IndianPolice, #VEER are mentioned in the caption of the video.  The archived version is here. ",real,Sameer Pandey
"On March 27, India shot down a low-orbiting satellite in a missile test and became one of the handful countries to have advanced space powers. But, soon after Prime Minister Narendra Modi's announcement about India's A-SAT (anti-satellite) capabilities, social media has been abuzz with various posts, one of which claimed that China shot down an Indian satellite in 2012. A Facebook page named 'Amit Shah Fans' claimed that after Mission Shakti, China, which shot down an Indian weather satellite in 2012, is now appealing for peace. ",real,Simran Chawla
"A disturbing photo has gone viral on social media with the claim that an Assamese girl from Delhi University has been raped and killed in Delhi. The claim further says that the dead body of the girl was found in a Jungle in Delhi. The photo is created by combining two different images. The bigger photo shows an injured female lying fainted on the ground and the smaller one shows a young girl, posing in a formal dress. The post gives the impression that both girls are the same. ",real,Shreya Rao
"Has London been bitten by the Bhojpuri music bug? Well, a video of foreigners dancing on the popular Bhojpuri number 'Lollypop Lagelu' is driving social media crazy. Twitter users claimed that it was because of Indians reaching London for ICC Cricket World Cup 2019 that this popular song was being played.  ?? ???? ?? ?????? ?? ???? ??? #WorldCup2019 pic.twitter.com/lWgS3kweU9 Twitter user 'Sandeep Mittal, IPS, shared the video of foreigners dancing to the tune of 'Lollypop Lagelu' on Wednesday (June 12). Mittal's tweet has been retweeted more than 400 times and liked by over 1,300 users at the time of filing this story. ",real,Ishita Mishra
"Bengal has seen bouts of violence since the first phase of the 2019 Lok Sabha elections. Amid such incidents, a collage of two pictures depicting violence has gone viral on social media. The claim is that these photos are from West Bengal where BJP workers were damaging vehicles and pelting stones.  Facebook page ""Pol Khol"" upload the post with a Hindi caption that roughly translates into: ""These are the innocent BJP workers who are holding a peaceful road show in Bengal following the instructions of Amit Shah. (Ye hain BJP ke sidhe shadhe bhole bhale karyakarta jo ek swachh chhavi wale neta Amit Shah ke ishaare par shantipoorna tarike se Bengal main road show kar rahe hain.)"" ",real,Sameer Kapoor
An image that looks like an aerial image of a fingerprint shaped village surrounded by greenery is being shared on social media. It is being claimed that this a village in Germany. ,real,Meera Mehta
"A photograph from Prime Minister Narendra Modi's much talked about Kedarnath visit is being widely shared on social media. The photo shows an arrow pointing at PM Modi's feet claiming he was wearing shoes inside the temple premises. In the viral image, Modi is standing at the temple's exit with folded hands.  ",real,Siddharth Menon
"Amid the ongoing protests by Jawaharlal Nehru University (JNU) students over hostel fee hike and other issues, the photo of an elderly man has gone viral on social media. It is being claimed along with the photo that Delhi Police assumed him to be the parent of a JNU student, but when they stopped him from entering the university citing ""riots inside the campus"", he said he is a student himself. ""Delhi Police stopped this man from entering JNU, saying, 'There is a riot going on inside the campus. Parents and guardians cannot visit for some days.' The man replied, 'But I'm a JNU student.'"" - read the caption along with the photo posted by Facebook user ""Rakesh Krishnan Simha"". ",fake,Karan Gupta
"Pakistan on Tuesday claimed that its navy had thwarted the attempt by an Indian submarine trying to enter territorial waters. To support its claim, Pakistan navy put up a small video clip, calling it an ""actual footage of detected Indian submarine"". ",real,Aman Nair
"A photograph of a billboard with a communal message is being widely shared on social media. It's being claimed that a signboard installed in Australia reads, ""Interested in time travel? Convert to Islam to take you back 1,400 years!"" Take a look at this post shared by the Twitter user @Goldenthrust. An archived version can be accessed here. The post is viral on Facebook, too. Meanwhile somewhere in Australia pic.twitter.com/1Hc7tRw62R ",real,Sameer Sharma
"News of a man being beaten to death for not buying headphones that he bargained for emerged from Old Delhi on Wednesday. Soon, social media users started sharing a video of a mob brutally thrashing a man in the middle of a market and claimed that the video is of that incident. The official Facebook page of Delhi Pradesh Youth Congress shared the video and wrote a post in Hindi, which when translated stands to, One more picture of a blot on civilised society appears; a minor quarrel over buying headphones outside Old Delhi railway station took away this man’s life. The video begins to play with a message: A young man lost his life due to negligence of the administration. ",fake,Neha Kapoor
"The BJP’s drubbing in the Delhi Assembly elections has left the state BJP chief, Manoj Tiwari, red-faced. According to a media report, Tiwari even offered to resign from his position, taking the responsibility of the party’s defeat. But did Tiwari break into tears in an interview to a TV news channel after the exit poll results? Several Facebook users such as 'Zaid Imam' and 'Md Ayaz Khan' posted a video of Tiwari’s interview where the emotional Delhi BJP chief can be seen in tears. User Ayaz Khan has written the caption in Hindi: Exit poll pe hansi aati hai ab rona aa raha hai.  The archived version of the post can be seen here and here. ",real,Manav Bose
"Social media is awash with posts that seem to paint the Rashtriya Swayamsevak Sangh (RSS) as servile to the British Empire.', 'A black-and-white photo that has gone viral on Facebook purportedly shows a Sangh cadre giving a guard of honour to Queen Elizabeth II. ""Rani Ko Salami Dete RSS... Angrezo Ke Ghulam,"" read its caption, denigrating the Sangh as a ""slave"" of the colonial rulers. ""Desh Ki Azaadi Ke Pehle Ki Yeh Tasveer Gavahi De Rahi Hai. Jab Desh Ke Log Azadi Ke Liye Ladh Rahe The To Log Angrezo Ko \'Guard of Honour\' De Rahe.""', ",real,Pooja Malhotra
"Shehla Rashid, Former Vice-President, Jawaharlal Nehru University Students' Union on Sunday tweeted an image of Delhi Bharatiya Janata Party spokesperson Tajinder Pal Singh Bagga that shows him wearing a yellow T-shirt that reads ""Mera PM Chor Hai (My PM is a thief)."" The post has been retweeted more than 3000 times. #Mera_PM_Chor_Hai pic.twitter.com/EIKZJIRVlp Senior Congress leader and Uttar Pradesh Congress Spokesperson Akhilesh Pratap Singh too shared this photo on Twitter, commenting that ""now BJP workers are also calling Modi a thief."" @BJP4India? pic.twitter.com/e7KIBcokyg Since it is unlikely that Bagga being a leader of BJP will wear a T-shirt that calls PM Modi a thief, ",real,Manav Choudhary
"A short video clip of a person saying I am a Muslim first and then an Indian is doing the rounds on social media.

Several people, including politicians like BJP spokesperson Sambit Patra and BJP IT cell head Amit Malviya have posted this on Twitter and claimed that the man in the video is Congress leader Nasimuddin Siddiqui.

The man in the video can be heard saying in Hindi First we are Muslims, then we are Indians. If Islam comes in collision with any law, we will be with Islam, we are not ready to follow that constitution, we will not follow that law. We are not loyal to this country, we are the masters of this country. Loyalty is for dogs, we are the masters of this country.

A scroll goes over the video saying subscribe Satya Sanatan. The logo of the Satya Sanatan YouTube channel is also visible at the top right corner of the screen. At the end of the video, a graphics plate reads, people who think Hindu and Muslims are brothers show them this video.

BJP IT cell head, Amit Malviya retweeted the post of the author, Tarak Fatah. The archived version of the tweet is saved here

BJP leader and spokesperson Sambit Patra tweeted the same video claiming this to be of Congress leader Nasimuddin Siddiqui and tagged the video to Rahul Gandhi and Sonia Gandhi saying where are two brothers and sisters.

This similar post is viral on Twitter and Facebook.

Several Facebook users like Major Surendra Poonia,VSM and Hindus of India have posted the same viral video with a similar claim that the man on the video is Congress leader Nasimuddin Siddiqui.

",real,Yash Khan
"Since the outbreak of coronavirus in India, there has been a scramble for face masks over the last few weeks. So much so, that there has been a shortage of face masks in the country. Amid this, some videos accompanied by a message is going viral on WhatsApp, Facebook and YouTube, warning people that criminals are handing out anesthesia-laden face masks to unsuspecting civilians and then rob them as the users are knocked unconscious.  ",real,Arjun Gupta
"Images of hospital beds and patients being treated in the open are going viral on social media with the claim that hospitals in Italy have run out of space due to the spread of coronavirus and people should therefore stay indoors and listen to the government. Facebook page ""Fiji Saas Pato - supports local talent"" uploaded a set of four pictures and said, ""Learn from Italy, no more spaces are left in the hospitals. Stay home and follow what the Government says. #stay safe #stay home #Coronavirus"". The archived version can be seen here. ",real,Rohit Reddy
"A picture of Union Home Minister Rajnath Singh having tea and snacks with a group of people is doing the rounds on social media. Men standing behind him can be seen wearing skull caps. The post claims that Rajnath Singh is visiting a madrasa and enjoying tea for votes.  Facebook page ""Ravish Kumar Journalist"" has uploaded the image with a caption in Hindi that roughly translates into: ""These are the people who say that madrasas are the hub of terrorism. Today, they are having snacks at a madrasa for the sake of votes."" The post was shared more than 3,100 times at the time of filing this story. ",real,Neha Fernandes
"Prime Minister Narendra Modi's penchant for fashionable and colourful suits, kurtas and headgear has always made him stand apart among world leaders and other politicians."", ""But does he have a particular aversion to Prophet Mohammed's supposedly favourite colour, green? Well, that's what Congress Lok Sabha MP Shashi Tharoor feels."", '""Why does he (Modi) refuse to wear the colour green?"" the Congress MP from Thiruvananthapuram asked at a seminar on \'Standing up to hatred, violence and intolerance in contemporary India\' on Sunday. He claimed that the PM had never worn any green dress.', '""You have seen him in various kinds of hilarious extraordinary outfits. But still he always says no to one; why doesn\'t he wear the colour green?"" Tharoor said, claiming that Modi ""identifies the colour with Muslim appeasement",real,Shreya Iyer
"Rumour-mongers communalising crime, beware! India Today's Viral Test has exposed attempts to fuel communal hatred by linking Muslims with incidents of rape.

A co-founder of right-wing propaganda portal Postcard News, Mahesh Hegde made a sensationalist claim on Twitter on July 3.

He came out with data that suggested most rapes were committed by Muslims.

Hegde, who had been earlier arrested in Karnataka for spreading fake news, issued some figures on his Twitter handle.

According to him, Muslims accounted for 96 per cent of rapes in the 2016-18 period.

""From 2016-2018, total 84374 rapes happened in the country 81000 rapists were Musl*ms 96 % of the women and the children targeted by the rapists were Hindus In nation it's not Musl*ms Who are in danger but HINDUS,"" he wrote in the post that has generated more than 1,200 retweets.

From 2016-2018,
Total 84374 rapes happened in the country

81000 rapists were Musl*ms

96 % of the women and the children targeted by the rapists were Hindus

In nation it's not Musl*ms
Who are in danger but HINDUS

Mahesh Vikram Hegde (@mvmeet) July 3, 2018

Recent Data says in India 90% Rapes are committed by Muslims and their 96% victims are non-Muslims since Muslim girls don't report Rapes & rapist r from Single mother divorced, somehow surviving. CHILLING DETAILS. Pl spread this awareness bcoz it is so shameful India-Rape country

Sharma (@Sharma43051424) July 3, 2018
@Nidhi The real thing is you have to run away from the truth , 84734 rape in the country in 2016, of which 81000 are rapists are Muslim

And 96%

Rape victims are Hindus ????

ADVERTISEMENT
Som Tiwari (@VoiceOfSomu) June 30, 2018
Hegde cited no official source for the figures he circulated. ""I have the data backing this message but I am not sharing it with anybody at this point of time,"" he told India Today when asked about the source.",real,Ishita Kapoor
"Just weeks after the death of basketball legend Kobe Bryant and his daughter in a chopper crash, many on social media are confused with a viral message claiming that his wife has committed suicide. A video on YouTube shows a clip with a BBC News logo claiming the death of Vanessa Bryant, the wife of late Kobe Bryant. The video shows a still graphics plate with the message R.I.P. Vanessa Bryant 1982-2020 and a picture of the Bryant couple in the background. The archived version of the video can be seen here.  The news clip is viral since the first week of February. Also posted by website w0rldnews.g0ldenbuzzers.com, it has been shared by thousands of people. The caption reads, BREAKING NEWS: VANESSA BRYANT Recorded her SUICIDE After Depression Attack this Morning. Several Facebook users such as U Kyawkyaw Thet have also shared the viral news. ",real,Ananya Choudhary
"Union Minister Giriraj Singh on Monday claimed that Congress party is the world's second-most corrupt party. His claim was based on a news report in website bbcnewshub.com. This website has nothing to do with the BBC (British Broadcasting Corporation).Giriraj Singh tweeted from his official verified twitter handle, Top 10 List of Most Corrupt Political Party in the World 2018 and Rahul Gandhi-led Congress making it all the way to 2nd spot ...congratulations to the most corrupt political party. You are shame for India The tweet now stands deleted. At the time of writing this report, the tweet had been retweeted more than 1,400 times, with over 3,000 likes. Giriraj Singh referred to an article dated July 5, 2018, published on the website bbcnewshub.com to substantiate his claim. The article has given a list of the top 10 most corrupt political parties of 2018, where Congress party tops the list, just below Pakistan Muslim League (Nawaz) - PML (N).",real,Pooja Trivedi
"With the number of dead and infected due to coronavirus rising by the hour in Italy, a pair of images showing currency notes littered all around is going viral on social media with the claim that Italians are throwing their money on the streets as it is useless to them now. Facebook user ""Manish Dhawan"" shared the images and wrote a caption in Hindi which translates to, ""Italians threw their money on the streets. They say it's of no use to them now..."" The archived version of the post can be seen here.",fake,Ananya Menon
"Ahead of Delhi Assembly election, a video of West Bengal Bharatiya Janata Party (BJP) president Dilip Ghosh being heckled is doing rounds on the internet. A few Facebook users shared the viral video claiming that Dilip Ghosh was thrashed by Rohingya and Bangladshi people in West Bengal. Facebook user ""Subhash Wadiya"" shared a Twitter link which also had a video along with a claim in Hindi reading: ENGLISH: See, Rohingyas do not even allow Hindus to come to their colony in Paschim (West) Bengal. If this continues this situation will prevail in the entire nation. Congress Hindus are requested to look at this video and you will get to know the future of your children. Take off your spectacles and vote for in country's interest. Here is the archived version of the post. ",fake,Aditya Saxena
An aerial footage showing tens of thousands of people on the street is doing the rounds on Facebook with the claim that it is a rally by Muslims in Delhi against the National Register of Citizens (NRC) and National Population Register (NPR).  ,real,Manav Bose
"""There are now 100 airports operational in India of which 35 were added in the last four years,"" Prime Minister Narendra Modi said during the inauguration of Sikkim's first airport at Pakyong on September 24 this year. ""Since Independence till 2014, the country had only 65 airports built over 67 years. That means, on an average, only one airport was built per year. However, in the past four years, almost nine airports were built in every year,"" the prime minister added. The Prime Minister's Office soon tweeted the same information. These claims of the prime minister created a fiery debate on social media. Many users on Twitter questioned the claims made by the prime minister. Twitterati like James Wilson (@jamewils) commented that the PM's script writers were wrong in calling Pakyong airport as the 100th airport of the country. 100 , 35 42014 67 651 1 ,4 1 9 : PM Another Twitter user, Vasu (@basudevan_k), also claimed that the PM's information about 100th airport is factually incorrect. Hello speechwriters of PMO, please do a Google search before writing speeches ;) pic.twitter.com/VSwbrlUZIq ",real,Vikram Choudhary
"A picture of Prime Minister Narendra Modi wearing a keffiyeh, a kind of Muslim headgear, during his recent visit to Saudi Arabia is going viral on social media. It is being claimed that Modi wore the keffiyeh upon his arrival in Riyadh to impress the Saudi king.   ",real,Nandini Bose
"Amid the ongoing tension between India and Pakistan, social media on both sides have become hyperactive. Pakistani media and its netizens have now claimed that Air Marshal Chandrashekharan Hari Kumar has been sacked after the Indian Air Force (IAF) lost its fighter aircraft to Pakistan in the recent standoff. ",real,Kunal Nair
" A gut-wrenching video shot by a Doordarshan (DD) staffer who was caught in Tuesday's Naxal attack in the middle of the Dantewada forest in Chhattisgarh left social media users teary-eyed. The video shows a man lying on the ground recording a message on his mobile phone, while one can hear the sound of gunfire in the background. A DD cameraperson and two policemen were killed in the attack. Several people, including some journalists and a few media organisations, mistook the recorded message as the last words of the DD cameraman, Achyutanand Sahu, who died in the firing. Many even took to social media to offer condolences to his family. ",real,Ananya Mehta
"A picture of what looks like clothes or blankets packed tightly in plastic wrappers has gone viral on social media with the claim that these are the clothes of people who died of Covid-19 in China, and now, Beijing is shipping them to Africa. Facebook user ""Thee Talkingbook"" posted the picture with the caption, ""This clothes are those who died in China. Affected with the COVID 19. They are shipping it to Africa. So we need to be Aware."" ",real,Vikram Reddy
"An image of a warship used by some politicians and parties to wish the Indian Navy on Navy Day, Wednesday, created a storm on social media. Senior Congress leader from Karnataka G Parameshwara was among many politicians who tweeted the image and wished the Indian Navy. He later removed the tweet. The archived version of the tweet can be seen here. NSUI national president Neeraj Kundan also tweeted the image of the same warship in his Navy Day message, along with pictures of Sonia, Rahul and Priyanka Gandhi. NSUI (National Students' Union of India) is the students' wing of Congress. The archived version of Kundan's post can be seen here. ",real,Pooja Malhotra
"The effects of the American drone strike that killed top Iranian general Qassem Soleimani is now spilling into US Presidential politics. While the US administration has justified the killing citing threat to American interests, the Democrats have questioned President Donald Trump’s move. Amid this, Republican Congressman from Arizona, Paul Gosar, tweeted a photo showing former US President Barack Obama shaking hands with Iranian President Hassan Rouhani, saying, The world is a better place without these guys in power.  The world is a better place without these guys in power. pic.twitter.com/gDoXQu9vO5  The archived version of the tweet can be seen here. ",fake,Sameer Saxena
"Three days after Gujarat MLA Jignesh Mevani reached Begusarai to campaign for former JNUSU president Kanhaiya Kumar, a picture of the Dalit leader being beaten up is doing the rounds on social media. Twitter user Murari Sharan Shukla has claimed Mevani and Kanhaiya's JNU brigade were assaulted by the Bhumihar youth of Begusarai. He hailed the Bhumihars (a prominent caste in Bihar) of Begusarai for their act. ~ pic.twitter.com/A8wdTChLkd ",real,Aisha Agarwal
"The horrific attacks in Sri Lanka that left more than 350 dead have led to massive social media outrage and sympathy. Of all the photos being widely shared, there is one of a queue of coffins amidst a huge crowd and another of the coffins on the ground. Several social media users claimed the photos were from Tuesday (April 23) and that they were of the victims of Easter Sunday's (April 21) terror attack being laid to rest.",real,Nandini Das
"At a time governments and health experts around the world are stressing on social distancing to contain the spread of coronavirus, a photo of Muslims offering namaaz in groups on rooftops has gone viral on social media. Many on social media thought the picture to be from India. The photo is going viral on Twitter and Facebook with the caption, “When about them, Narendra Modi ji? They least care for your request, appeal, etc. Will they also face the law, since they don’t seem to obey the law atleast willingly”. The archived version of the post can be seen here. On the other hand, many, including filmmaker Vivek Agnihotri, are wondering as to where the image is from.",fake,Yash Rana
"In retaliation to the US airstrike that killed General Qasem Soleimani in Baghdad, Iran on Wednesday carried out a ballistic missile attack on airbases housing US forces in Iraq. Iranian state TV claimed at least 80 American ""terrorists"" were killed in the attack. However, US President Donald Trump said ""all is well"" and that no Americans were harmed in the attack by the Iranian regime. Amid the ongoing tension, a set of photos is doing the rounds on social media, showing military personnel with coffins, draped with the US national flag. The claim with the photo says Iran has taken the revenge of the killing of General Soleimani. The post gives the impression that these are the coffins of American soldiers who were allegedly killed in the Iranian missile attack.  The claim with the photo reads: ""Iran ne General Soleimani ka badla le liya, dharam dekhkar support karne vale bhakt sadme me hain, jo kal Soleimani ke maut par khushiya mana rahe the."" (Iran has avenged the killing of General Soleimani. Religion-biased supporters, who were celebrating Soleimani's death, are in shock.) ",real,Varun Agarwal
"At a time India is facing a shortage of face masks and hand sanitisers in the wake of the coronavirus outbreak, images of ""fake hand sanitisers"" have gone viral with a communal spin. A set of images show two men with two security personnel, and bottles, buckets and drums filled with liquid substances. Social media users claim these images are from India and ""Muslims"" are behind the spurious business.  The archived version of the viral post can be seen here. 

These images, along with similar messages, are viral on Facebook and Twitter.
",real,Divya Bose
"Election or no election, discussions over Rahul Gandhi's caste and religion still hogs the limelight on social media.On Monday, a Facebook post with a video showing Rahul praying with Muslim clerics went viral. The post claims that soon after the elections, the Congress president turned to Islam leaving his ""jenau"" behind.The video has a top band in Hindi saying ""jenau chorr phir kattar Islam ki sharan"", and the lower band along with the video says ""Chunav khatam hote hi asli rang mein aa gaye janaab"".Wearing a skull cap, Rahul is seen offering prayers in the video along with senior Congress leader Ghulam Nabi Azad. An aged Muslim cleric can be heard saying prayers for Rahul. All of them are standing beneath a red canopy.Watch the video here",real,Manav Iyengar
"Controversy never seems to leave Nirmala Sitharaman. A video clip of the Finance Minister at the Parliament has gone viral in which netizens are claiming she spoke insensitively while answering questions regarding rising onion prices across the country. In the posts, she is quoted as saying, 'I don't eat onions, so it doesn't matter to me.' But did Nirmala Sitharaman say this? Congress spokesperson Abhishek Singhvi was among others who slammed the Finance Minister on social media. Singhvi tweeted, ""#SayItLikeNirmalaTai I don't eat onions so #onionprice doesn't affect me. I have high cholesterol so salt prices don't affect me. I don't have xyz so price of xyz treatment doesn't affect me.""  #SayItLikeNirmalaTaiI don't eat onions so #onionprice doesn't affect me.I have high cholesterol so salt prices don't affect me.I don't have xyz so price of xyz treatment doesn't affect me. Here is the archived version of the tweet. The hashtag #SayItLikeNirmalaTai soon started trending on social media. At the time of writing this article more than 32 thousand tweets were posted criticising the Finance Minister. Gaurav Pandhi another twitter user posted the same claim.  The Onion prices across the country is skyrocketing, basic meals of the poor & the middle class is affected and Finance Minister's response: ""I don't eat onions, so it doesn't matter to me""Anti-people and insensitive Govt! pic.twitter.com/cGnffB4s9u Here you can see the archived version of the tweet. Facebook user BJP exposed posted a screenshot of a news article and wrote, 'Neither will I have food, nor will let others to have food - Modi. Neither will I eat onions nor will I let others eat onions- Nirmala Sitharaman.’ The archived version of the post can be seen here.",real,Sameer Pandey
"From exposing alleged corruption in the force to challenging Prime Minister Narendra Modi in the election -- sacked BSF jawan Tej Bahadur Yadav has always been in news. A video has recently gone viral where netizens claim that he is consuming alcohol with some people. Facebook page 'Aji Haan' posted the video with a sarcastic comment in Hindi: ""Sapolo dekhlo apne daal bahadur jija ko...""  The Samajwadi Party recently fielded Yadav as its candidate from the Varanasi seat against PM Modi. However, his candidature was cancelled. On Monday (May 6), Yadav moved the Supreme Court challenging the Election Commission's decision. ",real,Rohit Reddy
"Curfew continues in the Valley amid an undercurrent of tension after the Narendra Modi government's decision to revoke Article 370 and Article 35A and bifurcate Jammu and Kashmir into two Union Territories (UTs). Amid a spate of fake claims on social media, a video has gone viral showing police lathicharging a group of people with beards and wearing skull caps and kurta-pyjama. It is being claimed that the police are beating up Kashmiris.  ",real,Aman Malhotra
"The ongoing CBI controversy has already kicked up a political storm in the country. Launching a frontal attack on Prime Minister Narendra Modi, Congress president Rahul Gandhi raked up the Rafale issue linking it with the current crisis in the CBI. Before taking it to the streets, Rahul had opened his salvo against PM Modi on social media too. Now, the controversy has spilled over into Pakistan.The Frustrated Indian, a prominent Right-wing page with more than a million followers on Facebook, claimed that Pakistan defence ministry’s official Twitter handle had retweeted Rahul's post on the CBI issue. Minister of state for micro, small and medium enterprises Giriraj Singh also tweeted this taking an indirect dig at Congress president. The minister's tweet was also shared by hundreds on Twitter. ",real,Neha Kaur
"The flood situation continues to be grim in Bihar as the calamity affected a population of 80.55 lakh in 12 districts of the state. Meanwhile, a photo showing houses submerged in the floodwater is being widely shared on social media. It is being claimed that the image is of the Bihar floods.  ",fake,Neha Reddy
"The Covid-19 pandemic has claimed the lives of several health workers across the world. These were people treating patients infected with coronavirus. A recent report says more than 60 doctors have died in Italy during the outbreak. Amid this, an emotional post is circulating on social media showing a man lying on a hospital bed and giving the thumbs-up sign to health care workers standing near him. It is being claimed that this is 38-year-old Italian doctor Julian Urban, waving goodbye to co-doctors as he is about to die due to coronavirus. ",fake,Siddharth Menon
"With the Delhi Assembly elections just round the corner, political propaganda has taken centre stage on social media. But would a senior BJP leader like Smriti Irani make any comment about Delhi schools which will favour the Arvind Kejriwal government in the upcoming polls? Highly unlikely! But that's exactly being claimed through a post which has gone viral on both Twitter and Facebook. The claim According to the message attributed to Smriti Irani, the minister apparently said, Delhi’s government school should not be made a polling booth or else people will vote for Kejriwal after seeing government school. This message, both in Hindi and English, had been tweeted from an account with a handle @aajTAK51 as breaking news. The handle also has a similar logo of Aajtak news channel. Many failed to notice that it's a fake Twitter account. Several Facebook users 'Praveen Kumar Prabhakar' and 'Franklin Mendonca' have posted this message. The archived version of these posts can be seen here and here. ",fake,Yash Fernandes
"The Narendra Modi government and Indian media have constantly been targeted by Pakistani trolls, smarting after the abrogation of Article 370 from Jammu and Kashmir. Social media users from the neighbouring country are now digging up old and baseless videos to claim that Modi was the mastermind of the Pulwama attack on February 14 this year that killed 40 CRPF jawans. A video of Pakistani YouTuber Doctor Turki’ has resurfaced on social media, who claims to have exposed a leaked call recording of Modi on Pulwama. The video is more than five months old. ",real,Nikhil Khan
"Students' Federation of India activist Soori Krishnan was reportedly injured in the violence at Jawaharlal Nehru University on January 5. His photo with a bandaged head was also published by mainstream media. And now, Krishnan has become the target of some social media users who claim that he faked injuries on his head and hands. These users are sharing a set of three photos - the first showing his head and both hands bandaged, the second showing his head wrapped in a bandage and the third without any bandage but with a garland wrapped around his neck. Facebook page ""We Support Dr Subramanian Swamy"" uploaded the post with the caption, ""Within 6 hours our fatally injured jihadist commie soori has joined his Kerala comrades for celebrations. Shortest cure of two fractures and a skull fracture in the entire world of medical history."" ",real,Neha Iyer
"Is the Nightingale of Bollywood, Lata Mangeshkar, finally retiring? Has she decided to stop recording songs? A post by a Facebook user ""Tshering Wangdi Lepcha"" claims that after turning 90, the singer has decided to record her last song, and henceforth she will not record anything. The user posted a Marathi song ""Aata Visavyache Kshana"" sung by Lata Mangeskar, saying the song was her last recording. The meaning of the song is ""it is time to rest now"". People on social media believed it to be her last song and flooded social media with emotional messages. ",real,Nandini Verma
"Rumours of child kidnappings have already led to a number of mob lynching cases over the last few years. And now, a picture of policemen posing with a group of people has gone viral on social media with the claim that MP police arrested 25 child kidnappers from Ratlam. ",fake,Manav Bose
"A video of two girls in a hospital is going viral on social media wherein one of them is seen helping her injured friend walk and also trying to make her laugh. It is being claimed that the girl got injured in protests against the National Register of Citizens in Jawaharlal Nehru University. The Hindi caption along with the video translates to, This girl is trying to cheer her friend up who was injured in anti-NRC protests at JNU. This is how friendship should be, encouraging each other even in the most serious conditions.  ",real,Rohit Nair
"Amid opposition by certain sections over the abrogation of Article 370 in Kashmir, a horrific video of a burning man has been going viral on social media with the claim that Indian forces set ablaze a protestor in Srinagar. Twitter account 'Khaleej Mag' posted the video in which a burning man can be seen running in an open area in the presence of some men in khaki. The text along with the post reads, ""A dark face of humanity. Indian forces burning a Kashmiri protester with fire in Srinagar."" A dark face of humanityIndian forces burning a Kashmiri protester with fire in Srinagar. #KashmirUnderThreat #KashmirStillUnderCurfew #humiliationofthecentury #KashmirProtests #KashmirIssue pic.twitter.com/dqkKrxy3BO ",real,Pooja Menon
"In the peak of the election season, political posts on social media create a lot of traction. But, at the same time, these posts could be potentially dangerous if they spread any misinformation. One such post by Facebook page 'We Dravidians' claims that the BBC has found the BJP to be the most corrupt political party in the world.  ",real,Rahul Kulkarni
"With the Lok Sabha election round the corner, social media has turned into a fertile breeding ground for fake news and misinformation. Political leaders have become the flavour of the season. The latest to create a sort of buzz on Twitter is Congress IT cell head Divya Spandana. In her tweet, Spandana claimed that BJP IT cell man Dhruv Saxena has been arrested for helping Pakistan’s intelligence agency ISI.  Anti National BJP!! BJP IT Cell Man Dhruv Saxena Arrested Along With 10 Others For Helping ISI Spy On Army https://t.co/ZhNs2DRIUu ",real,Siddharth Kapoor
"The entire exercise, monitored by the Supreme Court, took almost three years to complete.",fake,Neha Iyer
"Were Pakistan flags waved at a BJP rally in Kashmir? Well, many users in Facebook are claiming this. One Facebook user by the name Vinay Srivastava posted a still image of a political rally showing green flags with a white star and crescent beside saffron and BJP flags. This goes with a Hindi caption, Pakistan flags in BJP rally in Kashmir along with BJP flags.  ",fake,Ishita Das
"A disturbing picture has been floating on WhatsApp which shows the bodies of five children in a pond, with the claim that they were killed allegedly for the purpose of organ trading. Attached with the picture is an audio clip (listen here) which warns people in a dramatic voice, claiming that these children were kidnapped from different places and dumped after their organs were removed. It also says that the bodies were recovered by the Tamil Nadu Police from a container. The audio ends with an appeal to share the clip to a maximum number of users so that other children remain safe. The message was sent to us by one of our readers, Dr Rituparna.In the audio clip, a man can be heard saying: ""Tamil Nadu Police ko ek container se bacchon ki lashen mili. In bacchon ke jism ke andar ka hissa nikala gaya hai jaise kidney, lever . Tamil Nadu Police ne bataya in sare bacchon ko alag alag desho se kidnap karke laaya gaya hai . Note apne ghar ke bacchon ko sambhalo, unka khayal rakho, apne saare group me ye message send karo. Iss photo ko itna felao taki k***a pakda jana chaiye, agar jisne yeh nahi failaya vo apni maa ka sapoot nahi. Apne phone me chahe kitne bhi group ho 1,2,3,4 ya 25 ye saare group me bhejo, haramkhor pakda jaana chaiye."" ",real,Varun Nair
Are EVMs being tampered with in Madhya Pradesh before the state goes for Lok Sabha elections? Certain Facebook users such as 'Sekh Safi' and 'Rajib Ghoshal' put out posts in Bengali alleging that the BJP resorted to EVM tampering in Madhya Pradesh to tilt the results in its favour. ,real,Kunal Iyer
"As Jammu and Kashmir loses its special Constitutional status, social media is bombarded with old photographs and videos claiming to show the ""current situation of Kashmir"". And now, a set of three photographs showing alleged police brutality on women is being shared widely as that from the Valley. The claim Facebook user ""Fazlul Hoque Patowary"" shared three pictures in a group called ""Deen E Islam"". The three pictures show police misbehaving with women. The caption with the post says, ""Current situation of Kashmir! Plz pray for them."" Till the time of filing this story, the post has been shared more than 100 times. The archived version of the post can be seen here. ",real,Vikram Rana
A post regarding the strike of bus drivers in Japan is doing the rounds on social media. It is being claimed that bus drivers in Japan are currently on strike but are not accepting fares while continuing the service. The claim does not specify the place in Japan but gives the impression that the strike is ongoing.,real,Meera Kapoor
"A video of policemen manhandling men, women and children is going viral on social media with the claim that people are being evicted from their homes as a fallout of the National Register of Citizens (NRC). Facebook user ""Denzil Brown"" posted the video with the caption, ""NRC started in Assam. They have begun evicting people from their homes. The media doesn't show it, they are being sold, so it is our responsibility now to share this video.""  ",real,Varun Chawla
"Has Sambit Patra been removed from the post of national spokesperson of the BJP, following the defeat in recently concluded assembly elections?This is what a Facebook page ""TheViralinIndia"" is claiming. '""Sambit Patra ko BJP ke prabakta pad se hataya gaya. Ab mandir kaun banayega? Afshos"" ( Sambit Patra has been removed from the post of spokesperson of the BJP. Sad, now who will build the temple?) - This post by ""TheViralinIndia"", on Facebook has already been viewed by nearly four thousand people and shared by almost 3000 times at the time of filing the story. Hundreds commented on the post believing it to be true.On twitter too, people are discussing and commenting about the ""removal"" of Sambit Patra.Many Facebook users who commented on the TheViralinIndia's post, blamed Patra as one of the main reasons for BJP's debacle in the assembly elections earlier this month.",real,Nandini Das
"Deepika Padukone's movie 'Chhapaak', which is based on the real-life story of acid attack survivor Laxmi Agarwal, has been embroiled in controversies lately. The latest one being fake news from a social media post which is going viral. A Facebook post has claimed that Laxmi Agarwal confronted Deepika Padukone and film director Meghna Gulzar saying they did not disclose it to her that the name of her acid attacker was changed to a Hindu name 'Rajesh' in the film. ",fake,Pooja Iyengar
"Did actor Saurabh Shukla comment on the Balakot air strikes? A social media page uploaded a picture of the popular actor, claiming: ""The entire world saw when our 42 jawans were martyred. Everyone saw when 150 people died in Sri Lanka. Only BJP saw 350 terrorists were killed in Pakistan."" ",fake,Riya Gupta
"A story that says that a man faked being deaf and dumb for 62 years to avoid listening to his wife has gained a lot of traction on social media. Many users have shared it on Facebook, referring to an article published by a website called 'World News Daily Report'. The article says ""a man from Waterbury in Connecticut faces divorce after his wife found out that he was not actually deaf and had been faking it for more than 62 years to avoid having to listen to her."" ",real,Ishita Mishra
"After a mega roadshow in Varanasi on April 25, Prime Minister Narendra Modi filed his nomination from Varanasi. Amid this, a set of photos is doing rounds on social media, comparing the way how Rahul Gandhi filed his nomination in Amethi and how Modi did it in Varanasi. The caption given to the post is ""Naamdar vs Kaamdar"", trying to show that Rahul Gandhi has no respect towards the concerned officer compared to PM Modi.  It seems in the photo that Rahul Gandhi is sitting while handing over the nomination papers to the officer; on the other hand, Modi did the same by standing in front of the officer with his hands folded. BJP national secretary, Sunil Deodhar is among many who shared this post. Sunil Deodhar's post has already fetched more than 11,000 shares. Archived version can be seen here. ",fake,Divya Fernandes
"After India's most ambitious Moon mission, Chandrayaan-2, took flight on July 22, a series of photographs have flooded social media. It is being claimed that the images of the Earth being circulated have been taken by the Chandrayaan-2. There are multiple photographs floating on social media. We are testing some of them.  ",real,Divya Kaur
"A set of pictures of a man serving biryani on a plate and some medicines is going viral on social media with a communal twist. The post claims that a biryani joint in Tamil Nadu's Coimbatore has two vessels for Hindus and Muslims, and the one meant for Hindus is laced with medicines to make them impotent. Twitter users ""Venky"", ""Ankur soni"" and others posted the images with the caption, ""Muslim biriyani ready to eat fastfood joints & restaurants have two vessels for preparing biriyani, One for muslims and the other for Hindus the vessel for Hindu's is mixed with tablets to make Hindus childless. In Coimbatore named restaurant 'Masha Allah' by Rehman Bismilla."" The archived versions of these tweets are saved here and here. The same post has been shared by many Facebook users too. The archived version can be seen here.",real,Simran Gupta
"Pakistan's Director-General of Inter-Services Public Relations, Asif Ghafoor tweeted a video of retired Indian Air Force (IAF) Air Marshal, Denzil Keelor with the footage of Wing Commander Abhinandan Varthaman's clip in the inset. Asif Ghafoor claimed that the war veteran was talking about the ""failure of India"" during Balakot airstrikes earlier this year. The IAF had carried out airstrikes on a terrorist base in Pakistan's Balakot on February 26, 2019. Admission of Indian failure and losses on 27 February 2019 by a well decorated Indian Airforce veteran Air Marshal Denzil Keelor.#Surprise pic.twitter.com/uTeErbucCl ",real,Yash Nair
"An emotional video is being circulated on social media with the claim that Muslims in Jaisalmer, killed Hindus and burnt their houses after Congress's victory in the recent Rajasthan assembly election."", 'Some middle-aged women are seen crying in the video, describing how their houses have been vandalised. The message attached with the video reads -', '""Rajasthan me Congress sarkar bante hi Pakistan se lage Jaisalmer ke Daarti gaon mein shantidoot muslimo dwara Marwari hinduon ke ghar jalaye gaye aur do hinduon ko maut ke ghaat utaar diya"".', ""(English Translation - Immediately after formation of Congress government in Rajasthan, Muslims burnt houses of Marwari Hindu community and killed two Hindus in Jaisalmer's Daarti village.)"", '', '', """,fake,Nandini Reddy
"The novel coronavirus that originated in China and has killed and infected lakhs all over the world has spurred hate messages against the Chinese on social media. Now, a video showing two men almost coming to blows is being circulated on Internet with the claim that Chinese are not being allowed in Australian supermarkets. The 42-second clip, shot in a supermarket, shows an altercation between the two men, one of whom is wearing a mask and holding two tin containers. Supermarket officials intervene and ask the man in the mask and his woman friend to leave empty-handed. The caption along with the video says, ""Chinese not allowed in supermarket, It's started in Australia...?""  ",real,Shreya Iyer
"To mitigate the hardships faced by common people, the central government, along with states and union territories, has allowed some industrial and financial activities to resume from April 20. But these will be done under the strict guidelines set by the Home and health ministries. In the meantime, a message circulating on WhatsApp and other social media claims that factory owners and the management will be penalised if any worker tests positive for coronavirus.   ",real,Simran Gupta
"A photo claiming Congress leader and senior lawyer Kapil Sibal meeting Dera Sacha Sauda chief Gurmeet Ram Rahim is widely being circulated on social media.', 'Photo shows a man with grey hair shaking hands with Dera chief Gurmeet Ram Rahim while two women are standing nearby.Among others, a Facebook user Vinesh Kapil has posted this photo with a caption; ""Kapil Sibal sahib Ram Rahim ki gufa mein bhi jaate the yakin na ho to dekh lo. Magar ye hath Ram Rahim se mila raha hai aur nazar ladki se mila raha hai. (Kapil Sibal used to go to the secret room of Ram Rahim, check here if you don\'t believe. He is shaking hands with Ram Rahim but making an eye contact with the woman.)""', '', 'The archived version of this post can be seen here.'",real,Pooja Trivedi
"New York has been the hardest-hit state in the United States with nearly two lakh people getting infected with coronavirus. And now, a bizarre story about an employee in a New York funeral home cremated alive while taking a nap has gone viral on social media. An article by ""Weekly Inquirer"", which has been replicated by other websites, claims that a New York funeral company accidentally cremated one of its employees who fell asleep after working 16 hours straight. ",real,Riya Mehta
"Since the cutting of trees in Aarey forest area of Mumbai, a number of videos of leopards entering residential apartments and attacking dogs are being circulated in Mumbai. Over 2,000 trees were cut between October 4 and 7 in Aarey by authorities to construct a Metro railway car shed amid protests. Facebook user 'Ashish Vengurlekar' shared one such video with the caption, ""Abhinav nagar Borivali east... Keep cutting more trees"". The video is of CCTV footage showing a leopard attacking a black dog. The timeline of the coloured footage shows that it took place on September 29. In the video clip, the dog, sleeping at the entrance of a house, is seen managing to escape the clutches of the leopard and run. The leopard runs behind it.  The archived version of the post can be seen here. Facebook user 'Shaikh Sallu' uploaded another video of a leopard attacking a dog with the caption, ""Abhinav nagar Borivali east"". The video has dramatic footage of a leopard creeping up to a dog on a staircase where it is sleeping cozily at the footstep of a flat. The leopard moves slowly and catches the dog by the neck as it is caught unaware. The timeline of this black-and-white footage shows that the incident took place on October 11.  The archived version of the post can be seen here. ",fake,Ananya Menon
"Former Karnataka Chief Minister Siddaramaiah insults Lord Ram in public by slapping his picture with slippers to appease minorities? That's pretty outrageous, and the furious reaction to it is on expected lines. But, this claim is far from truth. Legions of Facebook users are raging against Congress' Siddaramaiah - 4,000 at last count - for 'beating' pictures of Lord Ram during a rally. The social media post with the incriminating picture carries a message in Hindi that translates to: ""To demean Hindus, Congress CM Siddaramaiah took out a rally beating Lord Ram's pictures with slippers. This is just to appease Christians and Muslims. Share this to reveal the real face of the Congress party."" This post has been shared by a Facebook user called Devender Chauhan who claims to be working with the Bharatiya Janata Party. This photo was sent out in a group titled 'Namo Fan' which has half a million followers. The photo has also been shared by a Facebook user named Rashmi Bipin Nirala in a group called 'BJP Social Media', where it has been shared more than 1,500 times. The picture in question shows policemen standing casually amid a crowd, with 'Siddaramaiah' in the centre of this motley group, some of who are holding up footwear to calendar-type images of Lord Ram. It is unlikely for the former CM to be accompanied by such a bunch of people. Some of the billboards visible in the picture are in Tamil, indicating that it must have been clicked in a town or city somewhere in Tamil Nadu. Users are writing hate messages against the senior Congress leader. ",real,Ananya Mehta
"In the middle of the ongoing tensions between India and Pakistan, pro-Pakistan netizens have been sharing a video with the claim that it is the same Indian Air Force (IAF) pilot who was arrested by Pakistani forces on Wednesday. Pakistani jets crossed the Line of Control on Wednesday morning, prompting IAF fighter jets to launch counter operations. Pakistan claimed that it shot down two Indian aircraft. A statement released by Pakistan said one Indian pilot was in its custody.The video that has surfaced shows an injured pilot lying on the ground and people trying to help him.",real,Kavya Rana
"The new e-passport is still under process but it has somehow managed to grab eyeballs on social media for all the wrong reasons. A Facebook post going viral showcases pictures of a plastic card, much similar to any debit or credit card, claiming it to be the new e-passport. ",real,Priya Saxena
"Several social media users are sharing a video clip with the claim that Muslims shouted communal slogans in Jodhpur after the Congress party's victory in the recently held Rajasthan Assembly polls. The clip in circulation is from Sudarshan News.the one-minute-40-second video, people brandishing swords in their hands can be heard saying, ""Hindustan main rehna hai toh Allah Hu akbar kehna hoga.""The headline of the story reads: ""Rajasthan ke Jodhpur main Bharat virodhi naare.",real,Sameer Kulkarni
"Even as news channels and websites are busy updating people on the status of Cyclone Vayu, social media is flooded with images of its 'impact'. A Facebook page called 'Mumbai' posted a picture claiming that it is a photo of the cyclone in Mumbai. ",real,Varun Trivedi
"The farmers' protest on October 2 turned violent as thousands of farmers clashed with police on the Delhi-Uttar Pradesh (UP) border.The protesters' pictures went viral on social media showing violence. One such picture that went viral as the face of the farmers' protest was of an elderly dhoti-clad man taking on eight policemen with his lathi (stick). Many people took to social media, posting how the picture shows police brutality against en elderly man.Shamina Shafiq, former member of National Commission for Women, shared the picture on Twitter and said it was the ""most disturbing image of the day"". She slammed the UP police, calling them ""cowards"" Here's what she tweeted:"", 'One of the most disturbing image on the day when the whole world is celebrating #MahatmaGandhi jis 150 birthday, we see these coward cops of #UttarPradeshPolice attacking a helpless #Farmer pic.twitter.com/lG02qUcV3u Congress president Rahul Gandhi also tweeted that the Gandhi Jayanti celebrations on the world non-violence day started with brutal violence against the farmers marching peacefully towards Delhi. He said that now farmers can't even march towards the capital to voice their problems. '#BreakingNewsBJP -! #KisanKrantiYatra' Not only social media, several newspapers also carried the picture as the face of farmers' protests.",real,Yash Nair
"An emotional Facebook post with a photograph of a woman visibly in pain wearing an oxygen mask while holding a man from behind, has gone viral on social media. It is being claimed that this woman is pregnant and has been tested positive for Covid-19. The viral post appeals for more shares and prayers as the man claims that doctors fear that his wife might not survive. and even if she does, the child might too be corona-positive. The Facebook post has already been shared by more than 12,000 users.    ",real,Varun Chawla
"As former union minister Jyotiraditya Scindia quit the Congress party leaving Kamal Nath's government in Madhya Pradesh in turmoil, a social media post involving his resignation letter has gone viral. The post showed the screenshot of a tweet, purportedly tweeted by 'BJP Karnatakaa', degrading Scindia by calling him a dog. ",real,Nandini Choudhary
"A collage of two photos is going viral on social media with the claim that ""RSS goons"" attacked a Hindu woman because she organised sehri for a Kashmiri Muslim girl during Ramadan. One of the photos in the collage shows a woman standing beside a girl in hijab who's having her meal. The other photo shows an injured woman crying. This woman has applied turmeric on her bleeding nose.",real,Nikhil Iyer
"Like everybody else in India, veteran actor Amitabh Bachchan too is eagerly waiting for rains to calm down the sweltering heat. But longing for a magical solution for rains, he fell for a video which claims that Nasa has developed a rain cloud generator for instant shower. As expected, the video he shared spread like wildfire. And it turns out that the video is old and misleading. ... can we get one in India .. I mean right now .. RIGHT NOW .. PLEASE !! https://t.co/pTRI8r4VsK ",real,Neha Nair
Indian Air Force (IAF) Wing Commander Abhinandan Varthaman's heroic act after his capture by Pakistan a month ago has won many hearts. But that hasn't spared him from being a target of fake news generators. A viral Facebook post claims that Abhinandan was fired from service the day his father joined Congress. ,real,Aditya Agarwal
"Pictures of rescue operations of flood victims in Assam are viral on social media. But there are a few unrelated images which have been passed off as pictures of the Assam flood. Recently, a picture of a man with a calf on his shoulder wading through knee-deep water has gone viral, linking it to the Assam floods. ""Humanity. Pray for Assam"" is the caption written in English on the viral image posted on Facebook by user, ""Are bhai bhai bhai"".  The archived version of the post is here. The picture was posted on Facebook on July 19, 2019 and has been shared by more than 4,000 users till the time of writing this article. ",fake,Aisha Chawla
"After the Supreme Court put the Ayodhya dispute to rest, social media has been flooded with images claiming to be of Babri Masjid. Four images are being circulated with the claims that these are rare images of Babri Masjid, with the courtesy being given to British Museum.  The archived version of the post can be seen here. Facebook page 'Muslim Mirror English' posted the photos with the caption: ""Few rare images of Babri Masjid. (Courtesy British Museum)"". The images have gone quite viral on Facebook. To verify the claim attached to the viral photographs, we ran a reverse search on every photo.",real,Aditya Verma
"An emotional video is being circulated on social media with the claim that due to the ongoing lockdown in Kashmir, a 90-year-old man has not been able to bury the body of his son for two days. The video shows an old man trying to remove dust from a lifeless body and talking to someone. Sad music can also be heard in the background of the video.  90 2 # # #1MonthOfKashmirShutdown pic.twitter.com/EKcJQidUQC The archived version of the post can be seen here.",real,Nandini Bose
"Social media is filled with videos and photos linking them to the countrywide agitation against Citizenship (Amendment) Act and National Register of Citizens. Many of these posts are not even related to the protests. And now, a 16-second video is going viral on social media which shows a group of young boys and girls clapping and dancing on a street when a woman suddenly appears and slaps one of the girls. The caption of the video says, ""When Anti #CAA Protestor meets her Mom"".  ",real,Rahul Trivedi
"Pictures of two birds, tinier than a human nail, are going viral on social media. One can see the tiny birds on the nail and fingertip of a human hand. It is being claimed that these are pictures of a hummingbird, the smallest bird in the world. Facebook user 'Ban Boy Sahid' posted the pictures on a group called ""BONDHUR MOTO BONDHU HOBO"". The caption in Bengali translates to, ""World's smallest bird hummingbird. Saw it for the first time."" Here's the link of the posted photos on Facebook. ",real,Nandini Verma
"Air conditioners, that people seem to be in a relationship with for some summers now, have ironically generated a lot of heat on social media recently.What sparked the controversy was an announcement by the Ministry of Power of the central government last week which said that the government is going to ask all the air conditioner manufactures to set the default temperature of the machines at 24 degrees Celsius.The term 'default temperature' was interpreted differently by various people and many were fuming at the idea of government controlling what people will eat or how will they live in their bedrooms.Congress spokesperson Priyanka Chaturvedi quipped that next idea that the government may come up with might be to stop bathing to save water.Nidhi Razdan questioned the state and its temperature control settings.",real,Varun Nair
"With over 4,800 deaths, Italy has seen the highest number of casualties due to the coronavirus outbreak. And now, a picture showing a hall full of coffins has gone viral on social media with the claim that these are the coffins of Covid-19 patients who died in a single day in Italy. The caption along with the viral photo says, ""Stop making mockery of CORONAVIRUS. CORONAVIRUS is real. See what happened in Italy. All these died in one day"".",real,Manav Bose
"Amid the ongoing tension between India and Pakistan, social media on both sides have become hyperactive. Pakistani media and its netizens have now claimed that Air Marshal Chandrashekharan Hari Kumar was sacked after the Indian Air Force lost several of its fighter aircraft to Pakistan in the recent standoff. ",real,Ananya Mehta
"Has the Modi government passed a law which legitimises shooting tribals? Unbelievable as it may sound, but that is exactly what Rahul Gandhi can be heard saying in a video clip being widely shared on social media, along with angry comments from netizens. Hundreds of people, such as BJP IT cell head Amit Malviya, are calling him a ""congenital LIAR"" for ""speaking such lies"".  Rahul Gandhi is a congenital LIAR! Can you imagine anyone else speaking such lies and getting away with it? No fact check on Rahul Gandhi’s speeches, no outrage either... This subservience to the family is frankly worrying. But trust the people of India to reject such bigotry. pic.twitter.com/W9sRj9wH9P  On Facebook page India Unravelled, the post was already shared more than 3,200 times at the time of filing this story. ",real,Divya Kulkarni
"As polling for Lok Sabha gets closer, political opponents seem to be more than willing to take potshots at each other. On Sunday [March 26], Congress spokesperson Randeep Surjewala tweeted a video alleging that former Union minister and BJP MP Kalraj Mishra had threatened to shoot those who asked him questions. A video of Kalraj Mishra addressing a rally where the comment was allegedly made went viral on social media.  ---!- pic.twitter.com/JV480z1gMk The archived version of the tweet. Randeep Surjewala tweeted, ""New example of violent mentality of BJP. Kalraj Mishra threatens people who raise slogans against Faridabad MP, saying that if it were my home state I would have got down from the stage and shot the people who are creating a mess. Is this the message of BJP? Get shot for asking a question!"" (Bhajpa ki hinsak maansikta ka taja namoona Kalraj Mishra ji ne faridabaad saansad ke virodh me naare lagane valo ko dhamki bhare lehje me kaha- agar yeh unka Pradesh hota to is tarah gadbad karne valo ko veh stage se utarkar goli maar dete) ",fake,Divya Fernandes
"Several Facebook users are sharing a blog written on Kashmir along with a disturbing picture of police brutality on an aged person. The man is bleeding profusely as three policemen are seen dragging and hitting him with batons. The claim Website ""teesrijungnews.com"" has published an article in Hindi with the headline, ""Kashmir se jaari report behad darawni hai...woh tera hazaar bachche kahan hai aur kis haalat mein hai!"" (the report from Kashmir is quite scarywhere are those 13,000 children and in what condition!). The article has used a picture of police atrocity as its cover photo.  The archived version of the article can be seen here (http://archive.today/QlK9R). ",real,Neha Fernandes
"Social media is abuzz with a bizarre claim that Iceland is offering immigrants $5,000 per month to marry its women. Facebook page 'Funk You' shared an article from a website called 'Tales cart' and captioned it- 'Heaven is Calling'. The article is headlined ""Iceland Is Offering Money To Foreigners For Marrying Their Women - Here's Why"". ",real,Arjun Gupta
"A viral post on the Facebook page 'I Support Modi' made a claim that Virat Kohli, Sachin Tendulkar, Gautam Gambhir, and Sunny Deol have joined forces with the Bharatiya Janata Party (BJP).The post carries a photo collage of the four celebrities, with some donning saffron scarves. The BJP symbols can also be seen in the background of two photos.The celebrity factor mostly works for political parties during elections, considering their massive fan base.",fake,Karan Verma
"After Prime Minister Narendra Modi denied that there are detention camps in India, a touching image of a woman breastfeeding a baby across a fence as a man holds the kid is going viral on social media. The post claims that the image is from a detention camp in India. Facebook user Chotu Khan posted the image with ""No More Concentration camps!"" superimposed on it. The claim in Bengali translates to, ""Both husband and wife are Bangladeshis. Wife is a Muslim and so she is spending her days in a detention camp due to NRC. Husband is a Hindu and therefore spared due to CAB. But the parents are ensuring that the baby gets milk in time. End of a short story. In the coming days, more such examples of Modi's achhe din will be seen."" ",fake,Sameer Pandey
An image of a boy covered by a blanket purportedly sleeping between two graves is getting viral on social media. It is being claimed that the boy in the viral picture is from Syria who was lying between the graves of his parents. ,real,Ananya Mehta
"A poem attributed to screenwriter Salim Khan floods social feeds in India whenever a big, explosive story breaks on national air.', '""Aaj Kalam Ka Kaagaz Se Main Danga Karne Valla Hun (I am going to turn the pen against the paper),"" reads its first verse. In the nut, the composition unleashes a no-holds-barred assault on the media.', ""The poem also sets the names of some of Bollywood's top stars -- Salman Khan, Amir Khan and Aishwarya Rai Bachchan -- in rhyme."", 'But then there was a problem. This viral poem appeared nowhere near the works of an icon like Salim Khan.'",real,Nandini Mishra
"The Narendra Modi government has completed construction of the Char Dham expressway, if a viral post on social media is to be believed. On April 16, Facebook user Raghav Varshney posted a picture of a magnificent four-lane road between a hill and a water body claiming that it is the Char Dham expressway. ",real,Kunal Nair
"With the number of COVID-19 cases surging across the world, many unverified home remedies have emerged on social media claiming to neutralise the coronavirus. An image carrying one such remedy is doing the rounds on Internet saying that one can eliminate the virus by drinking lots of water and gargling with warm water mixed with salt or vinegar. The text in the viral picture reads, ""Corona virus before it reaches the lungs it remains in the throat for four days and at this time the person begins to cough and have throat pains. If he drinks water a lot and gargling with warm water & salt or vinegar eliminates the virus. Spread this information because you can save someone with this information"". As of now, no study says coronavirus can be cured by drinking lots of water or gargling with warm saltwater. Though it is true that warm salt water has long been used as a home remedy to soothe a sore throat, but till now, there is no evidence that it can also ward off the novel coronavirus. A report by fact-check website ""Snopes"" also says that there is no proof that coronavirus remains in the throat for four days as mentioned in the viral post. Many users have shared this post on Facebook and Twitter. The post is also going viral on WhatsApp groups. ",real,Vikram Reddy
"A day after Republic Day celebrations, a photo of Congress leader Rahul Gandhi has gone viral on Facebook, showing him saluting with his left hand. Facebook page Zee News Global Fans posted the image with a caption in Hindi which translates to, This is that great leader who does not know which hand to use for salute. And he wants to become the Prime Minister.  ",real,Siddharth Chawla
"River Cauvery brings out the same kind of emotion to the people of Southern parts of India as the river Ganges to North Indians. Recently a video has gone viral which shows a stream of water flows over dry land and people pay respect to it. Many netizens have posted this video and claimed this to be a sort of miracle associated with Cauvery river which flows only once a year through Mayarav village in TamilNadu. Many Facebook users have posted this video with caption in English saying, ""River Cauvery is arriving into a village.....Mayavaram in Tamil Nadu. It comes only 1 day b4 Navarathiri every year n goes back after Deepavali naturally. Beautiful sight a real essence of life...simply divine of onlookers (sic)."" ",real,Varun Agarwal
"The official Twitter handle of All India Mahila Congress (AIMC), the women’s wing of the Congress, took a dig at the Gujarat Model’ by posting a picture out of a textbook that taught the Advantages of Dowry’. The Gujarat Model’ has been much harped on by the BJP to highlight the state’s economic growth. Tagging Gujarat chief minister Vijay Rupani’s office, AIMC cited Dowry Prohibition Act, 1961, and claimed that the Social science textbook excerpt is BJP’s idea of women empowerment. ",real,Anjali Mishra
"Have the number of Coronavirus positive cases crossed 59 in Nagpur? Is a doctor in Nagpur battling for life due to Coronavirus? Social media posts, especially an audio clip has been going viral claiming exactly this. The claim Facebook user Dishank Bais uploaded a long post and claimed that a doctor is on a ventilator and in Nagpur 59 people have been found to be coronavirus positive. The archived version of the post can be seen here. Similarly, an audio clip is also being widely shared in which a conversation between two people has them casting aspersions on the testing labs and claiming that there are three doctors who have Coronavirus of them one, 'Dr Kamlesh' is on ventilator. ",fake,Manav Sharma
"US President Donald Trump is often in the news for his typical flamboyance. But just before his arrival in India and much talked about meeting with Prime Minister Narendra Modi, some people are trying to take it too far with the help of a sensational video. A small video clip has gone viral on Facebook which claims that Donald Trump is suggestively grabbing bikini-clad women. People are questioning why PM Modi is spending crores of rupees in welcoming such a cheap person. Several users like Yuva Bharat and Abhishekh Sharma have shared this 30-second long video on Facebook with Hindi caption, PM Modi is spending Rs 100 crores in 3 hours for this cheap person, Donald Trump.  The archived version of these posts can be seen here and here. ",real,Ishita Mishra
"Much before Congress president Rahul Gandhi announced his decision to contest from Kerala’s Wayanad constituency, netizens took potshots at social media on the coming move. Several Facebook and Twitter users posted a video where people were seen cheering up for Rahul holding his poster along with green flags. They claimed that Pakistani flags were used for Rahul Gandhi’s campaign in Wayanad. ",real,Rahul Malhotra
"BJP MP Sadhvi Pragya has apologised in Lok Sabha for calling Mahatma Gandhi's killer Nathuram Godse a ""patriot"". But the controversy refuses to die down on social media. Some Facebook users now claim that actor Akshay Kumar has demanded that Godse's final statement, clarifying why he killed Gandhi, be included in history books. Using a screenshot of a tweet, netizens claim it was posted by the Bollywood superstar. The Hindi tweet, supposedly posted by Twitter handle @kumarakshay_1, translates to, ""I am not getting into whether Godse killing Gandhi was right or wrong, but I will surely say that history books, apart from teaching that Godse was Gandhi's killer, should also teach his final statement on why he committed the murder. The next generation would decide whether it was right or wrong."" Here's the Facebook post. ",real,Kunal Rana
"An image of a giant sculpture of a baby inside a womb, carved out on a hillside along a road is getting viral on social media. The claim along with the image says the sculpture was carved by a man who lost his wife and unborn child to drunk driving. Facebook page Check this out posted the image with the claim, Roadside sculpture carved by a father who lost his wife and unborn child to a drunk driver. This is incredible. ",real,Riya Joshi
"Is Prime Minister Narendra Modi more humble towards medal winning athletes than former Prime Minister Manmohan Singh? This is what is being claimed in a story on the website Postcard News on the basis of two photographs.

Postcard News published a post showing two pictures of former PM Manmohan Singh and PM Narendra Modi posing with sportspersons who won medals in international events. The first picture shows Singh sitting with his wife Gursharan Kaur, UPA chairperson Sonia Gandhi and the then Union minister for sports while the medal winners are standing behind them. The second picture shows Modi standing and interacting with medal winners who are seated around him in the chairs. The message along with the picture in the Postcard News reads: ""Pic 1- Everyone sitting except medal winners. Pic 2- Everyone is sitting except the Prime Minister."" See the difference"".

The post has tries to paint Singh in a poor light and as compared to PM Modi who kept standing while the athletes were offered chairs.",real,Karan Gupta
Netizens have discovered a unique connection between Grammy-winning pop star Shakira and music maestro Bhupen Hazarika. An audio of a song has gone viral on social media which claims it to be Shakira’s rendition of Paul Robeson’s Ol’ Man River’ and Hazarika’s 'Ganga Behti Ho Kyun'. ,real,Kavya Rana
"Did NIA judge Ravinder Reddy who acquit Swami Aseemanand in the Mecca Masjid blast case join BJP? A Facebook page named 'Mangalore Voice' has shared a photo of a person wearing a saffron scarf with BJP president Amit Shah and former Chhattisgarh Chief Minister Raman Singh. The caption reads, ""Meet the National Investigation Agency (NIA) judge Ravindra Reddy joining BJP who acquitted RSS leader Swamy Aseemanand in Mecca Masjid bomb blast (sic)"".  ",real,Aman Kaur
"Is Sonia Gandhi richer than Britain's Queen Elizabeth II? Bharatiya Janata Party (BJP) leader Ashwini Upadhyay and several social media users have shared a news article which claims that the United Progressive Alliance (UPA) chairperson is richer than Britain's Queen Elizabeth II. ""Congress's Elizabeth is richer than British Queen Elizabeth-II & Sultan of Congress is richer than Sultan of Oman.India urgently needs a Law to seize 100 % disproportionate assets & Benami Properties with lifetime imprisonmenthttps://t.co/KWRhrBJoer@PMOIndia @narendramodi"", ""At the time of writing this report, Upadhyay's post was retweeted more than 1,500 times. Other Facebook users also shared the same article."", 'These posts refer to a Times of India article published on December 2, 2013, which had attributed the source of their information to Huffington Post, an American news and opinion website.', 'TOI\'s article stated that Sonia is the 12th richest political leader in the world, though at the end of the story, it said ""Huffpost report does not clearly state how it has arrived at the conclusion"".",fake,Ananya Menon
"More than 100 children have lost their lives in Bihar's Muzaffarpur and neighbouring districts over the past few days. As per government reports, ""Acute Encephalitis Syndrome (AES)/ Japanese Encephalitis (JE)"" are the reasons behind the deaths. Several newspaper reports have linked the deaths to lychees. There is already panic among people about the summer fruit. Many on Facebook and WhatsApp are circulating a message along with a video asking people, particularly children, to stop eating lychee. They claim eating the fruit might cause a life-threatening fever to children, which is ""incurable"". One viral Facebook post in Hindi by Live india 24x7 says, ""For your information: You are all advised to stop eating lychee for now. Never give lychee to your kids; else they will suffer from 'chamki' fever. The health ministry has declared it ""incurable"". Till the time the virus is in complete control, stay away from consuming lychee.""  ",real,Pooja Malhotra
Social media users are taking a dig at Iran over a video which shows a rocket crashing within seconds of its launch. What they claimed Netizens have claimed that the rocket belonged to Iran and sarcastically commented that it’s the best the country has produced so far. The video spread like wildfire on Facebook.  ,real,Manav Agarwal
"Voter disaffection is common in democracies. But whats rare is voter rebellion that turns violent against elected leaders.', 'A video circulated on social media has caught 60,000 views since July 13 because it showed a rarity -- crowds chasing away a man purportedly identified as a BJP neta in Rajasthan.', 'The message read that a party lawmaker from Rajasthans Dausa is filmed being attacked by residents.', 'Rajasthan Dausa Ke BJP Vidhayak Shankar Lal Sharma Per Janta Ne Kiya Hath Saaf Dauda Dauda Ker Peeta! Lagta Hai Ache Din Shuru Ho Gaye Hai, said the attention-seeking caption. The footage drew more than 2,000 likes and 2,300 shares in three days.',",real,Pooja Iyengar
"Prime Minister Narendra Modi’s Janta Curfew initiative on Sunday and his appeal to everyone clap at 5 pm to show gratitude to the helpers and medical practitioners who are working relentlessly to fight coronavirus has now become the target of misinformation on social media. Claim Several people on social media have come out with various theories and claimed that clapping together at 5 pm would make such a ""vibration"" in the atmosphere that coronavirus will be destroyed. This message is being forwarded on WhatsApp and other social messaging apps. The viral message reads The 5 pm clapping Modi asked us to do is extremely interesting. At that time the moon is passing to a new 'nakshatra' called Revati. The playing of bells and clapping: The cumulative vibration will encourage blood circulation in the body. It's the reason they used to have huge, gong-like bells in old Shakti temples on the mountains. Someone very knowledgeable is guiding Modi about this. Hope it works. 22nd March is Amavasya, darkest day in a month. All virus, bacteria and evil forces have maximum potential and power on such days. 5 PM clapping, shankh nada etc by 130 crore people at the same time will create so many vibrations that virus will lose all potency. Must for everyone. Many users like Renuka Jain have forwarded this message believing that the collective clapping at 5 pm would destroy the coronavirus. The 5pm clapping modi asked us to do is extremely interesting.At that time Moon is passing to a new 'nakshatra' called Revati.The playing of bells and clapping: The cumulative vibration will encourage blood circulation in the body.",real,Yash Saxena
"Did Indian-origin astronaut Sunita Williams convert to Islam? A viral post on Facebook claims that Sunita Williams, right after returning from space, changed her religion. On July 27, Facebook user M Rahman posted a video which apparently explains why Sunita Williams decided to accept Islam. Along with the video, he wrote a post in Bengali, which when translated, stated, ""This is why Sunita Williams accepted Islam right after returning from space.""  Till the time of filing this story, the video has been viewed by more than 105,000 and shared by over 5,700 users. The archived version of the post can be seen here. ",real,Karan Nair
A disturbing photo of a child with bruises and stitches below the eyes is going viral on social media with the claim that a 12-year-old Swedish kid was beaten up by a Muslim immigrant for having blue eyes.  The claim was made by a website called Daily Political News which used the picture of the injured child in an article titled Swedish Child Beaten By Muslim Immigrant For Having Blue Eyes. The article says that the incident took place in the Swedish city of Helsingborg and it was not reported as a hate crime due to liberal judges.,real,Meera Mehta
"Positivity, as well as negativity, has a deeper impact on humans. And people do believe in such stories when they come from motivational thinkers. A Facebook post on positive thinking has caught the attention of many on social media. Facebook page 'Shobha Misra Communication Skills and Personality Development' that posted a story two years back has surfaced again. ",real,Karan Gupta
"In the absence of a Covid-19 vaccine, internet is full of theories on how to combat the deadly novel coronavirus. Many social media users have claimed that ultraviolet (UV) rays in sunlight or UV sanitisers can kill the novel coronavirus. In fact, several netizens have advised people on Facebook, Twitter and WhatsApp to stand under the sun to get rid of the deadly virus. Facebook users such as 'Ray Evans' and 'Darli Thiri Aung' have claimed that UV rays can kill novel coronavirus. The archived versions of the posts can be seen here and here.  ",real,Rahul Trivedi
"You'd surely be left bewildered if your ATM dispensed notes marked ""Children's Bank of India"".

That's precisely what a cash machine did in Bareilly this Sunday when three men swiped in their cards.

Local journalist Praveen Uttam was in for a rude shock first when he took out Rs 1,200 from an ATM of United Bank of India in Bareilly's Subhash Nagar neighbourhood. A 500 bill had ""Children's Bank of India"" printed on its one side and ""Bharatiya Manoranjan Bank"" on the other.

As Uttam stood confused in the cabin, another local resident, Ashok Pathak, took out Rs 4,500. This gentlemen also found two ""Children's Bank"" bills of 500 in the wad.

When a third customer walked in, Uttam and Pathak pulled their phones out and filmed him using the ATM. The evidence was caught on tape - out of two 500 notes, one was fake again.

The three men approached the bank manager, Bachchan Shah, showed him the bogus notes and video and filed a formal complaint.

In no time, that Bareilly ATM was in news - on TV, newspapers and social media - for spewing out play money.",real,Divya Kulkarni
"Soon after protests against Citizenship Amendment Act turned violent in Delhi's Jamia Nagar area on Sunday, many photos and videos of alleged police atrocities have been doing the rounds on social media. A photo of a policeman apparently stamping on a youth is going viral on social media with the claim that this was how cops treated protesting students of Jamia Millia Islamia. Facebook user ""Freeda Nicholas"" posted the image and wrote, ""Delhi Police, because these students are not nationalists agitating to remove a Muslim professor. These are Jamia students.""",real,Anjali Pandey
"The Narendra Modi government’s decision to revoke Article 370 and Article 35A in Jammu and Kashmir and bifurcate the state into two Union territories seems to have burnt a number of Pakistani social media users. Amid a flurry of fake claims by social media users from across the border, Pakistani journalist Ameer Abbas took to Twitter to post two photographs to depict the sad’ situation of Kashmiris in India. While one photo shows a girl with wounds on her face, the other shows a woman and a little girl crying.  So are you proud of your gallantry in Kashmir? Shame and what a shame! Your brutal army kills innocent and unarmed Kashmiris. If this is ur benchmark of bravery and gallantry than we curse and curse on such a bravery. Don’t celebrate it rather feel ashamed and cry on it! https://t.co/uVASAJcDLm pic.twitter.com/OS8g2pKV41  ",fake,Aisha Rana
"Amid the latest social media craze popularly called #10YearChallenge, the Bharatiya Janata Party (BJP) launched its own challenge with hashtag #5YearChallenge on Twitter. Using this, the BJP is trying to showcase its achievements in five years with the help of photos of long-pending projects getting completed.', 'One of the tweets, shared by many official BJP Twitter handles, shows the work done in expressway construction. Juxtaposing two pictures, it is claimed that how a barren land turned into impressive Western Peripheral Expressway within five years of the NDA rule.', 'Here is our #5YearChallenge.Western Peripheral Expressway, providing world-class infrastructure, became operational in a time-bound deadline. pic.twitter.com/cZrz2GHyFU', 'Here are some of the Twitter handles of the BJP which made this claim.'",real,Pooja Trivedi
" Did Prime Minister Narendra Modi tweet that his endless joy turned into endless grief after Devendra Fadnavis resigned as chief minister of Maharashtra on Tuesday? Facebook page BJP Exposed posted an image of what looks like a collage of two screenshots of tweets by PM Modi. The first tweet read, Congratulations to @Dev_Fadnavis Ji and @AjitPawarSpeaks Ji on taking oath as the CM and Deputy CM of Maharashtra respectively. I am confident they will work diligently for the bright future of Maharashtra. The second tweet in Hindi can be translated as, ""I realised today how sometimes endless joy turns to endless grief."" The caption along with the image says, ""First reaction of PM Modi after the resignation of CM Fadnavis.""  ",real,Karan Mehta
"Social media has witnessed a whopping increase of patriotic posts in the last few days after Pulwama attack, but sometimes they also come up with comments which might be well intention-ed, but misleading. An army veteran Major Surendra Poonia posted two images on Friday (February 15) with #RIPBravehearts and comment - ""Cost of freedom and pain of losing brothers!"" One of the pictures show coffins covered with tricolours and other one is of soldiers wiping their face. This post has been shared by hundreds of people on Facebook with comments believing it to be of Pulwama martyrs and their fellow colleagues. ",real,Meera Kapoor
"American pop star Madonna has always been a sensation among music aficionados. But netizens recently went overboard in posting a video on social media, with the claim that the vocalist seen recording Hanuman Chalisa is Madonna. Facebook user 'Manohar Pv' posted the five minute-54 second video with the caption: ""MODIFICATION..? Times are indeed changing! Madonna sings Hanuman Chalisa.""  ",real,Aman Menon
" Congress President Rahul Gandhi on Friday took potshots at the ruling party about the election promises made by the National Democratic Alliance (NDA) in 2014 and claimed that all of them have now fallen flat. In his speech during the no-confidence motion in Lok Sabha, Rahul attacked the government aggressively over the employment opportunities in the country. ",real,Arjun Fernandes
"An unbelievable story claiming that a woman in the United States gave birth to 17 identical boys in a single pregnancy is doing the rounds on social media. The viral post has three images and a story written to it. One of the photos shows a woman with an abnormally swollen belly, and the other two show many babies the third one features a man too. The post, put up by Facebook user Richard Camarinta Dy, says that one Catherine Bridge holds the World Record for delivering the most babies in one pregnancy.  ",real,Priya Saxena
"Videos related to Kashmir are still viral on social media. But several of them are posted with dubious claims. Recently a video of tear gas shelling by police has gone viral on Facebook with the claim that it is from Kashmir. The claim A Facebook page titled ""BBC News Kashmir"" posted a video on October 3, 2019, with the caption "" Police use teargas to disperse student protesters.......#kashmirnews #freedom #newskashmir.""  There is a red and white logo written ""BBC News Kashmir"" present at the top right corner of the viral video. The archived version of the post is saved here. ",fake,Manav Sharma
"As counting day approaches, the social media is flooded with claims of EVMs being tampered or changed in various places across India. One such viral video on Facebook shows commotion, and claims that EVMs are being stolen by the BJP in Chandauli area of Uttar Pradesh.",fake,Rohit Nair
"The Covid-19 outbreak has claimed more than 90,000 lives as of April 9 evening and infected over 15 lakh people globally. In the absence of a vaccine as of yet, social media is full of home remedies to cure a coronavirus infection. The latest speculation circulating on the internet is that kalonji seeds (Nigella Sativa) can cure Covid-19. People are sharing on Facebook, Twitter and WhatsApp that kalonji has 100 per cent hydroxychloroquine, and hence, is effective in treating a coronavirus infection. The United States had recently sought India's help to supply hydroxychloroquine to find a cure for Covid-19. And the viral message recommends consumption of half a teaspoon of kalonji seeds with honey to prevent a coronavirus infection.  ",real,Yash Khan
"A fascinating story of a pride of lions saving an Ethiopian girl from her abductors is doing the rounds on Facebook. Facebook user 'Creepy Facts' has recently posted a picture of the girl and a lion, claiming that the lions stayed with her till the help arrived.  ",real,Karan Das
A heartwarming photo showing a young child protecting another kid has gone viral on social media. It is being claimed that the photo is from Kashmir where the young boy is protecting his sister during firing. ,real,Sameer Fernandes
"Did thousands of sea turtles hatch along the Mumbai coast this week? With the ongoing beach cleanup drives being undertaken by volunteers over the last few years, many social media users are claiming that clean beaches have led to sea turtles laying eggs along the Mumbai beach this week. Facebook user Evan Siegel on Monday evening posted a collage of two photos and said, It took 96 weeks and thousands of volunteers to clean up Versova Beach in Mumbai, India. The payoff? Hundreds of thousands of seaturtles hatching this week. First time in decades. Anything can be cleaned! While one of the pictures in the post showed mounds of garbage and said Before, the other showed hundreds of tiny sea turtles heading for the water and is marked After.  ",real,Siddharth Sethi
"Social media has been flooded with posts of the Indian Army and it's valour following the Pulwama terror attack. A photo of an injured man in army clothes with bandages on his body has been doing the rounds on social media. One Facebook post claimed that after the news that the Army was given a free hand to retaliate for the Pulwama attack, this soldier left his treatment halfway through and bounced back to teach the terrorists a lesson. After the terrorist attack in Pulwama, Prime Minister Narendra Modi said security forces were given complete freedom to act. The Archived version of the post can be seen here.",fake,Meera Kapoor
"If you have come across this video on various social media platforms, do not believe it. The viral video in question shows an ocean with a clear separation line, with blue water on one side and murky on the other. It claims that this is the meeting point of the Atlantic and Pacific oceans, where ""they touch but do not mix with each other"". This same video with the same claim has recently resurfaced on Facebook page 'PROUD TO BE AN INDIAN'. ",real,Karan Bhatt
"Maharashtra is gearing up for assembly elections later this year. With campaigning on in full swing in the state, social media too is abuzz with the probable election schedule. However, many social media users went a step ahead and claimed that the Election Commission of India (ECI) has already declared the dates. They even posted the ""schedule"" of the Maharashtra assembly election. Facebook user Keshav Taware said, ""Maharashtra assembly elections announced. 20-September 2019 code apply. 27-September 2019 filling the form. 15-October 2019 voting. 19-October 2019 count."" READ THIS POST HERE The archived version of the post can be seen here. A similar claim has been made by many users on Facebook and Twitter. ",fake,Karan Rao
A Facebook post about experts predicting major economic downfall due to coronavirus is getting traction on social media. The content of the post has been wrongly attributed to industrialist Ratan Tata.  ,real,Vikram Das
"As Uttam stood confused in the cabin, another local resident, Ashok Pathak, took out Rs 4,500. This gentlemen also found two ""Children's Bank"" bills of 500 in the wad.",real,Aisha Agarwal
"Writer and academic Madhu Purnima Kishwar has tweeted a video of Congress leader Rahul Gandhi eating a samosa in a helicopter. She has claimed that this is how the Wayanad MP surveyed the flood-affected areas in Kerala. Kishwar tweeted the video with the caption: ""Fun Watch-Wayanad MP's aerial survey of flood affected areas in Kerala.""   ",real,Manav Iyengar
"Ever since the first private train -- Tejas Express -- started operating between Uttar Pradesh's Lucknow and Delhi, it has been talked about extensively on various social media platforms. There exists a post related to Tejas Express which is being widely shared. The post claims that bad food is being served in Tejas which has led to people being hospitalised and some had to be kept in intensive care unit (ICU) as well. Facebook page 'Viral in India' uploaded a post on October 20 which read, ""This is the condition of country's best train."" The post is a collage of two photos. One photo is of the Tejas train and the other one is of food that is served in trains. ""Eating food in Tejas leads to death,"" it's written at the top of the collage. Below, on the collage, it's written, ""24 passengers are facing bad health after eating food in Tejas. Three passengers fighting for life in ICU."" People commenting on the post are saying things like ""Achhe din are here"" and ""corruption everywhere"". The archived version of this post can be seen here. Few other Facebook users have uploaded the same claim while a website called DAILY BIHAR (https://dailybihar.com/tejas-exp/) carried out a news report as well. ",real,Manav Agarwal
"Amid the global coronavirus pandemic, many events, including the Tokyo Olympics 2020, have been cancelled or postponed. Now, an image is doing the rounds on social media with the claim that the Tokyo Olympics logo has been redesigned in the wake of the coronavirus outbreak. The ""new logo"" shows the rings placed separately instead of interlaced, suggesting the idea of social distancing during the pandemic. ",real,Nikhil Rao
"It took his fans by surprise when a few days back Hollywood superstar Tom Hanks confessed that he and his wife Rita Wilson had COVID-19. The couple went into self- isolation thereafter. However, netizens went into utter shock when a website called ""the-daily-star.com"" ran a piece of news with the headline, ""BREAKING: CORONAVIRUS CLAIMS LIFE OF TOM HANKS"". The website claimed that the ""Cast Away"" actor has passed away at the age of 63, in Queensland, Australia. It says, ""A Queensland Health spokeswoman said the actor passed away late Friday night AEST from complications in relation to Covid-19."" The archived version of the post can be seen here.",real,Manav Agarwal
"A video clip of rapid gunfire in the night sky has gone viral on social media with the claim that it is Israel’s latest anti-missile defence system. The video shows bright streaks of light against the night sky with the sound of gunfire in the background. There are collisions in the sky and a trail of black smoke is seen, even as burnt-out projectiles drop to the ground. The video was posted by Facebook page Military GUNS’ on September 13, 2019. Watch Video HERE Till the filing of this story, this video was shared more than 22,000 times. The archived version of the post can be seen here. ",real,Ishita Khan
"A video has gone viral on social media where a woman is seen knocking off a priest from the stage during a public mass. Netizens claim that the woman got agitated after the priest said fat women won’t go to heaven. Several Facebook pages such as ""Is it funny or offensive"" and ""Fobs be like"" have posted an article by Indiatimes.com with the headline ""Priest Says Fat Women Won’t Go To Heaven, Woman Knocks Him Off The Stage"". ",real,Neha Kapoor
"A photograph of a man dressed as Hanuman sitting on top of a car is doing rounds on social media. The post claims that he is a BJP candidate for Lok Sabha elections from Ranaghat, West Bengal. ",real,Simran Chawla
"Did Muslim organisations take out a rally chanting pro-Pakistan slogans and demanding the rebuilding of Babri Mosque after the Congress's victory in Rajasthan, Chhattisgarh and Madhya Pradesh?"", 'According to a video, these claims have been shared made on social media. The caption in one of the Facebook posts reads, ""Yeh lo Congress ki jeet ko abhi 24 ghante bhi nahi hue aur Babri Masjid ke liye juloos aur Pakistan ke nare lagne lage. (It has not even been 24 hours since the Congress has won and a procession demanding the Babri Mosque and pro-Pak slogans are being raised).""', 'At the time of filing this report, this post has been shared more than 9,000 times from a single Facebook page, Politics Solitics.', '', 'It has been shared on many other Facebook pages as well.',",real,Pooja Joshi
"Did people in Saudi Arabia protest against Prime Minister Narendra Modi by showing shoes? An image of a few Arabs protesting with shoes in hands and purportedly holding placards of PM Modi has gone viral on Facebook. Facebook page Rubi Khatun had posted this image on February 25, 2018, which people are still sharing on social media. The page claimed in Hindi and Urdu that people in Saudi Arabia protested against Modi because of atrocities against Muslims in India. It also claimed that they were protesting against the violation of Sharia by banning triple talaq in India.  Till the filing of this story, the post was already shared more than 13,000 times. The archived version of the post can be seen here.  ",real,Riya Kaur
"As the Indian government is trying hard to bring back fugitive businessman Vijay Mallya, a message going viral on social media claims that Congress leader Kapil Sibal moved a petition in the London High Court to stop his extradition. This claim has been put up by Facebook page 'NAMO' which has more than 45 lakh followers. The post had been shared more than 9,700 times at the time of filing this report. Users are calling Sibal ""anti-national"" and even giving him death threats. ",real,Tanya Chawla
"Even as the Indian currency hit a fresh low this year, social media is abuzz with the claim that the rupee is now lower than even the Bangladeshi taka. On August 25, Facebook user Dr Vijay Sharma wrote a post in Hindi which when translated stands to, For the first time in 72 years, Indian rupee is weaker than Bangladeshi taka. 1 taka = 1.15 rupees! Hail the God of development. The post has been shared more than 400 times till the filing of this story. The archived version of the post can be seen here. Commenting on the post, many Facebook users made fun of the government, while others pointed out that the claim is not right. However, across social media, many users have posted a similar claim. ",real,Simran Bose
"president hailed as the ""Queen of Hugs""; a stellar dream run into the World Cup final, defeating Iceland, Denmark, Russia and England. Croatia has had quite a few reasons to capture international headlines in the past weeks.

If all that was not enough, social media has now gone abuzz with speculations that the Croats have given away their prize money of $28 million to underprivileged children. Netizens are gaga over what's been eulogized as the team's philanthropy. Even business tycoons like Anand Mahindra re-tweeted one such post enthusiastically.

This is not just a Sports team...this is a team of Life Coaches... https://t.co/0PjlAfgP9s

anand mahindra (@anandmahindra) July 24, 2018

The Croatia national team are going to donate all revenue they have received during the World Cup to a children's charity.

Class! ?? pic.twitter.com/faxquQGz9K

Team FA (@TeamFA) July 17, 2018",real,Divya Rana
"China has been a constant ally of India’s arch foe Pakistan. Apart from investing heavily in Pakistan and repeatedly defending it in international forums, China and India have been involved in border stand-offs. In this context, a post is going viral on social media with the claim that as the main importer of Chinese goods, India should stop all trade ties with Beijing. The post goes on to give an example that Japan has refused to import even a needle from US as a mark of patriotism as Americans had nuked Hiroshima and Nagasaki in 1945.",real,Shreya Kulkarni
"In the latest photo doing the rounds on social media, is a photo of Bharatiya Janata Party spokesperson Sambit Patra sticking a poster saying ""chowkidar hi chor hai"" on a wall. ""Chowkidar chor hai"" is a Congress slogan ",fake,Divya Fernandes
"Political posts with misleading narratives are rapidly spreading on social media during election season. Posting an image of a statue fallen on the ground, Facebook user Sachin Maurya claimed that this was the statue of Baba Sahib Ambedkar, which was vandalised by BJP MLA Karni singh. This was posted on Facebook on April 6, 2019, just few days before the Lok Sabha poll.",fake,Divya Fernandes
"A news report by Express whose display headline claims that Germany has sent China a £130 billion bill for coronavirus damages has gone viral on social media. The display picture of the article is of German chancellor Angela Merkel. Social media users, while sharing the article, have demanded that since Angela Merkel’s Germany has sent China an invoice of £130 billion for coronavirus damages, India should do the same and send Beijing an invoice of £300 billion. The archived version of the post can be seen here.     ",real,Riya Pillai
"Political parties are leaving no stone unturned for Telangana assembly election scheduled for December 7.While addressing a rally at Amangal in Ranga Reddy district of Telangana on Sunday, December 2, Bharatiya Janata Party (BJP) president Amit Shah claimed that Telangana Congress has promised free electricity only to mosques and churches in the state while leaving out the temples.Referring to Congress, Shah said ""mitron inhone vaada kiya hai masjid aur church ke bijli bill maaf karenge. main unko puchta hoon bhaiya mandir ka kya dosh hai? mandir ke bijli kyu maaf nahi karoge sirf masjid aur church ke hi karoge? [They have promised to waive off electricity bills of mosques and churches. I want to ask why have they left out the temples?]', ""Amit Shah raised the question [watch the video below at 17:00 minutes] about the electricity bills of temples on BJP's official Facebook page.BJP also echoed Amit Shah on Twitter accusing the Congress and the Telugu Rashtra Samithi (TRS) of minority appeasement."", 'Congress in its manifesto promised free electricity to Masjids and Churches but not for temples. Both TRS party and Congress are engaged in minority appeasement: Shri @AmitShah https://t.co/BjJykI3uIR #SaffronTelangana pic.twitter.com/T7ya5O3hZO', ",fake,Ananya Nair
"Amid escalating tensions between India and Pakistan, a video showing heavy artillery firing has been doing the rounds on social media. On the basis of this video, it has been alleged that Pakistan was firing at India from across the Line of Control (LoC) in Sialkot in the early hours of Wednesday. ",real,Siddharth Kapoor
"With very little information coming out from Kashmir, social media is full of speculations and fake news claiming to portray the situation in the Valley. A disturbing video, in which a woman is seen bleeding profusely, is doing the rounds on social media with the claim that Indian Army shot down a Kashmiri student. The video shows a semi-conscious girl in a pool of blood while people surrounding her are heard asking each other to call the ambulance and police. Facebook page Free Kashmir’ shared the video with the caption, Indian army shot down a Kashmiri student. If world cannot resist on such brutalities, it's better to close UNO and all the other organisations made to bring justice and peace. (The video not attached as it shows grim violence towards a minor) ",real,Shreya Iyer
"Doctors in Kolkata have been on protest over the past few days after two of their colleagues were beaten up by relatives of a patient who died during treatment. Amid the stand-off, many on social media claimed that one of the injured doctors has passed away. Junior doctor Paribaha Mukhopadhyay and Yash Tekwani are the victims who got beaten up at the NRS medical college, Kolkata and it is claimed that Paribaha Mukhopadhyay has passed away. The protests later spread across the medical fraternity in West Bengal and gradually, all over the country. West Bengal Chief Minister Mamata Banerjee had warned doctors to resume services or face stern action. A Facebook Page named Renu Pandeya, Samajsevika posted a photo of the doctor and claimed that he has passed away. ",real,Neha Nair
"A video, apparently showing school children shouting Pakistan Zindabad’, has gone viral on social media. Social media users claim that the students belong to a madrasa in Mandsaur, Madhya Pradesh. ",real,Neha Fernandes
"Did Congress president Rahul Gandhi, to some extent, compensate for his loss in Amethi by securing a ""historical"" win in Kerala's Wayanad? It is being claimed by some people on social media that Rahul Gandhi won Wayanad by the highest number of votes in this election. Facebook page I.T & Social Media Cell Congress posted a photo of Rahul, claiming that he won more than eight lakh votes, and it is the biggest win among 542 seats in the polls.",real,Manav Agarwal
"Did Congress president Rahul Gandhi in his Dubai speech say Mahatma Gandhi picked up the idea of non-violence from Islam? This claim is being widely circulated by Facebook pages such as Nation with NaMo, PMO India: Report Card and Shankh Naad. Rahul Gandhi recently concluded his two-day maiden visit to the UAE.",real,Sameer Malhotra
"A video of Justin Trudeau packing food items has gone viral on social media with the claim that this is how the Canadian Prime Minister is lending a helping hand to his countrymen during the Covid-19 pandemic. The viral post also draws a comparison with Prime Minister Narendra Modi. Several Facebook users have posted the video saying at a time Trudeau is helping prepare relief packages, Modi is asking people to clap, beat utensils and light candles. The loose translation of the Hindi caption along with the viral post reads, “Here is the Canadian Prime Minister preparing relief packages for his countrymen. And then there is our Prime Minister who asks people to clap, bang plates and light candles.” There video can be seen here ",real,Neha Reddy
"Indian agencies are on the lookout for rape accused Swami Nithyananda who is suspected to have fled the country. Amid this, a photo showing a man touching the feet of the self-styled godman is doing the rounds on social media. Though his face is not clear in the photo, it is being claimed that the man touching Nithyananda’s feet is none other than Home Minister Amit Shah.    ",real,Yash Pandey
" A massive uproar erupted on social media on Monday over ""vandalism"" of a memorial, erected in the honour of 26/11 martyr Major Sandeep Unnikrishnan. Pictures of the destroyed plaque did the rounds on Twitter, triggering outcry for restoration and immediate arrest of culprits. The incident was reported as vandalism by several reputed news websites. As the event unfolded, people started venting out their ire on social media. BJP MP Rajeev Chandrasekhar urged Karnataka Chief Minister H D Kumaraswamy and Deputy CM G Parameshwara to take action into the matter. He tweeted: ""Dear @DrParameshwara @hd_kumaraswamy - This is shameful treatmnt of sacrifice of #Namma #Bengaluru braveheart #SandipUnnkkrishnan tht too just a few days bfr 26/11. Urge u promptly restore this bfr 26th n track dwn crimnls bhnd this act."" Dear @DrParameshwara @hd_kumaraswamy - This is shameful treatmnt of sacrifice of #Namma #Bengaluru braveheart #SandipUnnkkrishnan tht too just a few days bfr 26/11 Urge u promptly restore this bfr 26th n track dwn crimnls bhnd this act.@CPBlr @FlagsOfHonour @Namma_Bengaluru https://t.co/RRN4MtP8gr Parameshwara was quick to react and asked the Bruhat Bengaluru Mahanagara Palike (BBMP) commissioner to take action. He tweeted, ""Am shocked to learn about the damage that has been caused to Major Sandeep Unnikrishnan's memorial in Yelahanka. I have asked @BBMPCOMM to ensure that this is set right immediately."" Am shocked to learn about the damage that has been caused to Major Sandeep Unnikrishnan's memorial in Yelahanka. I have asked @BBMPCOMM to ensure that this is set right immediately. https://t.co/VJRxTc0d10 ",real,Pooja Chawla
"It's quite common for videos and photos to go viral on social media. But this time, netizens have found a new way to take potshots at political leaders."", 'An image doing the rounds on Twitter looks like a newspaper article with the headline - ""Chori aur Munafakhori Desh ke Baniyo ki Aadat: Amit Shah"".', 'It claims that during a rally in Rajasthan\'s Bundi, BJP president Amit Shah compared the Baniya community to ""thieves"". The same article says that the community is in the habit of profiteering. Another report packaged in the main article claims Prime Minister Narendra Modi called traders ""thieves"" during the time of demonetisation.', 'Several people took a dig at Shah and shared the post on social media assuming it was true.', 'Jitu Patwari, the working president of Congress in Madhya Pradesh, shared the post on Twitter but later deleted it. Sanjay Yadav, political adviser to former Bihar deputy chief minister Tejashwi Yadav, also shared the post on Twitter.', ':-..@ArvindKejriwal pic.twitter.com/av123AzWRp'",real,Riya Saxena
That's precisely what a cash machine did in Bareilly this Sunday when three men swiped in their cards.,fake,Divya Kulkarni
"Novel coronavirus has claimed over 48,500 lives as on April 2, 2020, and infected over 9.54 lakh people worldwide. Amidst this, a video has gone viral on Facebook and WhatsApp claiming that Pope Francis is kissing the feet of ""black people"", asking for forgiveness due to the the novel coronavirus scare. The viral video, posted by users like 'Tracey Idemudia' and 'Amb Joseph Orlando Beyan Jr' on Facebook, shows that Pope Francis is kneeling down to kiss feet of other people. The video caption read, ""The pope is kissing the feet of black people asking for forgiveness for all the wickedness they gave done to black people since the beginning of times. The Coronavirus is changing the world and their attitude to black people. The world will never be the same again as we know it. Black people are the original people of the world and now we all see the truth.""  The archived version of the post is saved here and here. ",real,Karan Mehta
Netizens have gone gaga over the power of 'om' as a viral post on Facebook claims that a natural fountain shoots up in the sky when someone pronounces the mystical word.A video along with this claim shows a fountain rising up in mountains when a girl says something sounding similar to om in a mic. 'Social media users claim that the video is from Thailand where a river turns into a high-rise fountain with the sound of om. The video was circulated widely on Facebook and YouTube and shared in thousands,real,Aditya Bhatt
"Did Prime Minister Narendra Modi meet Dr Manmohan Singh recently for his advice on the economy before the upcoming Union budget? A video of Modi meeting the former PM is going viral on social media with the claim that it signals the critical condition of India’s economy. The video shows Modi being received by Singh and his wife Gursharan Kaur. Facebook pages such as With Priyanka posted this video with a Hindi caption, Modi ka Manmohan Singh se milne jaana paryapt sanket hai ki arthvyavyastha choupat ho chuki hai. Bina matlab ye aadmi apni maa ke paas bhi nahin jata (Modi meeting Manmohan Singh is enough to signal the pathetic condition of the economy. This person does not even visit his mother without any purpose).  The archived version of the post can be seen here. ",fake,Sameer Saxena
"As the political showdown between Mamata Banerjee and the BJP continues in Kolkata, a photo collage is being shared widely on Facebook, showcasing the huge popularity of PM Narendra Modi in West Bengal. The post claims these photographs are of the PM’s rally held on February 2 in North 24 Parganas district.The archived version of the post can be seen here.PM Modi’s rally did attract a huge crowd, which was covered by prominent media houses, including THE TIMES OF INDIA.",fake,Sameer Pandey
"A quote attributed to veteran Bollywood actress Shabana Azmi is doing the rounds on social media, challenging certain practices prevalent in society and calling for women empowerment. The quote reads, Main iss Navratri par Allah se dua karti hu ki Lakshmi ko bheek na mangna pade, Durga ki bhroon hatya na ho, Parvati ko dahej na dene pade, Saraswati bina school ke anpad na rahe aur kaali ko Fair and Lovely ki zarurat na pade! Insha Allah! (This Navratri, I pray to Allah that no Lakshmi should have to beg, no Durga should be aborted, Parvati wouldn’t have to give dowry, Saraswati shouldn’t be illiterate and Kali shouldn’t need Fair and Lovely! Insha Allah!) The post also poses a question to Shabana that reads, Kya ye teen talaq, char biwiya, burqa, halala, jansankhya niyantran par bolegi? (Will she talk about triple talaq, polygamy, burqa, halala and population control?) Reacting to this, Shabana on Tuesday tweeted that the quote is falsely attributed to her and she works for all women irrespective of their religion.  I have NEVER said this . It is DISGUSTING what trolls will stoop to polarise and communalise an already charged atmosphere. I work for all women irrespective of their religion. pic.twitter.com/ACqn5vx3dU  ",real,Neha Agarwal
"An audio clip of a melodious mantra in Sanskrit is being shared on social media, with the claim that it has been sung by Prime Minister Narendra Modi. Netizens on WhatsApp and Facebook are sharing this clip with the message: Katyayani Mantra sung by Hon\'ble Prime Minister Shri Narendra Modi Ji. Never imagined PM had such an impressive voice.The archived version of the post can be heard here.",real,Aditya Bhatt
"A photo of a woman on a hospital bed is being widely shared on social media. It is being claimed that the woman is Dr Vandana Tiwari who went to Uttar Pradesh last week to get tested for Covid-19, but got attacked by Islamic Jihadis. She was badly injured and susequently died on Thursday, the claim said. UP https://t.co/ppYzCgtTOJ@narendramodi_in@myogiadityanath#dontkillourheros pic.twitter.com/huaCoOMRYp ",fake,Tanya Nair
"During elections, social media gets flooded with political posts. Videos are going viral with claims which many times are found to be false. A video clip is going viral both in Bengali and English on Facebook, with the claim that a TMC candidate from Uluberia of Howrah district, Sajda Ahmad, is threatening people that ""Hari naam"" and ""Ram naam"" and ""Marxism"" will not be allowed in West Bengal and Rohingyas will be given shelter in West Bengal"". ",real,Manav Rana
"A video montage of All India Majlis-e-Ittehadul Muslimeen (AIMIM) MLA Akbaruddin Owaisi is going viral on social media with the claim that with Amit Shah as home minister, he is now pleading for help. Akbaruddin is the leader of opposition in Telangana assembly and the younger brother of AIMIM president Asaduddin Owaisi. The viral post is a collage of two videos the first of his controversial statements from 2013 threatening Hindus and the second in which he is seen praying for the well-being of Muslims. The second video is claimed to be from 2019.  ",real,Nandini Mishra
"A picture of security personnel publicly flogging a man tied to a wooden frame is being shared on social media as example of atrocities on Muslims in India. The picture shows a crowded stadium where the incident is taking place. The caption in Bengali, when translated, says, ""Allah save us. Indian Muslims are facing torture and oppression. Allah, please save Muslims in India. Ameen.""  Among others, Facebook user Rashedul Islam Rushdi posted this misleading claim on July 4. This post has been shared by more than 16,000 users till the time of filing this story. The archived version of the post can be seen here. ",real,Yash Fernandes
A man dressed in saffron attire and his head shaven as Uttar Pradesh Chief Minister Yogi Adityanath and accompanying Samajwadi Party (SP) chief Akhilesh Yadav in his rallies has created a buzz on social media. Netizens are claiming that the man is none other than the brother of Yogi Adityanath and his name is Asitnath Bisht who is supporting mahagathbandhan’.  ,real,Kunal Iyer
"Canadian Prime Minister Justin Trudeau and his kids have been in isolation since his wife Sophie Gregoire Trudeau tested positive for COVID-19 on March 12 after returning from London. Meanwhile, a video of a hospitalised woman is going viral on social media with the claim that this is the wife of the Canadian PM, who has been infected with the coronavirus.   In the two-minute video, the woman is seen describing her medical condition in ICU and warning people not to take chances. She also said that she can’t breathe without medical equipments, which are seen in the viral video. ",real,Aman Menon
Women being ruthlessly thrashed by police for protesting against EVM tampering in Uttar Pradesh's Gorakhpur; this claim together with a video is going viral on social media.The video shows the women screaming in pain as the policemen lathi charge them one after another.The archived version of the video can be seen here.,real,Nandini Bose
Butterflies are considered to be one of the most beautiful species in the insect family. But can a butterfly also kill humans with its venom? A picture of a butterfly with snake head-like wings is doing the rounds on social media with the claim that its venom has killed 150 people in three days. ,real,Vikram Rana
"With very little information coming out from Jammu and Kashmir since Article 370 was abrogated, social media is flooded with misinformation and misleading photos claiming to portray the situation in the Valley. An image of an injured mother-child duo is doing the rounds on social media with the claim that India’s brutality has turned Kashmir into a living hell. The post by Facebook page Kashmirat -  on August 22 has been shared more than 900 times till the time of filing this story.  ",real,Nandini Pandey
"Netizens are overwhelmed with this weird spectacle of nature, wherein a diver wearing oxygen cylinder dives deep into what looks like a sea of sand. The video posted by Facebook page 'All About Geography' said this is from the South of Saudi Arabian border. It says, ""This is not water This is Sand Yes sand. It’s called Allen Alkhai desert."" The archive version can be seen here. ",real,Nikhil Iyer
"At a time Indians are anxious about the government’s next move on the coronavirus lockdown, a message attributed to World Health Organization (WHO) is doing the rounds on social media.     The message says India is following the four-phase lockdown endorsed by WHO to control the spread of coronavirus. ",real,Kunal Rana
"As the social media is going crazy with people sharing videos of the Kiki challenge, which has taken the internet by storm, India Today Fact Check team verifies another video that went viral. You must have seen the most shared and talked about video of a girl, who jumps out of her car to dance, is hit by a speeding car. The video was edited with a warning that dancing in the street can be dangerous. The video has been shared by millions with many of them asking curiously about the fate of the girl. WATCH | Fact Check: Girl hit by car while doing Kiki challenge  The video shows a blonde girl taking up the Kiki dance challenge by stepping out of her car. The 16 second video ends with the girl being hit by a speeding car. A bystander was seen rushing towards the scene of the incident.Though, the viral video has been shared on social media platforms like Facebook, Twitter, Whatsapp",real,Divya Verma
"A black-and-white photo of a man is being passed of on social media as freedom fighter Bhagat Singh. The photo surfaced on a Facebook page, We Support India, which has about 50 lakh followers. The message in the picture reads: ""Bhagat Singh ki asli photo. Comment me Jai Hind likhe. (Bhagat Singh's real photo. Write Jai Hind in its comment.)"" Thousands of people have reacted to this photo and are also paying their tribute. ",real,Sameer Saxena
"Some social media users have been working overtime to churn out several videos on terrorism and pass them off as the recent Pulwama attack, where at least 40 CRPF jawans died in an explosion. One such video of a blast at a highway is going viral on social media with the claim that it is footage of the Pulwama attack. ",real,Riya Joshi
"Fake news is even putting docs in the dock. A WhatsApp message attributed to Dr Naresh Trehan, chairman and managing director of Medanta Hospital, is going viral. It claims that the Indian government is going to declare a national emergency, and suggests stocking up on essentials.  ",real,Ananya Nair
"Political parties do rope in actors to get some extra mileage in elections. And, many celebrities have already made it to the list for the coming elections. However, social media can't just stop guessing, and sometimes gets it wrong. A photo of Mahendra Singh Dhoni with Bharatiya Janata Party (BJP) president Amit Shah has gone viral on social media, with the claim that Dhoni has joined the BJP and may contest the polls. Facebook page 'Amit Shah Fans Team' uploaded the photo of Dhoni shaking hands with the BJP chief on Tuesday (April 2). Union minister Piyush Goyal is also present in the picture. ",fake,Neha Rana
"Does IIT Kanpur professor and famous physicist HC Verma donate Rs one crore to Prime Minister relief fund and for charity? Thousands of social media users believe so, even as the claim went viral last year too and was debunked by the professor himself.Facebook page 'Work For Unity' has shared an image of HC Verma, claiming that he receives Rs one crore as royalty every year for his book 'Concepts of Physics', which he donates to the PM relief fund and for charity.",real,Meera Rao
"With over 5,000 deaths and rising by the hour, Italy has been the worst affected by the coronavirus outbreak. Amid this, a photo of a crying man is doing the rounds on social media with the claim that this is the Italian Prime Minister who could not control his tears over the rising death toll due to Covid-19 in his country. Claiming that the Italian PM has lost all hopes, social media users are sharing an article by a website called ""The Daily Bihar"". This article too has used the same picture and claims that the Italian PM broke down over Covid-19 deaths in his country. The archived version of the article can be seen here.",real,Manav Rana
"Amid the ongoing agitation against the Citizenship Amendment Act across the country, a gory video of police beating up protesters is circulating on social media. It is being claimed that the video is from Assam where the National Register of Citizens (NRC) has been implemented. ",real,Vikram Das
"Just a week before Rajasthan goes to polls, a video is doing the rounds on Facebook with the claim that ""Pakistan Zindabad"" slogans were raised during a Congress event at Rajsamand.', 'Watch the video here', 'In the video, Congress workers can be seen sitting on the ground and shouting slogans. Towards the end of the video, a banner appears with ""Nagar Congress Committee Rajsamand"" written on it.', 'The video has been shared by many Facebook users.'",real,Nandini Pandey
"Amid the ongoing Navratri celebrations across the country, a post has gone viral on social media claiming that a Dalit man was beaten to death for watching garba dance in Gujarat. THE VIRAL POST Bollywood actor Swara Bhasker also shared an India Today article carrying the same piece of information as mentioned in the viral post. ",real,Simran Chawla
"A picture of a woman hugging three crying children is going viral on social media with the claim that it is from India. Facebook page ""Akshay Reddy AAP"" posted the picture along with the caption, ""This will remain my permanent memory of what Narendra Modi has done to my country..."" ",fake,Karan Nair
"Till the time Narendra Modi is the prime minister, terrorist attacks in India are impossible: Barack Obama."" An article attributing this statement to former US President Barack Obama in a news website went viral on social media. The write-up was published in Oriental Times India on December 27.The article, quoting sources, stated that the people arrested by the National Investigation Agency (NIA) in the recent raids planned to attack Ram Janmabhoomi in Ayodhya on November 29. The article further stated that in the backdrop of this news, Barack Obama said that terrorist attacks in India are impossible till the time Narendra Modi is the prime minister.",real,Nandini Verma
"President Ram Nath Kovind and his wife were subject to no harassment at Puri's Jagannath temple as some news reports claimed, three months after the first couple visited the shrine, an India Today Viral Test has found.A roaring controversy erupted over speculations temple attendants misbehaved with president Kovind and his wife Savita Kovind on grounds of caste when they walked into the sanctum during the darshan in March.News reports also claimed that the presidential secretariat lodged a formal complaint with local authorities about the alleged misbehaviour.",real,Manav Iyengar
" A graphic video, in which a woman atop a water tank accidentally catches fire while trying to enact a self-immolation during a protest, is being widely shared on the social media after giving it a communal colour and falsely linking it to the Rashtriya Swayamsevak Sangh (RSS). The 1-minute-12-second long video is visually disturbing as it shows a woman engulfed in flames, running down the stairs of the water tank, even as some people try to douse the fire and save her. A dramatic voice-over with sound effects of wind blowing has been overlaid on the video, in which a man claims in Urdu that ""during an RSS function, some women tried to burn a burkha to protest. The ire of Ilahi struck her and the women caught fire. But no media is showing it. You are requested to share it as much as possible."" A text message along with the video says ""Naqab jalane wali RSS ki aurton per kahar e ilahi"". The video has gone viral on the social media and has been shared more than 25,000 times on several Facebook pages. A Facebook user by the name Zain Khan posted this video on October 29, and that alone received about 20,000 shares and over 3 lakh views. Zain Khan's page is filled with passionate religious speeches, including a post praising the radical leader Zakir Naik. The video was also shared by Facebook page 'Yaha Sab Kuch Milta Hai' and 'The Owesi Fan Club', which are getting thousands of hits. ",real,Sameer Saxena
"After the central government’s decision to remove Article 370 which deals with special status to Jammu and Kashmir, many dubious posts relating to the state are being shared on social media. A video has gone viral on Facebook with the claim that Indian Army burnt down houses of Kashmiris in Bandipora district of J&K. The video shows some houses on fire and people’s screams can be heard in the background. ",real,Rahul Malhotra
"Amid the ongoing slugfests between political rivals in poll-bound Rajasthan, the state is also afflicted by a swarm of viral videos and photos. In a latest incident, some social media users shared photographs which claimed that former Rajasthan chief minister and senior Congress leader Ashok Gehlot said he will finish off Jats in Rajasthan. Jats are among the prominent castes of Rajasthan and hold the key to the upcoming Assembly elections on December 7. At a simple glance, these photos look like screenshots of news channels. Interestingly, there are some other posts which make similar allegations against Rajasthan Chief Minister Vasundhara Raje. ",real,Pooja Rana
"Amid the ongoing protests by students of Jawaharlal Nehru University (JNU) over hostel fees hike and other issues, social media is flooded with photos and claims linking them with the agitation. A picture of a woman holding a placard saying ""RSS Murdabad"" is going viral with the claim that if the protest is against fees hike, why are banners calling out the RSS? Many people in the comment section have linked it to the ongoing protests by JNU students over hostel fees hike.  ",real,Neha Fernandes
"If the Congress comes to power at the Centre after the Lok Sabha elections, will it waive off bills for those who die in hospitals? It is being claimed on social media that this facility will be available at both government and private hospitals. Facebook page 'Congress for Madhya Pradesh' uploaded a post which claimed, ""If the Congress comes to power at the Centre, then the entire bill will be waived off if a patient dies in any government or private hospital. That is why my vote is for Congress.""",real,Anjali Pandey
"Social media is full of home remedies and food habits to be followed, more often than not unverified, to beat the deadly Covid-19 pandemic. The latest 'advisory' doing the rounds on Internet has a logo of World Health Organization (WHO) and asking people not to eat bakery items as they are not washable and get infected from the coronavirus easily. The message says, ""Stop eating bakery items! It is strictly advised to not to eat bakery items as it is not washable and can get infected to the virus easily."" The image gives the impression that the advisory has been issued by WHO amid the Covid-19 crisis. The archived version of the post can be seen here. ",real,Shreya Bose
"Before the US election in 2016, did Donald Trump say he wanted to run America the way Prime Minister Narendra Modi was running his country? Netizens were profusely confused when film director and former editor Vinod Kapri tweeted a Navbharat Times article with the caption ""khula hai jhoot ka bazaar aao sach bole"".  !! https://t.co/9eealkkjew  The Navbharat Times report said that Uttar Pradesh Chief Minister Yogi Adityanath recently made this claim regarding the US President Donald Trump in West Bengal's Purulia district.The archived version of the tweet can be seen here. People on social media were divided on Kapri's post, with some disbelieving Yogi's claim while others claimed it to be true. ",real,Karan Joshi
"Days after the terror attacks rocked New Zealand and made global headlines, a Facebook page named Sajid Hashmat’ shared a video, claiming that 350 people have accepted Islam post-Christchurch attacks.  At least 50 people were killed in attacks on two mosques in Christchurch, New Zealand, on March 15. ",real,Karan Rao
"An image of scores of people sleeping, crammed on the floor, has gone viral on Facebook with the claim that these are not ""Tablighis"" but ""poor Hindus"" who are stranded in India due to the coronavirus lockdown, and both the Modi government and media are indifferent towards their plight. The text superimposed on the image reads, ""These Helpless People are not Tablighis, They are Poor Hindus Who are Stranded due to Lockdown .Has any TV Chanel discussed This."" The Facebook post was shared along with the caption, ""Our Media is busy in taking dictation from Modi!""  ",real,Nikhil Rao
"The online bully, Girish Maheshwari, was arrested on Thursday for his online threat.

When we examined his social media accounts, the irony we discovered could not have been more stark!

Maheshwari had Lord Hanuman as his profile picture on both his Facebook and Twitter accounts.


Girish Maheshwari's enraging tweet
On his twitter (@GirishK1605) handle, he claimed to be ""more dangerous than Hitler"". That account has now been deleted.

On his Facebook, Maheshwari aspired to ""Stand Tall and Be Strong"" like Hanuman.

Following the outrage on social media, when home minister Rajnath Singh intervened into the matter, Maheshwari landed into the clutches of Maharashtra police meekly.

He was picked up from the outskirts of Ahmedabad.

Allegations that Maheshwari was associated with the BJP originate from his Facebook profile. Here, he has claimed to be an ""accounting associate"" at the BJP.

At the same time, he also claims to be ""self-employed""",real,Karan Das
"When a third customer walked in, Uttam and Pathak pulled their phones out and filmed him using the ATM. The evidence was caught on tape - out of two 500 notes, one was fake again.",real,Meera Kapoor
"On February 21, the great-grandson of Dr Bhimrao Ambedkar, Rajratna Ambedkar, did a Facebook Live from Australia's Brisbane in which he claimed that while Brahmins in India consider cow a deity, those in Australia are slaughtering cows and selling beef under the brand 'Brahman Pies'.  In a 6-minute-32-second video, Ambedkar can be seen with a friend outside an outlet of a food franchisee called 'Brahman Pies'. In the video, he claimed that 'Brahman Pies' sells many non-vegetarian food items, including beef, and is owned by Brahmins in Australia. The caption in Hindi along with the video translates to, ""Cow is India's mother, but look who's consuming it in Australia?"" The video is being shared like wildfire on social media. Till the filing of this story, the video has been viewed more than 48 lakh times, shared over 1.28 lakh times and liked by 66,000 users. The archived version can be seen here. ",real,Riya Mehta
"Was Rahul Gandhi not able to answer a simple question about Kailash- Mansarovar even when he returned from the pilgrimage just recently? BJP IT Cell chief Amit Malviya attacked Congress president Rahul Gandhi for going blank when asked about his Kailash Mansarovar experience. Malviya tweeted a small video clip and accused the Congress president of not being able to answer properly the question related to his Mansarovar yatra. Rahul Gandhi goes blank when asked about his experience at Kailash Mansarovar.Don’t miss the Narendra Modi chants in the background! pic.twitter.com/7dprdNKtgh Along with Amit Malviya, Mahesh Vikram Hegde, founder of propaganda website Postcard news, tweeted that ""Rahul couldn't even open his mouth when asked about Kailash Yatra""  Lady questions RaGa inBhopal rally:Rahul ji, Karyakarthas want to know ur Kailash Yatra experienceHearing this, RaGa got stunned that he didn't even open his mouthTired of waiting, ppl in rally started shoutingMODI ZINDABAD!This proves RaGa didn't attend Kailash Yatra pic.twitter.com/U8H81Jr6BR  ",real,Vikram Mehta
"Congress's ambitious minimum income guarantee scheme NYAY has been the talking point on social media ever since its announcement on Monday. One Facebook user 'Major Surendra Poonia, VSM' has claimed that Congress president Rahul Gandhi goofed up while presenting the arithmetic of the scheme. Showing two edited clips from Rahul's press conference, another Facebook page 'Ghar Ghar Modi' has gone a step further in slamming the Congress. ",fake,Pooja Chawla
A video clip of Congress leaders Rahul Gandhi and Priyanka Gandhi's car being stopped by a policeman at security check is getting viral on social media. The policeman can be heard saying that section 144 has been implemented in the area. It is being claimed that the Gandhi siblings were breaking coronavirus lockdown rule by trying to moving out in the curfew to aid Muslims. #PriyankaGandhi breaking #CoronaLockdown #CoronaVillainsWell it was bound 2 happen.When #Gandhi were in forefront of spreading #antihinduriot by instigating brainwashed #Muslims & Now by moving out in Curfew trying 2 aid #MuslimsSpreadingCorona #IslamicCoronaJehad pic.twitter.com/fKhiQyB1mv ,real,Varun Agarwal
"An image showing an Uttar Pradesh madrasa teacher comparing Islam and Hinduism -- and apparently underlining the 'superiority' of the first-- is
fake, an India Today TV Viral Test has revealed.
The original photo was taken at the Darul Uloom Husainia madrasa in Gorakhpur. And it turns out that the man standing beside the blackboard was teaching Sanskrit.The photoshopped image, however, shows a very different blackboard. Here, there are two columns below the words 'Hinduism' and 'Islam'. In the first one, yoga, 'janeu' (sacred thread) and 'mangalsutra' (a necklace worn by married women) are marked with crosses. In the second, there are tick marks for 'halala' (a kind of marriage), 'khatna' (circumcision) and 'burqa'.This image was available on several Facebook pages, including 'We Support Amit Shah Modi Mission 2019'.",fake,Nikhil Pillai
"The reality television show Bigg Boss came out with its brand new season 13 recently. As the latest season airs, a black and white still image from the show is doing rounds on the internet. The image is going viral with a claim that the reality show is encouraging ""Love Jihad"". The black and white still image shows an intimate couple sharing a bed. According to the claim, the show has invited a Kashmiri Muslim man who has been deliberately partnered with a Brahmin woman 'to encourage Love Jihad'. The archived version of the tweet can be seen here. ",real,Manav Choudhary
"Tales of big cats are abound on social media. Sometimes they melt your heart, while often they leave you in shock. A series of images and a video related to violent attacks by tigers have caught the attention of social media users recently. Several claim that these gory pictures are from Odisha's Daringbari. This video is also shared by some Facebook users.Uttar Pradesh's Chandauli district, Himachal Pradesh and Warangal in Telangana are among the other claims made by netizens in terms of locations of these pictures.",fake,Nikhil Khan
"Don't get confused if you come across a Facebook post like this - Prime Minister Narendra Modi's mother Hira Ben asking for votes for her son in the run-up to 2019 elections. The image is photoshopped. The picture of Hira Ben purportedly showing her with a placard asking for votes for her son is circulating on social media. A Facebook page called Narendra Modi WhatsApp Group followed by more than 14 lakh people have posted this photoshopped image. The placard is in Hindi, which in English reads like this: Will you vote for my son Narendra in 2019? This suspicious post has been liked and shared by many on Facebook, hundreds of people commented saying they will vote for Narendra Modi. ",real,Kunal Verma
"A few social media users have posted a photo of former Mumbai Police Commissioner Ahmed Javed and said that he ""worked in the police department for thirty-six years on a salary of Re 1"". The Claim Facebook user Abdul Samad Sheikh posted a picture of former Mumbai Police Commissioner Ahmed Javed and in a long post claimed that the 1980-batch IPS officer had only taken Re 1 salary throughout his 36 years tenure. The post has been shared by a few Facebook users and the archived version of the post can be seen here. A few other Facebook users have posted the same claim. ",real,Ishita Das
"With Haryana and Maharashtra going to polls on Monday, a screengrab of AajTak channel attributing a quote to Dushyant Chautala, founder of Jannayak Janta Party (JJP), is going viral on social media. According to the screengrab in Hindi, Chautala has said he will support the BJP if needed. The viral post carries a photo of the JJP founder and the AajTak logo. The news is carried under the 'Breaking News' plate. ",real,Yash Nair
"As election heat rises in Rajasthan, political leaders are sweating it out to reap maximum benefits before the D-Day. Social media is also flooded with all sorts of political drama and disclosures. A video, which has caught the eyes of many on the internet, shows a motley group of people thrashing a man allegedly claimed to be a Bharatiya Janata Party (BJP) candidate from Bandikui in Dausa district of Rajasthan. The state goes to polls on December 7. In the video, which appears to be from a political party meeting, a scuffle breaks out among workers. The fight soon turns violent and the workers can be seen thrashing a man clad in a white kurta-pyjama.  The viral video was shared by a Facebook user, Shahid Hussain. He captioned it: ""Rajasthan Bandikui Dausa se BJP pratyashi Ramkishore Saini ki jordaar kutaai... jara sochiye voting vale din kya karne vali hai."" ENGLISH TRANSLATION: 'BJP candidate Ramkishore Saini from Bandikui, Dausa, beaten up black and blue. Just think what will happen on the election day'. The video has been shared at least 4,000 times and has more than 40,000 views since Tuesday (November 27). ",real,Vikram Mehta
It's a settled affair that controversial televangelist Zakir Naik is not returning from Malaysia anytime soon.But will he come back to India if the guard changed in New Delhi? Social media is replete with claims that the preacher would if the Congress returned to power.,real,Ananya Khan
"Veteran actor Naseeruddin Shah reignited intolerance debate by saying that the society has become so communally polarised that he is scared for his children. According to the claims, Shah also said ""India is a pathetic country, not worth living"".A screenshot of DBN news is being shared by many on social media which quotes Shah as saying, ""India is not a country worth living in, I am worried for my children, India is a pathetic country.""DBN news stands for Dainik Bharat, which also published an article that carried the exactly same headline as being shared in the viral screenshot. Similar messages were doing the rounds at various Facebook profiles; some of which also claimed that Shah called ""India a dangerous country""",real,Divya Rana
"More than 1 crore people have viewed this video on social media, thousands have shared and commented on this. The video of a commercial airliner purportedly doing daredevil aerial stunts at a very low altitude has gone viral, globally. A Facebook page -- Times News International -- with more than 2 lakh followers, posted this video on September 13. It claimed that a Dragon Air plane hit by a typhoon in Shenzhen, managed to land safely. ",real,Aditya Agarwal
"A video on Facebook claiming that Nestle’s instant noodles brand Maggi contains pig fat is being extensively circulated on social media. A video posted by Facebook page Secret Indian TV’ claims to reveal the truth behind Maggi. It further says flavour enhancer used in packaged food is made from pig fat. The video was viewed around 6.3 lakh times and shared by more than 9,000 accounts on Facebook. ",real,Shreya Bose
"Kerala's Popular Front of India (PFI) has been under National Investigation Agency (NIA) investigation for its alleged terror links and an elaborate hawala and conversion racket exposed by India Today's special investigation team last year."", ""But is the suspected Islamic non-profit stockpiling swords for a future attack on the Hindus? At least, that's what a post which has gone viral on social media has alleged."", ""India Today's Viral Test crew scrutinised the social-media warning against the PFI."", 'Translated in English:', '""Keep sleeping Hindus, Muslims are planning a bloodshed against you. During a PFI factory raid in Kerala, large quantities of weapons were recovered. The arms and ammunition were being supplied to mosques and madrasas in Muslim-dominated areas across India",real,Divya Verma
"Did Amitabh Bachchan lend a hand to the stretcher carrying the body of domestic help who worked with him for 40 years? A viral post on social media claims, Amitabh’s servant who was working with him for the last 40 years died. Amitabh lent his shoulder to the body. Great man. Everyone has money but few people have humanity. Hats off to Amitabh.  ",real,Vikram Rana
"Even as Maharashtra awaits results of its assembly elections, a glittering image of a bridge over a sea is going viral on social media. It is being claimed that the city is Mumbai, thus implying the development work done by the state government. Facebook page ""Dontgetserious"" posted the viral image on October 17, days before the elections were held on Monday. Till the filing of this story, the image was 'liked' by more than 3,300 users. ",fake,Manav Sharma
" A 40-second dramatic video has caught the attention of many on social media which, according to claims, shows the daring feat wherein Army officers snatch a loaded AK-47 from a ""terrorist"" on a terrace. The video shows the man holding a gun in his hands and is talking to a policeman standing on another terrace below him. It seems the policeman is trying to keep the man busy in conversation. Suddenly, another man in plain clothes stealithily comes up from behind him and grabs his gun. In the ensuing fight to snatch the gun, bullets get fired from the AK-47, but he does not give up. Soon he is joined by more policemen who pin the gunman down. Fake video of terrorist with a gun goes viral  The video has been shared widely on Twitter and Facebook. When we searched for the claim on Facebook, a wide range of results surfaced. ",fake,Rahul Menon
"Social media is flooded with various posts regarding Delhi’s Jamia Nagar protest against the Citizenship Amendment Act and the subsequent police action on Sunday. Amid this, there is a lot of buzz around an image of a man in civil dress, donning a helmet and protective gear as usually worn by law enforcement agencies. The man, in jeans and red t-shirt, was caught on camera wielding a stick on protesters, leading to claims on Facebook and Twitter that he is an RSS and ABVP member named Bharat Sharma. While the RSS is considered to the parent organisation of the ruling BJP, the ABVP is its students’ wing. The viral claim also has a screenshot of the Facebook profile of Bharat Sharma along with the man in civil dress. The Facebook profile says Bharat Sharma is a state executive committee member of ABVP, an RSS volunteer and college president of ABVP. The viral claim on Twitter can be seen here and here he archived versions are saved here and here. A similar post on Facebook also has a video clip along with the viral claim. The short video clip shows a bearded youth kicking and abusing another man and getting involved in a scuffle. The archived version can be seen here. This post claims, ABVP activist Bharat Sharma kicking peaceful protesters and inciting violence in Delhi. Has Delhi Police given him a part-time job? Till the filing of this story, the post has already been shared more than 1,300 times. ",real,Divya Kulkarni
"Old viral videos of mob-lynching posted on social media with misleading communal spin is a dangerous combination. One such video of a man being bulldozed by a group of men was posted on social media with a caption- ""Is this not lynching? The one getting killed is a Hindu and the one killing is a Muslim. Probably that is why the intellectuals do not think this is lynching."" People on social media reacted strongly to this post believing it to be from India. ",real,Riya Saxena
"Did the Indian government waste thousands of crores on statues while its neighbour China spent the same amount on building state of the art infrastructure? Social media users are sharing an image comparing the expenditure incurred by the Indian government on the Statue of Unity with a bridge built in China. The claim attached to the image says that the Chinese government spent the same amount -- Rs 3,000 crore -- to construct a bridge that the Indian government spent to build the Statue of Unity in Gujarat. ",real,Manav Rana
"Since the nationwide lockdown came into force from March 25, Internet is full of videos of cops thrashing civilians on the streets. And now, a video of a man with white long hair getting beaten up by a couple of policemen has gone viral. Social media users were quick to conclude that it was filmmaker Sudhir Mishra who was at the receiving end of police high-handedness this time. Facebook user ""Harry Sadhnani"" uploaded the video claiming, ""Famous director Sudhir Mishra getting beaten by police"". The video shows a few people standing in demarcated locations, while a man in white flowing hair arguing with policemen while they beat him up. The archived version of the post can be seen here. The video has been shared with the same claim on Twitter as well as YouTube.  ",real,Simran Gupta
"Burqa has been a controversial topic in many countries. Several countries have restrictions on burqa, which has often led to the spread of fake news on social media. More recently, an image of a burqa-clad woman in handcuffs with police surrounding her has gone viral on social media. Facebook user Riyaz Shaikh posted the picture along with a caption in Hindi that claims the woman was arrested in Australia for wearing a burqa. He appreciated the woman for showing courage in front of police and asked people to share the post as much as possible. The archived version of the post can be seen here.  ",real,Sameer Kapoor
"A video claiming that singer Celine Dion passed away in a plane crash is going viral on social media. The Canadian singer is most popularly known for My heart will go on, the theme song of Hollywood blockbuster Titanic. The viral video has the logo of news channel CNN on it. The caption of the video says, The Canadian Superstar And Singing Legend Celine Dion Died In Private Plane Crash After Her Courage World Tour In Milwaukee. ",real,Nandini Choudhary
"The West Bengal Congress, in its latest tweet, took a dig at Prime Minister Narendra Modi over a bridge collapse incident on the Jamnagar-Junagadh Highway. It shared a photo of the collapsed bridge with the claim that it was inaugurated just three months ago by PM Modi. Congress president Rahul Gandhi also liked the tweet.  Planned by then CM Modi, inaugurated by PM Modi, Jamnagar-Junagarh highway bridge collapsed within 3 months of inauguration! pic.twitter.com/ZhZBtOJmPM ",real,Manav Iyengar
"Even after two days of Pakistan’s massive defeat to India in their World Cup 2019 fixture, the cricket-crazy fans are having a field day on social media. Among the unending jokes and memes, the latest to catch everybody’s attention is a picture that shows protesters holding a banner saying, We Don’t Want Kashmir, Give Us Virat Kohli. In the background of the photograph, protesters can be seen holding a Pakistan flag.  Ab Khush pic.twitter.com/rfCpIyeYNE ",real,Karan Mehta
"Amid reports of ceasefire violations by Pakistan, a post is going viral on social media claiming that Indian forces have occupied a village in Pakistan-occupied-Kashmir (PoK) and inflicted heavy casualties on Pakistan army and terror groups. The picture, along with the viral claim, shows a town with fire and smoke raging in the distance.The claim in Hindi translates to, ""This is confirmed news. Indian forces have entered PoK and captured Karen village. Dozens of Pak commandos, Jaish and Lashkar commandos have been blown up along with the Pak brigade headquarter. Heavy bombardment on in Neelam Valley. Traffic halted on CPEC. Indian Army can make an official announcement any time."" ",real,Neha Nair
"An audio clip claiming to be of renowned heart surgeon Dr Devi Shetty is going viral on Facebook, Twitter, and WhatsApp. The audio message comes with a graphics plate with Dr Devi Shetty's photo and Covid-19 in a bold font written beside it. There is a channel name ""daiji world TV"" visible all over the graphics at the top left corner of the frame. In the viral clip, the voice claims this to be an important message and says that there is a ""peculiar problem"" in India and urges ""everyone who has the coronavirus or is suspected of it, should not go get it tested."" The voice continues saying, ""India has 1.4 billion people and the kits we have are less than 1,50,000 at this point of time,"" the voice said. So he asks people with suspected symptoms of flu to wait till eight days. After the eighth day if the symptoms persist then one should go for the coronavirus tests. In the entire clip, the name claims this is the voice of Dr Devi Shetty, the founder of Narayana Health. Several users on Facebook like "" Tejaswini C Jayaraj""and ""Karnataka Medical Association"" have posted this message believing this to be of Dr Devi Shetty.  The archived version of the post is saved here (http://archive.today/8jhwo)and here. ",real,Arjun Das
"Is the Biju Janata Dal (BJD) going to get a landslide victory in the Odisha assembly elections and retain power in the coastal state for a fifth consecutive term? According to an ""exit poll report"" doing the rounds on social media, as many as five media organisations and survey agencies have predicted more than two-third majority for Naveen Patnaik's party in the recently-concluded assembly elections after a post-poll survey.",real,Manav Bose
"Have international soccer stars Cristiano Ronaldo, Zlatan Ibrahimovic and Mohamed Salah expressed solidarity with the people of Gaza by bandaging an eye? Facebook page ""All About Islam posted a collage of four photographs -- three of the footballers with one eye covered and the fourth with a message that says, ""Pray for your brothers and sisters in Gaza"". The caption of the post reads, ""U don’t need to be Muslim to care about Gazau... u need to be human"". ",fake,Neha Rana
"Amid the ongoing protest by Delhi’s Jawaharlal Nehru University (JNU) students over hike in hostel fees, a food rate chart claiming to be of the Indian Parliament canteen is going viral on social media. The chart shows extremely low rates of food items if one compares them with the market price. Netizens are sharing the chart, posted by journalist Prashant Kanojia, claiming that while food items in the Indian Parliament are available on profoundly low rates despite most MPs being crorepatis, JNU students are being criticised as freeloaders’. ?#jnuprotest pic.twitter.com/u4rY87SUqk On Monday, students of JNU clashed with police during a protest against steep hike in hostel charges. Fee for a single-seater room in JNU was increased from Rs 20 per month to Rs 600, while that for a double-seater room was revised to Rs 300 per month from Rs 10. Some new charges were also introduced. On Wednesday, however, authorities of JNU announced partial rollback of the hike. ",real,Siddharth Menon
"Prime Minister Narendra Modi's beach-cleaning video from Tamil Nadu's Mamallapuram has generated mixed responses on social media. While some have complimented the prime minister, others have criticised him, calling it a staged photo-op event. And now, a post by Facebook page ""I.T & Social Media Cell Congress"" has targeted PM Modi with a collage of two images of Varanasi ghats piled up with garbage. Modi is the Lok Sabha MP from Varanasi constituency. A text in Hindi, ""Banaras ke ghaton par photoshoot ke liye kab aa rahe hai Modi ji?"" (When is Modi ji coming for a photoshoot on the ghats of Banaras?), is overlaid on the collage. The claim along with the post says, ""When is Modi ji undertaking a cleanliness drive on the Ganga ghats in the Lok Sabha constituency from which he was elected to be the Prime Minister?""  Till the filing of this story, this post was shared more than 600 times. The archived version of the post can be seen here.",real,Siddharth Kapoor
"With over 1,21,000 confirmed cases and 4,378 deaths, the novel coronavirus scare has reached almost all the continents. Misinformation about the novel virus on social media, on the other hand, is also spreading almost unabated. A video showing people getting emotional with a book is being shared on Facebook by several users. The users claim that China has now withdrawn its restrictions on reading the Quran after the spread of coronavirus and the Chinese government has now begun supplying the holy book to people. Users like ""Pakistan is online"" and ""Niyaz Ahmed"" have posted this video with the caption ""China Govt. Restricted to read HoLy Quraan and after Corona Virus Govt. Supplying Quraan to read. What a amazing miracle of ALLAH and Quraan.""  The archived version of these posts is saved here and here.  ",real,Meera Kapoor
"Electronic Voting Machine, popularly known as EVM, has always been a matter of controversy during elections in India. Soon after the first phase of the ongoing Lok Sabha election (April 11), a video went viral on Facebook. In the video, people can be seen smashing an EVM on the ground and then burning it.

Facebook user Imran Cheeku posted this on the same day along with two more screen grabs of the video. The user claimed in Hindi, ""Today, the first phase of polling is taking place in India. Polling officials said if you press any button on the EVM, the vote goes to the Bharatiya Janata Party (BJP). People got furious over this and smashed the EVM.""",fake,Riya Gupta
"The pre-dawn airstrike carried out by the Indian Air Force (IAF) on a Jaish-e-Mohammed terror camp in Pakistan's Balakot on Tuesday sent social media into a tizzy. A video, which is being widely circulated on WhatsApp, Facebook and Twitter, shows how a fighter jet destroyed the camp. A Facebook user posted the video with the claim: ""Ghus kar yun mara jabazon ne"". ",real,Rohit Nair
"A wall carving of a man riding a bicycle is being shared on social media with the claim that it was in use in India centuries ago. Some Facebook users are claiming that the 2,000-year-old carving is from Panchavarnaswamy temple in Tamil Nadu. Facebook page 'Hindutva se badhkar koi dharm nahi, gau gita ganga aur gayatri' shared the image along with a caption in Hindi which translates to, ""This is Panchavarnaswamy temple in Tamil Nadu. This wall craving is 2,000 years old. Scientists believe so. But someone else is credited with inventing the cycle. Who did the crime of overlooking India's glorious past and making it a country of snake charmers and beggars?"" The archived version of the post can be seen here.",fake,Neha Rana
"Boeing Chinook helicopters, the latest addition to the Indian Air Force fleet, have finally landed in India but not without a controversy. A video of its arrival is doing the rounds on social media with the claim that India is the first non-Nato country in the world to ever receive this helicopter.', 'Facebook page -- I Support Narendra Bhai Modi BJP -- shared the video with the false claim on Tuesday (February 12). The archived version of the post can be seen here.",real,Nandini Bose
"A magic pill for weight loss remains among the most desired yet elusive discoveries in medicine. An audacious claim going viral on the Internet, however, announces the discovery of such a miracle drug that can melt away ""1 kg per day, that too, without any diet or exercise."" Magic pill for slimming? The claim is being made by the means of a dramatic story about a 'doctor’ from the prestigious All India Institute of Medical Sciences (AIIMS) who dedicated his life to discovering such a drug when his 33-year-old brother died due to a heart attack caused by obesity. According to the story, the doctor’s name is Ramesh Bhargava who is a professor in the ""bioengineering"" department of the AIIMS. An archived version of the story can be read here. ",real,Karan Gupta
"With more than 19,000 deaths and over 4 lakh infected, and numbers rising by the hour, the world is racing to develop a cure for the deadly coronavirus, along with providing affordable testing kits for the populace. Amid this, a social media post is going viral with the claim that while in other countries, the coronavirus test is conducted for free or at nominal charges, in India, it is pretty expensive. Facebook user Rohit Rai Jain wrote a post in Hindi which translates to, ""China, US, Europe, Iran and Sri Lanka are conducting corona tests free of cost. In Bangladesh, it costs Rs 300, while in Pakistan, it is Rs 500. But in India, it costs Rs 4,500. Bajao thali."" Till the filing of this article, the post was shared more than 40,000 times. The archived version can be seen here. ",real,Manav Bose
"India suffered a humiliating defeat in the first ODI against Australia at Mumbai’s Wankhede Stadium. Australia is currently touring India for a three-match series that began on January 14. However, something else is also making news on social media. Many have claimed that authorities did not allow spectators dressed in black inside the stadium fearing that it might be used to protest against the Citizenship (Amendment) Act and National Register of Citizens. Twitter user North Stand Gang Wankhede posted a message that said, *IMPORTANT NOTICE*Those who are coming for #INDvAUS match, kindly don’t wear black colour tshirts. Entries are restricted for some security reasons for the same. The archived version can be seen here.  *IMPORTANT NOTICE*Those who are coming for #INDvAUS match, kindly don't wear black colour tshirtsEntries are restricted for some security reasons for the same@BCCI @MumbaiCricAssoc",real,Ananya Nair
"Even as heavy monsoon rain lashes Mumbai, inundating low-lying areas of the city, a shocking video on social media is sending shivers of dread down citizens’ spines. The viral video shows a motorcycle being pulled out of a water-filled pothole’ in Mumbai. While some social media users claimed the video was recorded in Chembur, others said it was from Ulhasnagar in neighbouring Thane district. But all of them blamed the local authorities for not doing their job properly. ",real,Sameer Malhotra
"Italy has been one of the worst affected by the coronavirus outbreak. By April 13 evening, it recorded almost 20,000 deaths, which also includes medical workers. Now, a picture showing some people in medical uniforms lying on the floor of a high-tech hospital ward has gone viral on social media. It is being claimed with the photo that over 200 doctors and nurses have died in Italy due to coronavirus. ",real,Kavya Choudhary
Social media witnessed real drama after reel star Urmila Matondkar joined the Congress on Wednesday (March 27). All sorts of gossip surrounding the actor went viral. A Facebook user claimed that Urmila is the niece of Rashtriya Swayamsevak Sangh (RSS) chief Mohan Bhagwat. Another user claimed that Urmila changed her religion and name to Farzana Khan or Mariam Akhtar Mir after getting married to businessman Mohsin Akhtar Mir. Facebook user Danish Pathan uploaded the post tagging Congress president Rahul Gandhi.   ,real,Nandini Verma
"The Indian government on March 26 announced a relief package worth Rs 1.7 lakh crore to help the poor affected by the Covid-19 outbreak. Now, a website, ""rsby.org"", is claiming that the Centre will provide financial aid of Rs 50,000 to ration card holders under a scheme called 'Rashtriya Shikshit Berojgar Yojana'. The website claims it is a pilot project started by the Indian government along with the World Bank to help the country's poor tackle the financial crisis arising out of the coronavirus pandemic. It says the scheme is only for the first 40,000 applicants and the money will be transferred online. The website also sought personal details for registration and a fee of Rs 250 as 'account verification charge'.    Claim: Govt has started a scheme named Rashtriya Sikshit Berojgar Yojana to provide relief package of Rs 50000 to all ration card holderspic.twitter.com/RTawkuzmDK   Posts regarding the scheme are viral on social media.  About the website ",fake,Karan Joshi
"With distribution of newspapers affected due to the lockdown, e-paper is an easy way for concerned citizens to stay abreast of the latest developments. Also on the rise is WhatsApp forwards of e-paper PDFs. However, a recent report by ""Dainik Bhaskar"", which says it is illegal to forward e-paper PDFs in WhatsApp groups and action can be taken against the group administrator in case of non-compliance, has come as a surprise to netizens. Amid this, another report by the ""Free Press Journal"" titled, ""There is no ban on sharing The Free Press Journal's e-paper's PDF on WhatsApp, Telegram or any social media"", has created confusion. Such contradictory reports have led to debates to social media.  ""It is illegal to broadcast PDF copy of newspaper in whatsapp groups, action can be taken on group admin"".This news reportedly appeared in Dainik Bhaskar has created quite a discussion and uproar in various whatsapp groups today. 1/n https://t.co/1s3IZ1apS5 pic.twitter.com/s0je0BVwLB ",real,Varun Trivedi
"The election season brings much tension and anxiety to politicians but for social media users, there is no dearth of fun during this phase. A video, currently doing the rounds on Facebook, will surely tickle your funny bone. It shows a man tripping and then landing clumsily on his head while he tries to hop on a camel. The video is being shared far and wide with different claims -- most of them associating it with the election campaign and candidates in the fray. Some netizens have claimed that the man who fell from the camel's back is Rajasthan BJP leader Harish Singh.  Some others also claimed that the man is Rajasthan Congress leader Hari Singh. ",real,Neha Fernandes
"Claim
The video shows Jalandhar candidate Neetu Shutteran Wala tearing up on getting just five votes which is fewer than the nine members of his family. He then begins crying during a conversation with a reporter.

Amid all the joy and tears around the election results, a video of a candidate weeping because he has more family members than the votes he got went viral. The video shows Jalandhar candidate Neetu Shutteran Wala tearing up on getting just five votes which is fewer than the nine members of his family.

In the video, Shutteran Wala begins crying during a conversation with a reporter as he narrates his tale of woe. Shutteran Wala contested as an Independent candidate.

Here’s how the conversation went.

Reporter: Santokh Singh Chaudhary is leading in Jalandhar seat, and we have with us an Independent candidate Neetu Shutteran Wala (turns to Wala) so only five people voted for you?

Shutteran Wala (tearing up almost immediately): Sir, despite having nine members in the family, I got only five votes.

Reporter: That means even your family members haven’t voted for you.

Shutteran Wala: No sir, I think the fraud happened in the voting process.

The video spread like wildfire on social media. Even some newspapers and websites published reports based on it.",real,Vikram Mehta
"After a massive win in the assembly and Lok Sabha elections from Andhra Pradesh, YSR Congress Party chief and chief minister-elect Jaganmohan Reddy is making headlines once again, but this time for viral videos on social media questioning his faith. A few Facebook users posted a video of Jagan Reddy observing some Hindu rituals, claiming that he has converted to Hinduism. The YSRCP chief is a Christian by faith.",real,Aman Kaur
"can the sitting chief minister of any state ever publicly claim that people will be forced to vote for the ruling party as voters will be so burdened by their plights that they will have no time to hold the ruling party accountable for not providing employment, water or roads? It's quite unlikely."", 'But in poll-bound Rajasthan this is exactly what is being claimed by the Congress party. And the bizarre statement is being attributed to Rajasthan Chief Minister Vasundhara Raje.', 'Not only is a doctored video from an event of the Bharatiya Janata Party (BJP) in Jaipur is being shared on social media, even Congress spokesperson Randeep Surjewala has claimed the same.', 'At an Aaj Tak event on Thursday in Jaipur, Surjewala claimed that Raje had asked BJP workers to confuse common people to such an extent, that no one will have time to have questions such as why roads were not constructed, why there is no water, why there are no jobs, why people are being beaten up, or why farmers are suffering. He said the idea is to confuse people to get their votes.', 'Surjewala also shared the video of his statements on Twitter in which he is claiming the same.', ', , , , - ,- CM , ! pic.twitter.com/0eFQeAJ3zD', 'Surjewala was, in fact, referring to the video which has surfaced online in which Raje can be heard saying, ""Vote humme milenge kyuki logon ko samey nahi milega humse poochne ka ki humko naukri kyu nahi mili? Humko paani kyu nahi mila? Hamari sadak kyo nahi bani? Kyuki vo apne dukh me itne ghuthe hue honge. [We will be successful at securing votes as the public will not have the time to ask us why did we not get jobs or water, why were our roads were not constructed, because public will be consumed with their own problems.]""', 'pic.twitter.com/yT12bpOCev",real,Rahul Khan
"A clipping of a Hindi newspaper is going viral on social media. This is regarding a shocking incident from Baghpat in Uttar Pradesh, wherein a khap panchayat ordered two Dalit sisters to be raped and paraded naked around the village. Netizens are sharing the image, claiming the incident took place under the Yogi Adityanath government. The clipping says the khap panchayat issued the order after the brother of the Dalit sisters eloped with a married woman from the Jat community.",real,Nikhil Khan
"An image of a doctor with the stethoscope around his neck is going viral on social media. It is being claimed that Usman Riyaz, a doctor from Delhi, who saved many lives, has died after he was tested positive for coronavirus. The link of the group is here",real,Yash Nair
"A video of two army dogs mauling a man after being attacked repeatedly with a stone-like object has gone viral on social media. Many users claimed that stone pelters in Kashmir got a lesson of their lives’ when they hit the army dogs. A Twitter user named Theju@Theju’ has shared the video with the caption, A stone pelting Kashmiri Muslim hit two army dogs. Since the dogs didn’t wait for orders from the government, they did what they thought was right! Till the time of filing this story, about 64,000 people had already watched the video.  A stone pelting Kashmiri muslim hit two army dogs. Since the dogs didn't wait for orders from the government, they did what they thought was right! pic.twitter.com/R1ooNudAX6  ",real,Manav Iyengar
"With elections right around the corner, there is an overdrive of political posts on social media. Some users are, however, giving political colours to the incidents not related to the Lok Sabha polls or even to politics. Recently, a photograph of CPI's Begusarai candidate Kanhaiya Kumar went viral on social media where the former JNU students' union president is seen sitting with a woman in an amiable gesture. The post claimed that the woman is Kanhaiya Kumar's professor at Jawaharlal Nehru University (JNU) and both are busy with the election campaign. ",real,Aditya Saxena
A Facebook post claims that the Election Commission of India will allow NRIs to vote online during the 2019 Lok Sabha elections. The viral post also contains a website link requesting people to register themselves to vote in the Lok Sabha polls.  ,real,Aman Menon
"Is actress Swara Bhaskar running a campaign seeking justice for Kamlesh Tiwari, Hindu Samaj Party leader who was murdered in Lucknow? Is she demanding death penalty for the accused Maulana Mohsin Sheikh, Faizan and Rashid Ahmed? Facebook user Dilip Kumar posted an image of the actress holding a placard with the message, #JusticeForKamleshTiwari. Hang Maulana Mohsin Sheikh, Faizan & Rashid Ahmed. ",real,Ishita Khan
"Since lawyer Rajeev Dhavan appeared in the headlines for tearing the Ayodhya map in Supreme Court, it has created a buzz on social media as well. Dhavan has been representing the Muslim side in the Ayodhya land dispute case. During an argument on October 16, he tore the map presented by Hindu Mahasabha to show the location where Lord Ram was born on the disputed land. Following this, many social media users shared a mobile number and claimed that it belonged to Dhavan. Facebook user -- Rakeshranjeet Singh -- wrote a sarcastic post in Hindi on October 17, which when translated, says, ""Some indecent peopel are calling up Rajeev Dhavan on this number 9910430414 and abusing him. They are sharing this number. This is so wrong."" Many Facebook users have commented below the original post, mostly abusing Dhavan. The archived version of the post can be seen here.",real,Vikram Das
Did police in Gujarat seize a huge amount of weapons from a mosque? Many social media users are sharing a collage of pictures of swords and knives with the claim that they have been seized from a mosque in Gujarat. One of the pictures in the collage shows the alleged accused too. ,real,Manav Agarwal
"With the India government making it clear that it will not accept foreign aid for the Kerala floods, the social media went into an overdrive to criticize the Modi administration.

The question that people raised was if UAE could give Rs 700 crore, how can the Centre (till that time) offer a help of only Rs 600 crore to the flood-stricken state? People also argued about New Delhi turning down Abu Dhabi's proposed aid.

But now the UAE has stated it never offered Rs 700 crore for the Kerala relief in the first place. So, now people are wondering from where the figure of Rs 700 crore came from.",real,Nikhil Khan
"Delhi’s Jawaharlal Nehru University (JNU) has been on the boil since masked attackers vandalised the campus and beat up some students on the evening of January 5. JNU Students’ Union president Aishe Ghosh was also injured in the ruckus. Soon after, a collage of two photos one showing Ghosh with a bandage on her left hand, and the other with a bandage on the right hand has been going viral on social media. While the first photo shows her walking with some people, the second photo in the collage shows her speaking holding a microphone. Both pictures show her head bandaged as well. The claim along with the viral collage says Ghosh has been faking injuries. You won’t be able to figure out when a bandage on the left hand jumps on to the right, says the text in Bengali superimposed on the collage. The claim in Hindi translates to, The injuries of JNU’s Aishe Ghosh are special. Yesterday it was on one hand, today in another. And we are all fools. ",fake,Tanya Chawla
"For the faithful, it could be a disturbing sight - an elderly South Indian woman wailing around a Shivling as police, workers and a crane prepare to remove the sacred statue from the middle of a ground.', ""The emotive footage, posted on a Facebook page titled Azaad Bharat, recently went viral on social media with captions that Kerala's communist government was razing down Hindu temples. It goes without saying the video attracted angry comments, some of them expletives directed at the state's CPM-led Left Front administration.""",real,Kunal Verma
"A video is doing rounds on social media platforms showing bodies being dumped into mass graves as Italy's coronavirus death toll is over 7,500. In the video, viral most on WhatsApp, a TV news anchor is giving a commentary on the situation. The netizens are claiming on social media platforms like Twitter and Facebook that the video shows the present situation in Italy. Facebook user 'Moinuddin Hasan Altaf' posted this viral video with the caption, ""Dead bodies of corona victims in Italy!""  The archived version of the post can be seen here. Some Twitter users even to took the claim to the microblogging site. Twitter user 'Satish Rathod' wrote, ""HORRIBLE UNTHINKABLE TO SEE DEAD BODIES AT ITALY coronavirus. Maas grave yard."" ",fake,Karan Verma
"A collage of three photographs showing bundles of currencies along with some policemen is going viral on social media with the claim that fake notes were recovered from the car of an RSS supporter in Gujarat. Several Facebook pages such as ""Aam Admi Zindabad"" and ""Mobile Technology"" shared the post with a caption in Hindi that translates to, ""Bundles of fake notes seized from Gujarat. And they were seized from the car of loyal RSS worker Ketan Dave."" Both pages later deleted the posts but their archived versions can be seen here and here. ",real,Rohit Reddy
"The twists and turns in Maharashtra politics over the last few weeks had the entire nation glued to their TV sets. And finally, the Shiv Sena ditched its 30-year-old ally BJP to join hands with arch rivals NCP and Congress to install its own chief minister. Amid various developments in the western state, social media too is filled with misleading claims. A recent one suggests that the Shiv Sena mouthpiece 'Saamana' changed its masthead from saffron to green and its tagline has now become ""secular"". The viral post claims this change took place on November 28, the day Uddhav Thackeray took oath as chief minister. ",real,Siddharth Sethi
"The introduction of the amended Motor Vehicles Act with steep penalties since September 1, 2019, has given rise to sharp reactions on social media. On the other hand, multiple videos have surfaced targeting cops who enforce the challans. One such video where two policemen are seen hitting each other with wooden batons has gone viral. Netizens claim the cops are fighting over distribution money collected from slapping penalties. Facebook user ""Bhomsa Goyal"" shared the video with a caption in Hindi which says, ""Challan kaatne ke baad hisaab ka sahi bantwara na hone par rujhaan aaya (after slapping of penalties, the collected amount was not divided properly, hence this result).""  The viral video has been shared more than 65,000 times till the filing of this story. The archived version can be seen here. ",real,Anjali Pandey
"In this season of allegations and counter-allegations, Congress president Rahul Gandhi had recently claimed that Bharatiya Janata Party (BJP) patriarch Lal Krishna Advani was 'kicked out' from the stage by Prime Minister Narendra Modi at a rally. Soon after, a video began circulating on social media showing BJP president Amit Shah 'insulting' LK Advani.  Among others, the video was posted by a Facebook page called 'With Arvind Kejriwal' which has already been shared by more than 2,000 users. ",fake,Kunal Iyer
"A picture showing security personnel kicking a man is going viral on social media with a sarcastic claim that this was how Delhi Police appealed to Muslims for peace. Facebook user Naween Kumar Sah posted the picture along with the misleading claim, which was shared more than 350 times till the filing of this story. The archived version can be seen here.   The picture is also viral on Twitter,  with netizens linking it to the recent Delhi violence. ",real,Karan Bhatt
"A picture of a little boy carrying a large bag in his hand in the middle of a desert has made people emotional on social media. Many Facebook users claimed that the four-year-old boy was migrating alone from Syria to Jordan when a UNHCR (United Nations High Commissioner for Refugees) team found him. He had lost his mother and sister in the Syrian civil war and was carrying their clothes in the bag, the viral post said.  ",real,Neha Nair
"Amidst reports of Uttar Pradesh and Bihar migrants fleeing Gujarat reportedly after the rape of a child in Sabarkantha district by a migrant worker, a video is now going viral social media claiming to show the exodus of hundreds of migrants in an extremely crowded train. The video has the message Gujarat Kand Main Room Malik Bol Raha Hai Room Khali Karo Abhi Aap Log Video Dekh Sakte Hai Kitne Parishan Hai Bhai Log, Kahan Mar Gaye I Love My India Wale (In Gujarat house owners are asking migrants to vacate rooms, you can see in this video how troubled they are. The video had already been shared more than 16,000 times at the time of filing the report.  Several social media users are expressing their anguish after watching the video and the message with it. So is this video being shared online of migrant workers leaving Gujarat? ",real,Siddharth Kapoor
"Have you ever seen a man sowing paddy in the middle of a street? Well, this image is being circulated on social media as that of a street in Congress President Rahul Gandhi's constituency Amethi. India Todays Fact Check team investigated the photo soon after it started doing rounds on the internet. The message with the image reads 'Kabhi Aao To Amethi' and has been shared more than 5,000 times on various social media platforms. But is this photo actually from Amethi? The answer is a big NO. The photo has been lifted from a news portal -- Uttarakhand News Network -- in its article dated July 16, 2015. The website claimed the incident took place in Uttarakhand's Dharchula town. It was a unique protest by the locals against the poor condition of the road. Tired of mud covered and waterlogged streets, a local resident took the matter in his own hands to mark his protest. He planted paddy saplings on the street in Balvakot of Dharchula. But ",fake,Ananya Menon
"A disturbing video showing two men assaulting a woman and whisking away a girl on a tractor has gone viral on social media with the claim that this is how Hindus are treated in Pakistan. The claim along with the video says, ""In Pakistan, Hindu mothers and sisters are forcibly taken away in front of their kids. All Hindus must share this so that the world and those Hindus who are opposing NRC and CAA and supporting Congress come to know of this."" ",real,Pooja Rana
Pakistani author Tarek Fatah tweeted a video targeting people of Pakistan on how they steadfastly refuse to take polio drops for their kids. Video shows a woman holding a child in her arms while screaming at two female volunteers who reached her doorstep to feed polio drops to her children. Several other children are also seen in the background. ,real,Kavya Rana
"Who is the greatest footballer of our times, Lionel Messi or Cristiano Ronaldo? While this debate rages on, an Instagram post citing a critical remark from Italian football star Mario Balotelli has gone viral on social media. On December 8, 2019, an Instagram user posted a claim that said Italian forward Mario Balotelli wants to win the Ballon d'Or (world footballer of the year award) with different clubs rather than win it several times only for one club. Balotelli, who currently plays for Serie A (top Italian football league) club Brescia, has never won the Ballon d'Or. The Instagram post shared a screenshot showing Balotelli's photo and a quote that said: ""Mario Balotelli after 2019 Ballon d'Or award, 'I would rather win 2 Ballon d'Ors with 2 different clubs like Cristiano Ronaldo than win 5 or 6 Golden Balls with one club. What's the point of spending a whole career in one club and saying I'm the best really it's shameful?"" The name ""Footballworlds"" is superimposed on the screenshot. What's your thought?! Agree!? A post shared by  Real Madrid C.F. (@rmadrid_life) on Dec 8, 2019 at 5:08am PST Barcelona star Messi is often criticised for having played and won trophies for just one club. He has won the Ballon d'Or six times, each time as a Barcelona player. Juventus's Ronaldo, meanwhile, has won the prize five times, but for multiple clubs. So, according to the post, Balotelli's alleged remark is a dig at Messi. The Instagram post was liked by more than 7,000 people. A similar claim was posted on several other social media platforms. The archive post can be seen here. ",real,Vikram Reddy
"India has been witnessing movements for and against Citizenship (Amendment) Act and National Register of Citizens for more than a month now. Social media too has turned out to be another platform for debates, and often, misinformation. A video showing a man smearing ink on another man’s face and beating him with slippers is going viral on social media with the claim that the victim is a BJP leader and former Haj committee chairman. Facebook page I support Advocate D.s Bindra posted the 25-second video with a caption in Hindi which translates to, In Indore, BJP leader and former Haj committee chairman Inayat Hussain had ink smeared on his face and was bashed with slippers for openly supporting CAA and NPR. Congratulations to such Muslims.  ",real,Rahul Khan
"People are eagerly waiting for post-poll surveys to be conducted by different media houses soon after the last phase of elections gets over on May 19. Social media, as usual, is buzzing with apprehension and sometimes, misinformation, in this aspect too. Many on Twitter and Facebook have put out some data along with a video, which they claimed as ""exit poll data"", attributing them to ""India Today"". ",real,Tanya Nair
"A video that allegedly shows a group of terrorist infiltrating into India with ease has been making rounds on the social media. Several Facebook handles have shared the video as Islamic State fighters walking into India, waging a battle.The video shows Ak-47 wielding men walking through a wooded area. The man behind the camera does the job of a reporter as he asks questions while the terrorists walk past the camera.The unidentified person behind the camera asks the terrorists their names, the reason behind the infiltration and which terror group they belong to.The faces of the terrorist are carefully covered. One of them identifies himself as Zarkawi. The hint of Ayman -al- Zarkawi- the current head of Al Qaida - is perhaps deliberately added to give seriousness to their purpose. One of them says they have come to fight the Indian Armed Forces in Jammu and Kashmir and even refers to 1999 Kargil Conflict.Here's the video that's gone viral:",real,Manav Iyengar
"External Affairs Minister Sushma Swaraj, who has earned the enviable reputation of cutting the red tape of the government machinery to reach out and help people over Twitter, was in for a rude shock on Sunday.Back from an official trip to Europe, she found herself at the receiving end of trolls and her Twitter account filled with many abusive comments. She was being targeted for the action against a passport officer Vikas Mishra in Lucknow who was in the eye of the storm for allegations about harassing an interfaith couple.Following the allegations, the couple got their passports made promptly and the officer Vikas Mishra was transferred to Gorakhpur.The trolls felt that Sushma and her ministry went out of the way to appease the women who had converted to Islam and the Hindu officer was victimised for following due procedure.Columnist, Shefali Vaidya (who is followed by the Prime Minister Narendra Modi) also tweeted about this episode.But in a rare move, Sushma decided to turn the tables on the trolls by naming and shaming them.Several offensive and abusive tweets first appeared on the Swaraj's timeline, calling her 'shameless lady', ' Sushma Begam' who is 'almost dead' and living on 'Islamic kidney' that should 'fail soon'. People initially thought that her account was hacked when they saw these offensive posts were retweeted and liked by Sushma herself and these posts were also shared on her Facbook page.",real,Arjun Kulkarni
"Social media is going gaga over a video of school kids marking their attendance through an identity card scanner. It is being claimed that the video is from a school in Delhi, where the Arvind Kejriwal's Aam Aadmi Party (AAP) government has installed this high-tech machine for attendance. The video post can be seen here. ",real,Karan Trivedi
"Following the death of Tabrez Ansari in the mob lynching incident that happened weeks ago in Jharkhand, social media is rife with various videos mostly with misinformation and unchecked claims. A small video clip of people brandishing swords and sharp weapons is going viral both on Facebook and Twitter, where they can be heard, apparently giving slogan slamming Rashtriya Swayamsevak Sangh( RSS) in reference to Tabrez Ansari's murder. Twitter handle of ""Sudarshan News"" posted this video with their channel logo claiming that religious fanatics are giving slogan with open swords, signaling death threats to RSS and other Hindu organisations. This tweet posted on July 2, 2019 has been tagged to Prime Minister's office ( PMO ) and Home Ministry. .-,.@RSSorg .@HMOIndia @AmitShahOffice @AmitShah @narendramodi @PMOIndia @naqvimukhtar pic.twitter.com/ubIFWDNSok ",real,Yash Saxena
"A photograph purportedly showing a rare Nagapushpa flower that perhaps blooms once every 36 years is being widely circulated on social media. The claim Nagpushpa blooms every 36 years. Yesterday at 3.30 am (early morning) it bloomed in Manas Sarovar, said the claim with the picture. Utpal Kumar Bose posted this claim on Facebook in 2016 but it has resurfaced again on social media. More than 16,000 people have shared it so far.  The archived version of the post can be seen here. ",real,Kunal Iyer
A video of a man beating up a policeman in a restaurant has been doing the rounds on social media for quite some time. Certain posts claim the man to be Congress MLA Anil Upadhyay from Madhya Pradesh. pic.twitter.com/GJYcfbOZdA  ,real,Varun Nair
"Since the government abrogated Article 370 from Jammu and Kashmir, many videos have been doing the rounds on social media claiming to portray the situation in the Valley. One such video shows a few men with black t-shirts and faces covered assaulting women and children and ransacking a house. The men, with 'POLICE' written on their backs and firearms slung over their shoulders, are seen wielding sticks. Facebook user ""Mudassir Jameel"" posted the video on August 23 and claimed it is from Kashmir. Along with the video, he wrote a post in Hindi that can be translated to, ""Thousands of Kashmiris were martyred and we stood with them. Kashmiri girls died and we stood with them. Their honour was violated and we stood with them. Sisters and daughters of Kashmir were traded and we stood with them. I want to ask, whether we are standing dead or alive.""  The truth The post has been shared more than 6,300 times till the filing of this story. The archived version of the post can be seen here. ",real,Karan Joshi
"A video of a woman singing devotional 'Krishna songs' is getting viral on social media. It is being claimed that the singer is Musthafa Parvez, the daughter of veteran singer Mohammed Rafi. ",real,Manav Agarwal
"Will banks in India be closed from September 26 to October 2? A few social media users are claiming so with the apprehension that because of the long holiday, ATMs will run dry. They are asking people to withdraw cash in advance. Facebook user ""Ayek Apan"" claimed, ""26th & 27th September - Bank strike announced. 28th September is 4th Saturday. 29th is Sunday. 30th half yearly closing. 1st Oct most staff will be on leave. 2nd Oct Gandhi Jayanthi holiday. So after 25th September next working day will be 3rd October. 7 days no bank work will be there. After 27th September most of the ATM's will also be dry. So keep cash in advance because you cannot go for digital transaction in vegetable or fish market except in super market & Malls."" The archived version of the post can be seen here. ",real,Neha Fernandes
"A video showing employees of a Punjab National Bank (PNB) branch being transferred to an ambulance is going viral on social media. It is being claimed that all the employees of this PNB branch at Loni in Ghaziabad, on the outskirts of Delhi, have been found corona positive.   ",real,Aisha Agarwal
"Photographs of swanky rail coaches have gone viral on social media with the claim that they were manufactured under the 'Make in India' project and being exported to Australia.\A Facebook page, 'WE SUPPORT NARENDRA MODI', shared the post of another user Balvinder Harit who put up the pictures along with the claim.The post carries a combo picture of railway rakes with a message in Hindi that reads, ""Namo again mera pm mera abhimaan ye mere pradhansevak ki safalta ka pramaan hai. Make In India ke antargat nirmit rail coach Australia ke liye export hote hue. Make In India ka dhamaka. (NaMo again, My PM, my pride, this is the proof of the success of my ""pradhansevak"". Rail coaches manufactured under Make in India are exported to Australia. Make In India rocks.)""The archived version of the post can be seen here.', 'WE SUPPORT NARENDRA MODI has more than 29 lakh followers. Several other Facebook users have also shared the same post.",real,Rohan Iyengar
"A disturbing photo of a woman who appears to have been brutally beaten up and injured badly on the face is doing the rounds on social media with the claim that a Hindu girl has to face such consequences of marrying a Muslim man. The post, shared by many social media users, has the 'love jihad' angle to it. It does not specify where the incident has taken place.  ",real,Neha Mehta
A tweet by Bollywood actor Ajaz Khan on mob lynching is going viral on social media. Khan tweeted the picture of an injured man and claimed that a mob in Bihar's Mahua thrashed a Muslim teacher named Abu Kamil. Twitter user Prashant Patel Umrao questioned the claim and said Abu Kamil raped a girl and was thrashed by members of his own community. The archived version of the tweet can be seen here. ,real,Kavya Rana
"It has been more than 40 days that Shaheen Bagh has been witnessing protests against the Citizenship (Amendment) Act and National Register of Citizens. Many political leaders and public personalities have attended the protests in solidarity too. Now, a video of former cricketer Irfan Pathan on an open vehicle amid an excited crowd of youngsters is going viral on social media with the claim that he was at Shaheen Bagh to lend support to the protest. Facebook user Royale Shadab Choudhary posted the 20-second video with a caption in Hindi that translates to, One more lion is at Shaheen Bagh. The name is Irfan Pathan. The archived version can be seen here. ",real,Tanya Nair
"Doctors and health experts have been advising people to apply hand sanitisers as a precaution against coronavirus infection. However, a social media post is going viral with the claim that one can catch fire due to the sanitiser as it contains high amount of alcohol. The viral Facebook post shows a pair of hands with the claim, ""The lady here applied sanitizer on her arms and went to the kitchen to cook. The moment she turned on the stove, her hands caught fire due to the alcohol contained in the sanitizer."" This post is also viral on WhatsApp. ",real,Kunal Verma
"As the nation seethes with anger at the Pulwama terror attack, experts are analysing loopholes in security that may have helped the terrorists plan the bombing that claimed the lives of 40 CRPF personnel. The consensus is that interception and checking of the explosive-laden SUV used in the attack would have prevented it. Was that really because of an order passed by the erstwhile Mehbooba Mufti government that the terror vehicle could not be checked in time? A video clip is being widely shared on social media in which Major General (retd.) GD Bakshi elaborates on how the system of checkposts and barriers on roads in Kashmir was dismantled because of Mehbooba Mufti. In the video, Gen. Bakshi claims that following a firing incident on a checkpost near Srinagar, the army had not only to apologise but former chief minister Mehbooba had also ensured that the jawans involved in the incident went to Tihar jail. ",fake,Riya Choudhary
"Does the India Gate in Delhi have freedom fighters’ names inscribed on it? Are there 61,945 Muslim martyrs’ names inscribed on the historical monument? The claim According to AIMIM chief and Hyderabad Lok Sabha MP Asaduddin Owaisi, these facts are true. Reiterating Muslim contribution to the country’s freedom struggle, Owaisi, recently at a political rally in Mumbai, claimed that there were names of 95,300 freedom fighters written on India Gate, out of which, 61,945 names are of Muslims. Taking a jibe at PM Modi and RSS, Owaisi further claimed that out of all the freedom fighters’ names written on India gate, 65 per cent are Muslims.  The same claim is also found on Facebook and Twitter ",real,Divya Verma
"A Facebook post went on to claim that an ancient copy of the Bible has been discovered undersea in a legible condition. A social media user called Angelinecyril Angelinecyril posted a photo of the book, calling it a miracle of God. ",real,Meera Mehta
"A provocative letter swamps the social media feeds and WhatsApp groups of Karnataka voters.This two-page missive was purportedly sent by the Catholic Bishops' Conference of India (CBCI) to Bernard Moras, the archbishop of Bengaluru.The content holds the potential to stir religious passions and influence voter psychology ahead of the May 12 assembly elections.To the unsuspecting eye, the letter suggests the Catholic church and Karnataka's Congress government have secretly worked together to declare the Lingayats a separate minority religion.For credulous readers, it outlines the CBCI\'s ""plot"" to wean away the Lingayats from the Hindu fold and convert them gradually to Christianity.ELECTIONS ON MY PLATE | In Mysuru, Congress vs JD(S) a bigger decider than Congress vs BJP', 'Dated March 23, 2018, the letter was supposedly sent from the email alias of the CBCI secretary-general, identified in the ""from"" line as His Eminence Oswald Cardinal Gracias.The dispatch states that representatives of the Roman Catholic Church first met Karnataka\'s ruling politicians on December 21, 2013 ""to press urge them to grant separate religion status to Lingayats"".Successive meetings between representatives of Holy See and those leading Karnataka state government has been arranged to pursue them about the issue. The letter pledges hard work ""for the rich harvest of the souls in Karnataka"". ""For the sake of making inroads in Lingayats, we can shower lavish praise on Lingayats faith but Catholics mustn\'t forget that by any spiritual yardstick, Lingayats can\'t be at par with Catholic faith and salvation can only be achieved through Catholicism.Right-wing sympathisers posted this emailed note on Facebook and Twitter",real,Shreya Bose
"Since the amended Motor Vehicles Act (MVA) was introduced on September 1, social media has been filled with posts for and against hefty fines imposed for traffic violations. While opponents have pointed out that the revised penalties will burden the ordinary citizen, others have demanded better roads before implementing the fines. Yet others have shared videos of police highhandedness in issuing challans. Amid this, a viral post on social media has claimed that Gujarat is the only state to reduce fines under the amended Motor Vehicles Act. THE CLAIM User Sadab Khan shared a post on Facebook page Congress Ek Vichardhara in Hindi, which when translated means, Modi, Amit Shah has reduced fines under the new traffic Act by 90 per cent in Gujarat. This means that the whole country is foolish except Gujarat. This post has been shared almost 500 times till the filing of this story. The archived version of the post can be seen here. ",real,Nandini Choudhary
"Sycophancy is quite common in Indian politics. This time Congress president Rahul Gandhi is being targeted on social media for a viral photo which shows TS Singh Deo, a cabinet minister in the newly formed Congress government in Chhattisgarh. In the viral photo, Deo, who is much older to Gandhi, is seen bowing to touch his feet. A Facebook page, 'India against Presstitudes', posted this photograph with a message: ""48-year-old senior blessing his 80-year-old junior. My friend Pappu ji is kind"". Thousands of people shared this post and hundreds commented on it, attacking Rahul and the Congress culture. Many people even doubted if the picture was photoshopped. ",real,Meera Mehta
"On Wednesday, an SUV sank into a crater caused by rains on the Agra-Lucknow Expressway.', 'The photo carried a stinging caption, which in English read: ""The world\'s first underground cricket stadium is ready in Benares (Varanasi), that too in the middle of a road. A 21-gun salute to Narendra Modi.",real,Sameer Pandey
"Protests against the Citizenship (Amendment) Act have turned violent in parts of India, including the capital Delhi. After Jamia Nagar, protesters in Seelampur clashed with policemen and damaged vehicles, including a school bus. And now, a video of a moving bus with shattered windows, wailing children and adults reassuring them is spreading like wildfire on social media, linking it to Tuesday’s violence in Seelampur. Facebook user Ram Navmi posted the video along with a claim in Hindi that translates to, It is being clearly seen in Seelampur, the fear of stone-pelters among school-going kids. Stone-pelters did not even spare a bus filled with children. ",real,Aisha Bose
"US President Donald Trump has started briefing the press at the White House regularly since the novel coronavirus outbreak. A video of the US President, talking to the press, is doing rounds on social media platforms. On March 18, Facebook user Steven Stonebanks posted a 1-minute-46-second video clip where it can be seen that a number of clips of Donald Trump speaking to media were put together. The caption of the video reads, ""Today, Donald Trump says 'people are dying who have never died before'??? Here are some more crackers."" Here is the archived version of the post. Another Facebook user Leslie Chism also claimed the same. The post has been shared around 4,000 times. The archived version of the post can be seen here. ",real,Anjali Pandey
"Did US President Donald Trump ever slap the Governor of Mexico City? A video of Trump slapping a man in a grey suit, claimed to be the Governor of Mexico City, has gone viral.The message attached with the video reads: ""An incident that no television channel showed. Governor of Mexico city and USA President Donald Trump",fake,Rohan Iyengar
"After the central government’s decision to revoke Article 370 from Jammu and Kashmir, the situation in the Valley has been volatile. There has been a war of words at the diplomatic level between India and Pakistan over the decision to withdraw special status of the state. Social media too is filled with several misleading claims on the issue. Facebook page Dr. Zubaida Rahman’ shared a website link from Bangladesh claiming that Indian soldiers are scared in the face of Pakistani aggression. It further claims that India has deployed an additional 20,000 troops to check the retreat of its soldiers from the Valley.  The claim On August 6, Facebook page Dr. Zubaida Rahman’ wrote a post in Bengali which translates to, Pakistani Army is charging towards the Kashmir border. As the war cry intensifies, Indian soldiers deployed in Kashmir Valley are scared. India has deployed an additional 20,000 soldiers to check the retreat of its soldiers. This page has more than 18,000 followers. The post, which also gives a link to an article in bdnetwork24, has been shared widely. The archived version of the post can be seen here.",real,Pooja Joshi
A message is being shared widely on social media claiming that former IPS officer Kiran Bedi has been appointed as the Governor of Jammu & Kashmir. BJP MLA from Gujarat Bhanuben Babariya also shared the same message and congratulated Kiran Bedi.  ,fake,Aisha Sethi
"Pakistani politician Khurram Nawaz Gandapur tweeted a thrilling video of an aircraft averting a major tragedy by touch-and-go landing after an oil tanker stops on the runway. Believing it to be the real-life incident, Gandapur also appreciated the presence of mind of the pilot. ",real,Yash Nair
"Law and order has always been a sensitive issue in the state of Uttar Pradesh. Successive state governments in the state have been accused of giving free run to criminals. Has this changed under Yogi Adityanath government?

In a viral video it is being claimed that a Bharatiya Janata Party (BJP) leader is beating cop over a minor tussle. The place in the video which has been shared over 94,000 times on Facebook is claimed to be of UP's Faizabad.",real,Pooja Iyengar
"A video of West Bengal Chief Minister Mamata Banerjee has gone viral on social media, claiming that she has urged people to vote for the BJP. The official Twitter handle of West Bengal BJP posted a clip of one of Mamata's speeches, along with the caption, ""The impact of MODI TSUNAMI - @mamataofficial appeals everyone to vote for BJP! The first time she's made any sense during this election campaign! Thanks a ton DIDI !!""  The impact of MODI TSUNAMI - @mamataofficial appeals everyone to vote for BJP! The first time she's made any sense during this election campaign! Thanks a ton DIDI !! pic.twitter.com/Os6PxdF9GS ",real,Aisha Sethi
"Since the deadly Easter blasts in Sri Lanka on April 21 that killed more than 250 people, social media has seen a flurry of posts, many of which later turned out to be false. Now, a video circulating on social media claims that Muslims have been protesting in London against the crackdown by Sri Lanka following the attacks. ",fake,Riya Pillai
"After the victory of Congress president Rahul Gandhi in Wayanad, Kerala, a video of a crowd cheering him was widely shared on social media. Most of the men in the video were dressed in green t-shirts, hoisting green flags which had a crescent and a star. It is being claimed that the video is a celebration of Rahul Gandhi's victory in the constituency.  No this is not in Pakistan this is Celebrations in wayanad after @RahulGandhi winning the seat. Congress has to DIE! pic.twitter.com/9SSxIfRSnK ",real,Nandini Choudhary
"Every now and then you may come across news on social media about people seeking financial support to save the lives of their loved ones. Unfortunately, some of these pleas are misleading. Among recent instances, one that went viral shows a man and a woman weeping while holding an unconscious child. The message on the picture reads that the child is suffering from cancer and needs financial aid.', 'The archived version of the post can be seen here.India Today Fact Check found that the message attached to the picture is totally false as the child died in August this year due to pneumonia in Bihar’s Siwan district.', 'Also Read | Fact Check: Obama never said terrorist attacks impossible in India till Modi is PM', 'The picture is shared by a Facebook user, Manish Jaiswal, in the public group - WE SUPPORT PM MODI - which has more than 22 lakh members. The post has already been shared at least 5,000 times at the time of filing the story.",fake,Ishita Das
"Days after the arrest of fugitive diamantaire Nirav Modi from London, false news regarding this is doing the rounds on social media. A Facebook post referring to one of the tweets of News18 India claims that Nirav Modi has testified that he was forced by BJP leaders to escape from India. For this, he had paid Rs 456 crore as a commission to BJP leaders.  ",fake,Sameer Sharma
The saying excess of everything is bad goes for gaming addiction too. A post has been going viral on social media claiming that a Japanese man killed his friend because the online multiplayer game PUBG. The post contains an image of a man in police custody. ,real,Siddharth Kulkarni
"Indian Air Force (IAF) pilot Wing Commander Abhinandan Varthaman's homecoming last week had sparked a social media frenzy. Not to mention, the hero pilot and his life have become subjects of interest to netizens. Among the many posts related to Abhinandan doing the rounds on social media, a recent post shows a woman and a boy posing with Prime Minister Narendra Modi. The viral picture is captioned: ""Abhinandan's wife & son with PM"". ",real,Anjali Mishra
"A news article has gone viral on social media, describing the terror of a taxi driver in UP's Meerut district. According to the report, Salim, a Muslim taxi driver, killed 250 passengers in a span of four months. The article further says Salim confessed to the crime. The viral report published on June 2 also mentions that ""the murdered passengers are mostly non-Muslims and obviously from Hindu community.""  Some websites published an article about this incident, assuming it to be a recent one. ",real,Pooja Nair
"What could be hotter than a FIFA world cup final, off the field?', ""How about images of a beautiful football fan in a bikini at the beach, with captions identifying her as 'the president of Croatia'."", 'Before the east European country faces France for the ultimate prize this Sunday, the saucy snaps have already set the internet on fire.', '', 'This, when a video of president Kolinda Grabar-Kitarovic went viral, showing the 50-year-old leader walking into the dressing room to embrace all Croatian players, some of them bare-chested.', 'Just got this Whatsapp post. Incredible, if true! She flew economy class to Russia&watched the match with fans till recognized&offered a seat in the VIP area.She was unhappy though, as she wasnt allowed to wear a team T-shirt in VIP area.Her identity?President of Croatia! pic.twitter.com/w6GVOmh2XA', '', ""But the pictures that almost broke the internet had captions reading 'Kolinda in bikini at sea beach!'"", 'Is the video of president Grabar-Kitarovic embracing the players real? Well, it of course is.', ""The day Croatia was to take on Russia in the quarter finals, she adorned her team's jersey, flew to Moscow in economy class just to cheer her team."", 'And post Croatian victory, she participated in full spirits in the stadium celebrations and rushed to the changing room to raise a toast to the winners.', 'This is so inspiring! #Croatias president celebrates with players after they beat #Russia and secured a place in #WorldCup semifinals ...pic.twitter.com/E4AaAyN0hL', '', 'So far, so good.",real,Kunal Verma
 Has Mumbai’s popular Wibs bread company shut shop because its workers at the factory tested positive for coronavirus? Wibs is the largest supplier of bread in the Mumbai Metropolitan Region. Many social media users have shared concerns after a message started going viral asking people not to eat Wibs bread as its workers have tested positive for Covid-19 and the factory has been sealed. ,real,Rahul Trivedi
"Several websites and Facebook users have posted an article which claims that a restaurant in New York City has got a license to serve human flesh as part of their menu. The article says, ""The restaurant, simply called SKIN, received a license after petitioning the state and federal governments over laws against cannibalism."" ""As a species, we are at the top of the food chain, and the only meat left to tackle was other humans. We battled long and hard to be able to serve human meat in our restaurant, and the government finally conceded that we were in the right,"" the article quotes ""SKIN owner Mario Dorcy, a 4-star Michelin chef"", as saying.  ",real,Nandini Das
"Does Tirumala temple only use the milk of Punganur cows to perform abhishek (ablution with milk) of Lord Venkateshwara at Tirupati? Well, a few social media users have uploaded different videos of cows and claimed that it is of Punganur cow. It is also being claimed that it is one of the costliest cows which gives 100 litres of milk - used to worship at the temple. Facebook user Anita Gupta uploaded a video of a brown cow roaming in a field and worte in Hindi (translated in English), ""This cow costs Rs 12 crore which gives 100 litres of milk every day. This is Punganur cow. Milk of only this cow is used to do abhishek of Lord Tirupati. Just looking at the cow is very auspicious. Share it as much as you can, so that many can see."" Other Facebook users commented with folded hands (emoticons). The archived version of this post can be seen here. Similarly, another Facebook user NaMo Gunjan put out the same claim using a different video. This time the video was of a white coloured cow who is being decorated and worshipped. The archived version of this post can be seen here. ",real,Yash Khan
"The social media played a rough Holi with Uttar Pradesh Chief Minister Yogi Adityanath this time. A picture of the UP chief minister is doing the rounds on Facebook, with the claim that Adityanath was India's first chief minister to have celebrated Holi wearing a raincoat. The post was shared on Monday by Facebook page 'Feku Express' which has more than six lakh followers. ",real,Aman Kaur
"In the run-up to assembly election in Madhya Pradesh, trolls are keeping the closest watch on all that happens, from the speeches of political leaders to their diets. But they are not right all the time. Madhya Pradesh Chief Minister Shivraj Singh Chouhan is the latest victim. Chouhan has been criticised by some netizens for ""secretly feasting on non-vegetarian food while publicly claiming to be a staunch Hindu"". These comments are made on the basis of a picture in which Chouhan can be seen having a non-vegetarian meal inside a helicopter. The picture was shared by Facebook user Ashraf Devgan in a group, 'I support ravish kumar i support truth...'. This public group has more than 80,000 members. ",fake,Karan Verma
"Many people were elated over a social media claim that Finland's newly elected Prime Minister Sanna Marin had proposed the introduction of four-day and six-hour working week in Finland. Many Facebook users welcomed the idea of ""four-day working week"" and have posted this information believing it to be true.  The archived version of the post can be seen here.",real,Simran Bose
"Did West Bengal Chief Minister Mamata Banerjee try to appease Muslims and belittle the Hindus in her speech? ""Imaan ka naam hai musalmaan (Faith is the other name of Muslims)""--this line attributed to Mamata Bannerjee has gone viral on the social media. Taking potshot at the Trinamool Congress chief, netizens allege that she actually wanted to portray Hindus in a poor light. India Today TV's Fact Check team found that the allegations are misleading. In fact, the line quoted above, and attributed to Banerjee, is part of an incomplete sentence, which has been extracted deliberately from a particular portion of her speech to spread a false narrative. Among many Twitter users who have written or posted about this is one Gaurav Pradhan. He is followed by Prime Minister Narendra Modi. Pradhan has shared a TV news grab which claims that in her speech, Mamata Bannerjee said ""Imaan ka naam hai musalmaan"". At the time writing this report, Pradhan's post was liked by nearly a thousand people.  Secular vachanImagine is she becomes PM? pic.twitter.com/3htflkqdU3 Other Twitteretis have also started trolling Mamata Banerjee by accusing her of appeasing Muslims and insulting Hindus by saying ""Imaan ka naam hai musalmaan"".  There are some Facebook users who have also made the same claim. ",real,Rahul Khan
"After the much-awaited Supreme Court verdict on the Ayodhya land dispute, two photographs showing idols of Lord Ram, Lakshman and Sita are doing the rounds on social media. It is being claimed that these are the very idols that were shifted from Ayodhya for a safer place down south before Mughal emperor Babur desecrated the Ram Janmabhoomi. The claim further says that a Swami placed the idols at Narayan Ashram on the banks of River Tungabhadra at Harihar in present-day Karnataka where they have been worshipped since then. And now, the idols will be returned to Lord Ram's birthplace at Ayodhya. ",real,Meera Mehta
"Is this a 73-year-old woman spinning on her toe on her grandson's head? A video of a captivating ballet performance has gone viral with the claim that this is how a septuagenarian woman is dancing with her grandson. Several Facebook users such as Patty Boulaye and ""Yasmin Rodgers"" have posted this video with the same claim.  ",real,Yash Rana
"Ever since news of the air strikes on Jaish-e-Mohammed's terror camps in Pakistan broke on Tuesday, a few social media posts went viral claiming that a woman pilot named Urvisha Jariwala was part of the Indian Air Force (IAF) team that conducted the operation. ",real,Ananya Nair
"Is there any fact in the allegation that while India's space scientists had to manage with meagre resources, the Nehru-Gandhi family was splurging on luxury? A Facebook page called 'Post Card Fans' put out a post on March 27, which was shared by 8,195 users till the filing of this story.  ",real,Yash Saxena
"The plight of the farmers has been one of the most debated issues on social media recently. But a particular viral photo with the same message posted by many, all claiming it to be their own story, has generated debate. Many are wondering if these messages fake and are been pushed as a part of political propaganda.Multiple users posted the same photo of a truck loaded with garlic stock along with the claim that they had to sell 1,500 kg of garlic just for Rs 3,000 as prices have crashed badly. They all claimed to highlight the plight of farmers through this ""real life story""",real,Siddharth Kapoor
"Following the brutal rape and murder of the female veterinary doctor in Telangana a Facebook post has gone viral which claims that a young man has been raped by three women for three days in Telangana. A Facebook page V R Watching U News, has posted an image of a man and posted a long story detailing the incident which is captioned as SNS NEWS : ShockingStory: A Young Man Kidnapped And Raped By Three Women For Three Days In Telangana. The FB post says The females forced him to consume viagra and energy drinks and as continued taking turns on him for three days before they dumped him in a field of Medak district in Telangana. The long post ends with saying We would like to know what you think of sexual molestation of men? Share your views with us in the comment section!  The archived version of the post is saved here.  ",fake,Sameer Pandey
"A video of a policeman removing a man’s turban and taking him away is going viral on social media with the claim that Muslims are posing as Sikhs to show that Sikhs are against the Citizenship (Amendment) Act. Several Facebook pages and users such as Namo and Heena Thaker have posted the video along with the claim. The same claim has been made by some Twitter users such as @deen9600. Writer Ravi Rai had also tweeted the claim, but later deleted it. The archived version of his tweet can be seen here.  ",real,Neha Nair
"Shocking visuals of a man in a maroon t-shirt approaching a policeman and firing indiscriminately during the recent violence in Delhi have spread like wildfire on social media. Amid massive outrage, the man was later identified as one Shahrukh from Shahdara. The incident took place on February 24 in northeast Delhi’s Jaffrabad. Many on social media, however, claim that the man is not Shahrukh but one Anurag Mishra. Facebook page Ruhani ILAAJ AASAN Amal posted a series of photos with a caption in Hindi which translates to, Shahrukh turned out to be Anurag Mishra. Look at the Islamophobic outlook of police and media and the propaganda they’re indulging in. ",real,Nikhil Khan
"Just before Sachin Pilot was announced to be the deputy chief minister of Rajasthan, a photo started circulating on social media which tried to show him in bad light. Facebook posts with these photos claimed that the leader who aspires to be the chief minister of Rajasthan, had blackened PM Narendra Modi's face on posters. The caption on one such post reads -- ""He is the same Sachin Pilot who is about to become the chief minister of Rajasthan. He has blackened PM Narendra Modi's face on a poster. Share this post widely, so that it becomes news by tomorrow."" The photos are being shared widely on social media. At the time of writing this report, the pictures had already been shared about 7,000 times from different Facebook profiles. Netizens started slamming Sachin Pilot for the act. ",real,Neha Kapoor
"Did Africa’s Royal British commandos kill the world’s largest anaconda which was 134 feet long and weighed more than 2,000 kilos? Did they take 37 days to kill the snake that had devoured over 250 humans and 2,300 animals? Facebook user Ramakant Kajaria posted a picture of a humongous snake in a forest and onlookers surrounding it. The viral claim along with the picture says, World’s biggest snake Anaconda found in Africa’s Amazon river. It has killed 257 human beings and 2325 animals. It is 134 feet long and 2067 kgs. Africa’s Royal British commandos took 37 days to get it killed.  ",real,Neha Fernandes
"A picture of Arvind Kejriwal shaking hands with Rahul Gandhi has gone viral on social media with the claim that even after losing big, the Congress leader congratulated the Delhi chief minister with a smile. The Kejriwal-led Aam Aadmi Party (AAP) swept the Delhi assembly election, winning 62 out of the 70 seats. The BJP secured eight seats, while the Congress drew a blank. Facebook user ""Azeem Sheikh"" posted the picture along with a claim in Hindi which translates to, ""This is called brotherhood. Even after a poor defeat, Rahul Gandhi is congratulating Kejriwal with a smile."" ",fake,Aditya Verma
"In less than a day an image of three Muslim men, with one of them holding a microphone in his hand, had more than 7,000 shares and around 800 comments. This, because it carried a provocative caption that the All India Muslim Personal Law Board has demanded ""another partition"" of India.'.Hamein sharia adalat nahin diya ja sakta to mussalmano ke liye alag desh diya jaye,"" read the message in blue below the photo of AIMPLB members identified as Maulana Khalilur Rahman Sajjad Nomani, Maulana Khalid Saifullah Rahmani and Maulana Umrain Mahfooz Rahmani.",fake,Divya Fernandes
"An outrageous post is doing rounds on social media with a claim that China has sought its highest court's approval to kill 20,000 coronavirus patients. Investigating the authenticity of the unbelievable claim, we found that they originated from an article published in a little-known website called ab-tc.com. The article says that China has sought its highest court's permission to kill 20,000 coronavirus infected people. The headline reads: China seeks court's approval to kill over 20,000 coronavirus patients to avoid further spread of the virus. The article went on to claim that ""Supreme People's Court is expected to give an approval on Friday for the mass killing of coronavirus patients in China as sure means of controlling the spread of the deadly virus"". Here's the archived version of the post. Facebook user Chandrabhal Singh has posted a screenshot of the article by ab-tc.com and has made a claim in Hindi which in English read, ""China has sought court's permission to shoot 20,000 coronavirus patients. There is speculation that China has already killed some patients."" ",real,Neha Iyer
"The statue of polymath Ishwar Chandra Vidyasagar was vandalised at a college in Kolkata recently. After this, a question which is presently stirring the Bengal politics is - who destroyed the statue? Meanwhile, some pictures went viral on social media claiming that CCTV footage revealed Muslim TMC workers vandalised the statue of Vidyasagar. In the photos, some men can be seen destroying a white statue.  ",real,Siddharth Sethi
"A video of a military exercise is doing the rounds on social media, with the claim that Pakistan should fear the might of the Indian Army. The claim that the video belongs to the Indian Army is false. ",real,Ananya Nair
"Former Aam Aadmi Party member Yogendra Yadav had triggered a controversy by tweeting a painting apparently depicting Hindu-Muslim unity during Eid. Now, eminent personalities like Shashi Tharoor, Yadav himself, Uday Bhaskar and William Dalrymple are at loggerheads over it. Sharing of this painting was supposed to highlight communal harmony and inclusiveness of Indian culture, but it has ended up creating bad blood among the Twitterati.


In the painting, Krishna can be seen with his bare body and blue complexion along with Balrama at the front, who is pointing towards the sky to a group of men and women behind him. Along with Krishna, a bearded, old man in a robe and a turban can also be seen. A fading crescent moon is also seen. Yadav suggested that it is ""Lord Krishna sighting the Eid moon and pointing it out to a group of Muslim men and women"". Congress leader Tharoor also shared the same view and tweeted the picture with Eid greetings.


But soon after Yadav and Tharoor posted the picture, they were flooded with queries regarding their source of information many claiming that they have got it all wrong. People insisted that the painting has nothing to do with Eid and the old man in the robe is not at all a Muslim at all. Celebrated author Dalrymple, who wrote White Mughals, contradicted Tharoor and Yadav by retweeting an article to drive home his point.

Under attack from various quarters, Yadav leaned back on Dr Dipankar Deb, who had described the painting being associated with Eid in his book Muslim Devotees of Krishna in 2015 and was quoted in various articles. Deb, associate professor at IITRAM (Institute of Infrastructure Technology Research and Management), Gujarat, and a self-declared Vaishnav practitioner, hardly has any background in history. India Today found that it was only after Deb's book was published, few other people like actor Shabana Azmi picked up the photo and associated it with Eid. Azmi had tweeted the same photo with a similar message last year.

But when we asked Deb about his claims regarding this painting, he failed to provide any authentic source for his information admitting he had never seen the original artwork and had no idea where it is.

One of the most well-known art-historians Padma Shri BN Goswamy, who was quoted by Dalrymple to contradict Yadav and Tharoor's claim, totally brushed aside the claim that the painting has anything to do with Eid moon. Interestingly, even Yadav admits that Goswamy is a ""global authority on miniature painting, a scholar without a political agenda"".

According to Goswamy, the old man in a jama (Muslim-style robe) and sloping turban is, in fact, Nandthe foster father of Krishna. The most noticeable feature about the robe which establishes it as a Hindu attire is the fact that it is tied under the left armpit. Whereas, Muslims in the Mughal era would always tie the robe under the right arm.


Prof Goswamy also told us about the origin of this painting. According to him, this painting, produced in the second half of the 18th century, is part of a series of many paintings done by decedents of famous Himachali painter Nainsukh and is marked by its unique style. Prof Goswamy said these paintings on the theme of Bhagavata Purana were initially the prized collection of the Kingdom of Tehri, but later on got scattered and many went missing. Prof Goswamy said that other pictures of the same series are available in which Nand can clearly be seen with Krishna in the similar attire. We looked and could really find some other paintings like this.


",real,Nandini Das
"Netizens are shocked and have expressed their anger over a viral video which claims that a Hindu woman in Bangladesh is being forcibly converted to Islam.The post is widely being shared on social media with concerns over the condition of Hindu minorities in Bangladesh.A Muslim exorcist is performing some ritual to expel ""Hindu jinn"" supposedly from a ""possessed Muslim woman""Twitter user Tyagraj Shekhawat posted this video tagging Aajtak on Saturday. He wrote in Hindi ""Iss Bangladeshi Hindu Mahila ke dharmantakaran kay yeh video Sylhet ka bataya ja raha hai, jaha saare Hindu parivaaro ka safaya kar diya gaya, auraton ko chhorkar..."" (It is being said this video of religious conversion of this Bangladeshi Hindu woman is from Sylhet, where Hindu families have been cleansed barring few women)\@aajtak pic.twitter.com/JgWLo10EGl'At the time of writing, this story more than 3,000 people have shared and over 2,500 people have liked this post on Twitter. This same post has been shared by many on Facebook believing the claim to be true.This 2.20-minute long video is disturbing. A woman is seen held by a man from behind and being tortured and threatened by another man with a knife. Some other burqa-clad women are also present in the room. The entire conversation is in Bengali.At one point the man asks the woman to repeat something in Arabic. Then in Bengali, she is forced to say, ""I am now converted to Islam from Hinduism"".We found one user @haivri also shared this post on Twitter on January 25.",fake,Neha Rana
"On March 23, Maharashtra chief minister Uddhav Thackeray announced a statewide lockdown to control the spread of coronavirus. Essential services such as grocery and medical shops have been exempted from the lockdown. However, soon after the announcement, a social media post has been going viral claiming that there are different timings for different shops providing essential services. This has been attributed to the Mumbai police commissioner. Facebook user ""Sheela Sharma"" uploaded a post that said, ""#Dates & #Timings for #Distributions of : (1) #MILK From #Morning 6 A.M to 8 A.M.#Daily) (2) #NEWS #PAPERS - Upto 7 A.M #Daily (3) #VEGETABLES, #KIRANA& #MEDICAL #SHOPS : From #Morning 8 A.M to 11 A.M. #on 24/26/28 & 30 #March only. By Order of #Mumbai #Police #Commissioner"".  ",real,Ananya Mehta
A video that has gone viral on social media shows a man in white kurta-pyjama dancing with a woman in an objectionable manner and also trying to hug her forcibly. Another man in the same dress can also be seen dancing. The claim with the video says these are MLAs of the Rashtriya Janta Dal and the incident took place in Moreh town near the Indo-Myanmar border.  ,real,Simran Gupta
"The deaths of American basketball legend Kobe Bryant and his daughter in a helicopter crash on January 26 have shocked the world. Fans have been mourning on social media, putting out videos and photos of the sportsman. Amid this, a video of a chopper crash has gone viral on Facebook and YouTube with the claim that this was the mishap that claimed Bryant and his daughter. Facebook page Viral Community uploaded the video on January 26 with the caption, Actual video of the helicopter crash caught on tape - RIP Kobi Bryant.  The archived version of the post can be seen here. ",real,Shreya Rao
"A collage of two pictures of ace tennis player Sania Mirza is being shared widely on social media, dragging her into intolerance debate. The first picture shows Sania wearing a ripped jeans and a T-shirt. In the second picture, she can be seen in an overcoat along with a dupatta, and a hijab covering her head. Sania is married to Pakistani cricketer Shoaib Malik.', 'The archived version of the post can be seen here",fake,Ananya Khan
"As the nation welcomes Indian Air Force (IAF) pilot Abhinandan Varthaman who was captured by Pakistan on Wednesday, a video of a woman requesting the BJP not to politicise the sacrifice of martyrs has been doing the rounds on social media. It is being claimed that the woman in the viral video is Abhinandan's wife. ",real,Arjun Fernandes
"A gruesome video of pigs being culled by burning them alive is going viral on social media with the claim that the Chinese government is resorting to such measures to contain coronavirus. Many users on Facebook are sharing the video with the claim, Pigs are being destroyed by Chinese government to control the diseases. It may be Corona and any other disease. ",real,Meera Chawla
"Bang in the middle of Lok Sabha elections, a video of a man walking about inside a polling booth directing voters at the EVM has gone viral. A Facebook page called 'IT & Social Media Cell Congress' claimed that the person in the video was BJP MLA Anil Upadhyay. ",real,Neha Iyer
A disturbing video of a girl being burnt alive by a mob is doing the rounds on social media. It is being claimed that the Hindu girl from Madhya Pradesh got punished for attending a prayer meet at a church.  ,real,Riya Pillai
"As more cases of the new coronavirus disease (Covid-19) are reported worldwide, misinformation about the pathogen is also spreading unabated. A release with the letterhead of Saint Luke’s Hospital in Kansas City, USA, is going viral on social media. It claims that consuming alcohol may help reduce the risk of a Covid-19 infection, and that vodka is ""the most recommended"" substance for ""drinking, cleaning and sanitising"". Take a look. ",real,Yash Pandey
"Is there any truth to the claim that Congress chief Rahul Gandhi was devoid of manners and sat down as he handed over his nomination form at the Amethi collectorate? Well, social media users shared a collage of two pictures - one of Rahul Gandhi handing over his nomination form and the other of BJP president Amit Shah doing the same for the forthcoming election in their respective constituencies. Social media users have called out the difference between the two in terms of the humility and manners that the two showed. ",real,Kunal Rana
"Just before the final phase of polling in Chhattisgarh that concluded on Tuesday, a purported letter leaking the so-called Congress ""plans"" created a political commotion in the state. According to the letter that is doing the rounds on social media, the Congress was planning to dilute the benefits of loan waiver to farmers if it comes to power. The letter is said to be the ""leaked internal communication"" of the Congress office bearers. However, the letter in circulation contradicts what the Congress has been promising on farm loan waivers at its public rallies.Farmers' loan waiver remained one of the biggest political issues in the state during elections. Every political party cashed in on the issue to woo voters. According to a PTI report of November 17, Congress president Rahul Gandhi in his election rally in Chhattisgarh's Koriya district promised that ""if voted to power in the state, the Congress will waive off farm loans within 10 days and the money will come from the likes of Vijay Mallya, Nirav Modi and Anil Ambani"". Hence, the viral letter goes completely against the promises made publicly by none other than the Congress chief himself.",fake,Manav Iyengar
"Gujarat mein BJP karyakarta gau maas ke sath pakde gaye, danga karwane ki koshish vifal"" (BJP worker caught with cow meat in Gujarat, attempts to incite riots failed)!These are the claims made in a video which is being circulated like wildfire on social media. The video shows a man sitting on a road surrounded by a few people with flesh-like material lying around him.', 'In the video, a red band going over the video reads ""BJP leader with cow meat"", ""Gujarat BJP Exposed: BJP Car Caught Transporting Cow Meat"".Archived version of the video can be seen here",fake,Neha Rana
"In his address to the nation on April 3, Prime Minister Narendra Modi appealed Indians to light lamps and candles, or use even mobile phone flashlights on Sunday to mark the fight against coronavirus and ""defeat the darkness spread by the Covid-19 pandemic"". Now, a video is circulating on social media with the claim that this speech of PM Modi was broadcast on TV channels in Brazil, following which on April 4, Brazilians observed his ""lights out"" call. The viral video shows people on the streets with their mobile phone flashlights on and playing music.  ",real,Aditya Verma
" Did the country's premiere defence and aerospace company, Hindustan Aeronautics Limited (HAL), publicly contradict Defence Minister Nirmala Sitharaman on Twitter about the Rafale aircraft and its ongoing controversy? Many people seem to believe this inference of a tweet by @HAL_India that said, ""Those who are saying HAL is not capable of producing Rafale jets should know what we at Hal have produced."" This was in reply to a PTI tweet which quoted Sitharaman questioning the ""required capability"" of HAL for manufacturing Rafale. PTI tweeted, ""Deal for procurement of 126 Rafale jets under UPA fell through as HAL did not have required capability to produce them: Nirmala Sitharaman @DefenceMinIndia"" ",fake,Ananya Menon
"For the past week, social media is filled with posts mostly related to the scrapping of Jammu and Kashmir's special status, following the revocation of Article 370. Among the social media posts, some information is correct and some misleading. THE CLAIM Facebook page ""Aam Press"" has posted four photographs, claiming to be of the recent condition of Kashmir after the removal of Article 370. The caption in Hindi reads: ""After the removal of Article 370, happiness flows all around among the Kashmiri brothers and sisters."" The pictures apparently show the bonhomie between the security forces and the common people.  This post has been shared by more than 800 people till the time of filing this article. The archived version of the post is here. ",real,Anjali Pandey
"Lathicharge, sit-ups, crawling - police in India have been ruthless in enforcing the coronavirus lockdown. And now, a picture of some people cleaning a lake is going viral with the claim that police in Karnataka are asking lockdown violators to clean up public places as punishment. Many social media users are also appreciating the idea, saying it will keep public places clean. Facebook page ""Awesome things in India"" posted the image with a superimposed text that says, ""Karnataka Police is making Lockdown Violators to clean public places as Punishment & It's working. This step is very useful for both the society and it's people. This make society a bit more Clean."" ",real,Shreya Rao
"A recent video of Prime Minister Narendra Modi cleaning Tamil Nadu’s Mamallapuram beach has initiated mixed response among netizens. While many appreciate the PM for the hands-on job, others call it a staged PR exercise executed with the help of a planned photoshoot. The claim Congress MP from Tamil Nadu’s Shivaganga constituency Karti Chidambaram tweeted three images on Saturday night. Two of them show PM Modi cleaning the beach and the third image is of an equipped camera crew in action. He wrote Jai Shree Ram as the caption of the tweet.  Karti is the son of former finance minister P Chidambaram who is lodged in Tihar jail in connection with the INX Media case lodged by CBI. Till the filing of this story, the post was liked by more than 2,300 users and retweeted almost 800 times. The archived version of the tweet can be seen here. ",real,Shreya Pandey
"Social media is abuzz with claims that Zaira Wasim who quit acting in June citing religion is making a comeback to Bollywood. A viral picture of the Dangal girl wearing a sarong and posing with actors Farhan Akhtar and Priyanka Chopra on a beach seems to have triggered the claim. Facebook user Akanksha Ojha posted the picture on September 9 and said sarcastically, ""Zaira wasim - My Relationship with Allah is getting affected, Don't want to ruin it further so quitting Bollywood. Also Zaira Wasim - Have spent enough quality time with Allah.. Now he don't have any complaints regarding our relationship. Infact he is so proud on me for working with liberal team and Son of Senior Akhtar. The Sky is Pink and My heart is black.. I did my Film's promotion very well..""  The archived version of the post can be seen here. Twitter user Sanjay Sinhal said, ""#ZairaWasim The temptation is just too strong for this kid. Bollywood is something that she could not resist. ""B**** to religion"" is what she must have said before joining again.""",real,Vikram Das
"A short video of a policeman hitting a protester on his head with a baton is doing the rounds on social media. Several other policemen can also be seen running around in the video. It is being claimed that the viral video is from Uttar Pradesh, showing police brutality during the ongoing protest against the Citizenship Amendment Act (CAA) in the state. ",real,Sameer Pandey
"A black-and-white photo of Jawaharlal Nehru and Indira Gandhi with two other men is going viral on social media with the claim that they are the former prime minister's ""husband Feroze Khan and father-in-law Yunus Khan"". The claim in Hindi along with the photo translates to, ""Got this photo with much difficulty. Jawaharlal Nehru, Indira Gandhi, Indira Gandhi's father-in-law Yunus Khan, Indira Gandhi's husband Feroze Khan."" While Jawaharlal Nehru is seen standing to Indira Gandhi's right, the other two men are to her left. The post says that the man to Indira Gandhi's left is Yunus Khan and the other man is Feroze Khan. ",real,Sameer Sharma
"Did Finance Minister Nirmala Sitharaman claim the government distributed 35,000 crore LED bulbs under the Ujala scheme? This would imply the Modi govt gave about 300 bulbs to every person in India. At least this is what is being claimed by some social media users who are sharing a screenshot from a news segment on business channel CNBC Awaaz. The photo shows Sitharaman delivering her budget speech while a caption at the bottom reads - ""35,000 crore LED bulb baantein gaye"" (35,000 crore LED bulbs were distributed). The snapshot gives the impression that Sitharaman said this sentence in her speech. Netizens are displaying shock at this whopping number believing that the finance minister's statement is true. Some Congress leaders are also trolling her by sharing the screenshot of the news channel. 125 35000 ... 280 ....LED ?#Budget2019 #LED pic.twitter.com/riQV8lXh8U ",real,Yash Menon
"With deaths and infections due to coronavirus rising, many people are sharing misleading information regarding the outbreak on various social media platforms. Facebook user Eli Winterson claimed that the deadly virus has killed 1,12,000 people and infected 28 lakh in China. The post said that coronavirus is killing thousands every day and the bodies are being taken directly to incinerators. Coronavirus in China: 23 Million QUARANTINED, 2.8 Million Infected; 112,000 DEAD, read the post, which also has a set of photos along with the claim. The user credited Hal Turner Radio Show for the post. The archived version can be seen here.  ",real,Pooja Malhotra
"Did Prime Minister Narendra Modi claim rapists are now being hanged in the country within days? The debate is raging on the social media after PM Modi spoke about the issue in Surat on Wednesday.Most of the debate is centered around a tweet posted by news agency ANI which quoted Modi as saying, ""Now, culprits are hanged within 3 days, 7 days, 11 days and a month.",real,Anjali Iyer
"During Emergency in 1975 did the then prime minister Indira Gandhi enter JNU with police and beat up Sitaram Yechury? Did she force him to resign and read out an apology? Well, an old black and white photograph in which former prime minister and the Communist party leader Yechury can be seen, has been shared widely on social media claiming exactly this. In the viral picture, Gandhi is standing before a large crowd with folded arms while next to her, Yechury is reading from a paper. Yechury is currently a member of the Communist Party of India (Marxist) Polit Bureau. In 1975 he was in JNU as a student of economics. THE CLAIM Facebook page 'Deshbhakt, The Patriot' uploaded a post saying, ""1975, Emergency. Indira Gandhi enters JNU with Delhi Police and beats CPI leader, Sitaram Yechury who was at that time president of the JNU Students' Union and forces him to resign and read an apology letter for protesting against Emergency. This is called Iron Hand dealing with communists. Amit Shah looks saint in front of her."" The archived version of the post can be seen here. Few other Facebook and Twitter users have shared the same claim. ",real,Simran Chawla
"With a surge in the novel coronavirus, or Covid-19, cases globally, social media platforms are flooded with weird home remedies. A Facebook post along with a video claims one can overcome the novel coronavirus by hot air application from a hairdryer. Several people have also forwarded this viral post on WhatsApp groups. Facebook users such as 'Hanuman Prasad Kaushal' and 'Rajendra Kothari' have posted the video with the caption, ""If you have a hairdryer with hot air application, you can easily overcome the CO-VID 19. Watch the video."" The archived versions can be seen here and here. The nearly six-minute video claims this is a presentation by 'Dr Dan Lee Dimke, PHD'. According to him, hot air application through hairdryer on the face to heat up nostrils and sinus fights back the novel coronavirus. This video is also available on YouTube and its archived version can be seen here.  ",real,Riya Choudhary
"The Tablighi Jamaat has been in the eye of a storm after a religious congregation it organised in Delhi early March turned out to be the super-spreader of coronavirus in India. Reports of patients escaping hospitals, concealing illnesses, and misbehaviour with police and health workers have also come to the fore. Amid this, a social media post claims that while the government and media are obsessed with 'Islamophobia', an event by spiritual leader Jaggi Vasudev aka Sadhguru led to over 1,000 coronavirus cases in Tamil Nadu. The post claims that 150 foreigners attended the event in March, all of whom are in quarantine at the Isha Foundation headquarter Isha Yoga Center in Coimbatore. Facebook page ""People's Voice"" shared a photo of Sadhguru at an event, along with the caption, ""150 foreigners attended Sadhguru's event in March. Now all are under quarantine at Isha yoga foundation. 1000+ cases confirmed in TN, but media is only after Tablighi Jamat. This exposes Govt & media's Islamophobia!""  The archived version of the post can be seen here. ",real,Nandini Verma
"A CCTV footage showing robbery at gunpoint in broad daylight is doing the rounds on social media, with the claim that the incident happened in Punjab’s Ludhiana. In the video, two bike-borne men can be seen stealing the wallets of commuters by intimidating them at gunpoint. The claim Facebook page Zirakpur LIVE’ posted the video along with the caption: Today in Ferozepur Road Ludhiana. ",real,Ananya Mehta
"A Facebook post in Marathi has gone viral, cautioning people who use the SBI credit and debit cards with WiFi symbol on them. The video in the post claims that by using these cards one can rob off money from your bank account as these cards do not need a PIN number. Facebook user Harish Shetty posted a video where a man named Prakash Patil says in Marathi that just by waving the card over the PoS machine, his money gets deducted. It doesn't even require the PIN to authorise the transaction, he adds.  To prove his point, Patil puts in Rs 10 as the transaction amount, moves his credit card over the PoS and gets a receipt from the machine. With this, he asks people to return their cards to banks or block it so that they do not get cheated. This video is also doing the rounds on WhatsApp.",real,Siddharth Kapoor
"Amid the coronavirus scare, a message, along with a web link, is going viral on WhatsApp groups and Facebook, saying that by logging on to the link, one will get free masks from the Narendra Modi government. The web links being shared by Facebook users such as ""Mukesh Kumar Kumar Raj"", pages such as (Bihar Vidyalaya Pariksha Samiti) and others are mostly ""https://pmmaskyojna.blogspot.com/"" or ""https://www.narendrmodiawasyojna.in/?m=1"". The message in Hindi along with the web link translates to, ""Due to rise in coronavirus cases, Prime Minister Narendra Modi has decided to give free masks under Swachh Bharat. You can click on the link mentioned below and order your mask, wear it and be part of Swachh Bharat."" The archived version of the post is saved here.  ",real,Aditya Verma
"A video of Congress leader and senior lawyer Kapil Sibal is doing the rounds on social media claiming that somebody outside the court premises slapped him.Archived version of the video can be seen here.Among others, the video has been shared on Facebook page Jai Hindu with caption - Aaj is h*#$#**r Kapil Sibal ko jis bhai ne tamacha maara hai usey sabhi hindu bhaiyo ki taraf se bahut bahut dhanyawad. (On the behalf of all Hindu brothers we are thankful to an individual who slapped Kapil Sibal.)",real,Shreya Iyer
"A video doing the rounds on social media shows what claims to be diamond merchants from Gujarat and Mumbai celebrating Modi's victory by throwing dollar bills on 47th Street in Manhattan, New York. ",real,Nandini Mishra
"Applauding PM Modi’s flagship Make in India’ programme, a video of a double-decker train running in Australia is being widely shared on social media. It is being claimed that the particular train sleek and luxurious is one of the 22 Made in India’ metropolis trains transported to Sydney.  ",real,Varun Nair
"Has Bangla been officially declared the second language of London? Hundreds of social media users have claimed that Bangla language is now officially declared’ as the second language of London, followed by Polish and Turkish. Facebook page Getbengal’ shared a link of its own article with the claim, BREAKING! Bengali has been officially named as the second most-spoken language in London, followed by Polish and Turkish. Be proud of Bengali, be proud of your mother tongue! The article goes on to claim, Bengali is officially the second language of London, with around 71,609 London residents speaking it as their main language. ",real,Siddharth Kapoor
"Supporters of the Modi government are going ballistic over French warplanes.They have pounded Facebook and Twitter with claims that Paris has added a free scheme to its Rafale deal with New Delhi.France, says a post on a Facebook page titled Atal Modi with 1.7 million likes, has decided to gift 32 Jaguar and two Mirage-2000 fighter jets to India as a goodwill gesture.",real,Riya Choudhary
"Veteran actor Shabana Azmi has been actively voicing her opinion against the Bharatiya Janata Party (BJP) and was until recently campaigning for CPI candidate Kanhaiya Kumar from Begusarai in Bihar. But will she leave the country if Prime Minister Narendra Modi returns to power? Well, a photo of the actor has been going viral on Facebook along with the claim: Big news. Even this time if Narendra Modi wins and becomes the prime minister then I will leave the country. Shabana Azmi!! Facebook user Rahul Mishra posted this message on the group NamoAgain2019’. ",real,Pooja Iyengar
"Nine-year-old Quaden Bayles recently went viral after his mother posted a video of him crying and repeatedly saying he wanted to die after being bullied at school. The Australian kid is affected with dwarfism. The video drew worldwide support for Bayles. But now a video message is going viral claiming that he has committed suicide after the bullying worsened. The social media post on a website has attributed the news to BBC News. With a BBC News logo on the viral video, the caption says, Bullied 9-year-old QUADEN BAYLES’ Died by Suicide after Bullying Worsens at School. The archived version can be seen here.",real,Simran Gupta
"The Madhya Pradesh government has written to the central government requesting a ban on pornographic websites.State Home Minister Bhupendra Singh says this will help the government in curbing the rising crime against women.Data of the National Crime Records Bureau (NCRB) reveals that for the past 10 years, Madhya Pradesh has had the highest number of rapes in the country. In 2016, the figure almost touched 5,000.Singh attributes these cases to the rising consumption of pornographic data. So, as a quick fix, he has advocated banning all porn websites in Madhya Pradesh.To substantiate his rationale, Singh also claimed that the decision was taken after the government conducted studies in this regards. He said these studies arrived at the conclusion that pornography is the reason for rising crime against women in the state.""Pornographic websites are one of the biggest reasons for crime against women in the state, especially those committed by younger boys with easy access to adult content,"" Singh said",real,Meera Kapoor
"How would you react if a ""birthday boy"" dies during the celebration of his birthday party? A video with a similar claim has spread like wildfire on social media. The video shows a boy being beaten by his friends. A cake was also seen in the video. It is being claimed that the boy who is seen being beaten up in the video is the birthday boy and in the name of birthday bumps, he was thrashed by his friends so badly that he suffered injuries and died.  'Birthday bumps' are a kind of birthday wishes in which the person celebrating his/her birthday is held by their arms and legs and are given kicks. Many people including Virender Sehwag, news channel TV9 Telugu shared this video. It has been claimed that the boy passed away. The video has been shared in thousands and netizens have started reacting on boy’s death. ",fake,Neha Rana
"The anti-Citizenship Amendment Act (CAA) stir at Delhi's Shaheen Bagh has completed almost two months. During the period, several photos and videos of the agitation emerged on social media. A photo currently going viral shows people from the Sikh community posing in colourful turbans. A Facebook user Dinesh G Gopalan shared the photograph on Thursday, claiming it to be from Delhi's Shaheen Bagh. Some netizens have also shared the image with similar claims. The archived version of the post can be seen here. ",real,Manav Choudhary
"Mamata Banerjee has staunchly opposed the idea of National Register of Citizens and has also led anti-NRC protests in West Bengal. Meanwhile, a video is going viral on the social media in which a mob can be seen badly thrashing a helpless person. It is being claimed that the people thrashing him are Mamata Banerjee's supporters and are beating a BJP worker for speaking in favour of National Register of Citizens (NRC) in West Bengal's Basirhat. A Facebook page 'Modi Sarkar' has posted this 35-seconds video with a caption in Hindi that translates to ""Jihadis of Mamata brutally thrashed a BJP worker in Bengal's Bashirhat for speaking in favour of NRC. When will Jungle Raj end in Bengal?"" Till the time of filing of this story, the video has already been viewed by over 1.51 lakh times and shared more than 3,500 times. The archived version of the Facebook post can be seen here.",real,Riya Kaur
"Thick smog has virtually converted the Capital into a gas chamber. With citizens finding it difficult to breathe, politicians have indulged in blame game. Amid this, a picture of Delhi BJP chief and Lok Sabha MP Manoj Tiwari bursting firecrackers is going viral on social media. The claim along with the picture says that instead of sympathising with the current situation in Delhi, Tiwari is happily bursting firecrackers. A tweet by the BJP leader in Hindi is also attached with the picture, which in English means, My eyes are burning in Delhi today. And yours? ",real,Rahul Menon
"A video showing multiple rockets targeting a hill has gone viral on social media. According to the claim, the Indian Army has sent Diwali greetings to Pakistan in advance. It further says, PoK on 20 Oct. Jai Hind. ",real,Neha Reddy
"The new Motor Vehicles Act was implemented across the country on September 1. Since its implementation, several cases are being reported where traffic violators end up facing hefty fines. Now, a video has gone viral on social media with the claim that after the implementation of new traffic rules, police are now illegally collecting fines from people by beating them. The video shows some policemen with batons (lathis) in their hands, thrashing people on the road and taking them in a police jeep.  The archived version of the post can be seen here.",real,Siddharth Sethi
"Is it for the first time in 40 years that bhajan kirtans or Hindu hymns are being sung on the streets of Srinagar? Well, several social media posts claim so with the hashtag #ModiHaiTohMumkinHai, implying that it has become possible because of Prime Minister Narendra Modi. A video of people chanting ""Hare Rama, Hare Krishna, Hare Hare"" has also been uploaded along with this claim. ",real,Divya Bose
"Did Iceland declare that all religions are weapons of mass destruction? Some social media users are applauding what they claim to be a historic and groundbreaking decision by Iceland. Netizens are also praising the country's parliament for voting to classify ""all religions as weapons of mass destruction"". Facebook user Rajiv Tyagi is among many others who shared the article captioned: ""By and by, more nations will see the light... The last to see the light will be the jaahil followers of Islam and Hinduism...""  The Parliament of Iceland has voted to declare all religions as WEAPONS OF MASS DESTRUCTION. Islam, Christianity, Judaism, Hinduism and Buddhism are now in the same category as nuclear weapons.Now I can seriously think of migrating. The madness here is exasperating.  ",real,Vikram Mehta
"Did Uttar Pradesh Chief Minister Yogi Adityanath's chopper enter West Bengal on Tuesday (February 5) defying Mamata Bannerjee's resistance? Facebook page ""Amit Shah Fans"", followed by more than 5,00,000 people, posted a video on Wednesday (February 6) of a chopper landing, with the claim in Hindi; ""Bangal mein Yogi Adityanath ki Helicopter entry."" ENGLISH TRANSLATION: Yogi Adityanath's helicopter entered Bengal.",real,Kunal Rana
"Pictures of the magnificient Mehrangarh Fort in Rajasthan's Jodhpur district are doing rounds on social media with the claim that one can see the entire Pakistan from here.The photos of the fort along with the claim were shared by Amar Ujala, a leading Hindi national daily, which has a whopping 7.5 million followers on Facebook.",real,Ishita Kapoor
"With the number of coronavirus cases in China and other countries multiplying, a social media post suggesting preventive measures apparently issued by the health ministry in India is going viral. The measures include keeping one’s throat moist, wearing masks and avoiding fried or spicy food.  ",real,Vikram Choudhary
"An X-ray image of a chest with a cockroach has been shared on the Facebook page ""Mr Scientific"" along with the claim that this took place in a hospital in Zimbabwe. The claim said that after the X-ray, the man was advised by doctors to go to India for surgery. As per the Facebook post, the man sold everything and came to India where he underwent another X-ray. However, doctors in India told him that there was nothing in his chest; the cockroach was present in the X-ray machine in Zimbabwe, according to the bizarre claim.  The archived version of the post can be seen here. ",real,Vikram Choudhary
"A video of an old man, wearing white dhoti, kurta and turban, went viral on social media with the claim that it was Saryu Roy, independent candidate from Jamshedpur East, dancing on a famous Bollywood number after defeating former Jharkhand chief minister Raghubar Das. Roy was earlier part of the Raghubar Das cabinet, but contested as an Independent after being denied a ticket in the recently concluded Jharkhand assembly elections. Facebook user ""Mahtab Hussain"" uploaded the video with a caption in Hindi that translates to, ""Must see Saryu Roy's dance after defeating Raghubar Das."" In the video, the old man is seen dancing on what looks like a dance floor. See video here ",real,Arjun Joshi
"Jamia Millia Islamia University in New Delhi is at the centre of controversy after Sunday’s protest against the Citizen Amendment Act, with videos and photos linked to the incident going viral on social media. Amid this, an image of a burqa-clad man has caught the attention of netizens. Several Facebook users have posted the photo, with the claim that he is a student of Jamia, caught arsoning and pelting stones in the disguise of a woman. The man in the viral image is seen wearing jeans and burqa, with brassier on his chest.  The archived version of the post can be seen here.  ",real,Neha Kaur
"A video clip went viral on social media, claiming that Congress president Rahul Gandhi goofed up with the names of the chief ministers of Madhya Pradesh and Chhattisgarh. In the viral video, while addressing an election rally, Rahul Gandhi can be heard referring Bhupesh Baghel as MP chief minister and Hukum Singh Karada as Chhattisgarh CM.  ! ? , , ! ?pic.twitter.com/ljKHbXHzaO  In the clip, Rahul is heard saying, ""Madhya Pradesh ke Chief Minister Bhupesh Baghel ji, Chhattisgarh ke Chief Minister Hukum Singh Karada ji."" The current chief ministers of Madhya Pradesh and Chhattisgarh are Kamal Nath and Bhupesh Baghel, respectively. The 13-second clip has been tweeted by Madhya Pradesh's former CM Shivraj Singh Chouhan and also retweeted by Union textile minister Smriti Irani.  ",fake,Arjun Joshi
"A picture of a woman kissing an iron girder is going viral on social media with a fascinating story. Text superimposed on the picture says a woman attempted suicide from the Eiffel Tower, landed on a car, survived and later married the owner of the car.  The archived version of the post can be seen here.",real,Riya Joshi
A disturbing video of uniformed soldiers beating up some people wearing traditional kurta-pajama and skull caps is being widely shared on social media with the claim that the incident is from Kashmir where the Indian Army is beating up Kashmiri Muslims. WATCH VIRAL VIDEO HERE ,real,Rahul Malhotra
"Recently, Pakistan Prime Minister Imran Khan sowed discord on the internet and became a victim of internet trolling for attributing a quote of Rabindranath Tagore to Kahlil Gibran. Now his assistant and co-founder of PTI, Naeem ul Haque made a social media gaffe by sharing an old picture of Sachin Tendulkar and mistaking him for Imran Khan.  PM Imran Khan 1969 pic.twitter.com/uiivAOfszs In his tweet, Naeem ul Haque has shared a black and white photo in which a batsman can be seen acknowledging the crowd with his bat. Naeem captioned the picture as - PM Imran Khan 1969. ",real,Rahul Malhotra
"British Prime Minister Boris Johnson is down with Covid-19 and admitted to hospital. Meanwhile, Pakistan's leading news channel ""Dawn"" telecast news of his death. In its report, ""Dawn"" attributed the information to ""BBC Breaking News"". Dawn news reporting Boris Johnson Deadits not confirm news#BorisJohnson pic.twitter.com/z7cCOOWN1z ",real,Riya Joshi
"A photo showing two police officers holding a man has gone on viral on social media with the claim that this South African father chased down his three-year-old daughter's rapist and brutally tortured him. The caption with the photo reads, ""This Soweto father tracked down the man who raped his 3-year-old daughter, tied him to tree, cut off the rapist's penis, cooked it, and forced him to eat it."" Soweto is a township in South Africa. ",real,Sameer Fernandes
"One of the most well-known pictures of Mahatma Gandhi, in which a child is seen waking ahead of him holding the other end of his stick, recently started circulating on social media. This was in the backdrop of the death of an infant in Shaheen Bagh protests and the Supreme Court coming down heavily for using children in political agitations. A Google search about the picture throws up multiple results saying this is a photo of Gandhi and his grandson Kanu Ramdas during the historic Dandi March of 1930. ",real,Neha Mehta
"Soon after news of a tiger in New York's Bronx zoo testing positive for Covid-19 went viral, netizens started getting anxious about their pets. Messages began circulating on social media, warning people to be aware of their pet dogs and cats. Many wrote on Facebook, Twitter and WhatsApp that pets can transmit coronavirus to humans.  The archived version of the post can be seen here.",real,Rahul Kulkarni
"The government recently set up the ""Prime Minister’s Citizen Assistance and Relief in Emergency Situations Fund"" (PM CARES Fund) to deal with pandemics such as Covid-19. Now, a message from verified Twitter handles and Facebook pages of several BJP leaders, mostly from Maharashtra, has gone viral, asking people to donate to PM CARES Fund through a website called ""pmcaresfund.online"". The website is archived here. ",real,Vikram Mehta
"A video has gone viral on social media claiming that some men participated in the Shaheen Bagh protests wearing burqas and posing as women. In the video, it can be seen that a person is being beaten up by a few men. It is being claimed that the incident happened in Shaheen Bagh while he was participating in the ongoing protest against CAA and NRC. ",fake,Neha Iyer
"The BJP's decision to field 2008 Malegaon blast case accused Sadhvi Pragya Singh Thakur from Bhopal has led to a maelstrom of controversy on social media. While many have hit out at the BJP for nominating a 'terror accused', others, including BJP Delhi social media and IT head, Punit Agarwal and Network 18 executive editor Amish Devgan, have claimed that Sadhvi Pragya has been acquitted by the court.  Sadhvi Pragya was just accused and has been acquitted by NIA court. And everyone knows she was framed while This man goes to the court in midnight to defend a convicted terrorist. The condition of our judiciary is such because these hypocrites unfortunately became lawyers. https://t.co/SKVeJgPVn7   ",real,Yash Saxena
"Just couple of days ahead of the launch of monsoon session, Congress President Rahul Gandhi's letter to PM Modi to ensure passage of Bill that provides 33 per cent reservation for women in Parliament and state assemblies raised the pitch over the issue. The ruling responded by asking BJP to return favour on triple talaq and nikah halala, the women reservation bill issue was trending on the social media. Our PM says hes a crusader for womens empowerment? Time for him to rise above party politics, walk-his-talk & have the Womens Reservation Bill passed by Parliament. The Congress offers him its unconditional support.Attached is my letter to the PM. #MahilaAakrosh pic.twitter.com/IretXFFvvK One woman (@MamataOfficial) is the Chairperson of a party which already has 33 per cent of its LS MPs who are women. Lots of buzz today on the Womens Reservation Bill #Parliament Proud to be a worker of a political party which already has 33% of its Lok Sabha MPs who are women. Very cool, Trinamool ",real,Neha Agarwal
"All the four men arrested in the Hyderabad veterinary’s rape and murder were gunned down by police on December 6. Following the alleged encounter, a collage of the four accused started going viral on social media, claiming that their names are Mohammad Pasha, Mohammad Iqbal, Mohammad Rahim and Mohammad Akram.   ",real,Varun Nair
"A photograph of a man hugging his child wrapped in clear plastic went viral on social media. It is being claimed that the kid has coronavirus symptoms and her father is asking people to pray for her. However, her test results are awaited. The mother of this chiled died while giving birth to her",real,Rahul Kulkarni
"Arvind Kejriwal's landslide victory in Delhi might have stunned his detractors, but misinformation on social media regarding the assembly election continues unabated. A few images of Kejriwal with Imran Khan have gone viral with the claim that the Aam Aadmi Party (AAP) chief met the Pakistan Prime Minister just before the election. Facebook user ""Indra Pal Singh"" posted a set of four images on February 7, 2020, a day before the election, which is still being shared by many on Facebook. The user claimed in Hindi that at a time Prime Minister Narendra Modi is busy teaching Pakistan a lesson, Kejriwal is joining hands with India's enemies to win the election in Delhi. ",real,Shreya Pandey
"Amid panic and misinformation about Covid-19 on social media, one more message is circulating on Facebook, claiming that the government is going to spray chemicals overnight to kill the novel coronavirus. The claim asks residents not to come out of their houses from 10 pm on Wednesday night till 5 am on Thursday morning. Facebook users such as 'Tejinder Singh Sidhu' claim this is a message from health authorities in Chandigarh, while some others claim this will happen in Bengaluru. The archived version of Sidhu's post is saved here. The viral message reads, ""Hello, I kindly request you not to come out of your house after 10 pm tonight till tomorrow 5 am.... As their will be spraying medicine in the air in order to kill the COVID-19!! Share this information to all your friends, relatives and your families...Thank you!"" ",real,Kavya Choudhary
"BJP candidate from Bhopal, Sadhvi Pragya Singh Thakur has raked up another controversy by stating that she is proud of having participated in the Babri Masjid demolition in 1992. Eminent politicians and journalists on social media chided her and claimed that she was only 4 years old when she did it.",real,Arjun Kulkarni
" ""Congress President Rahul Gandhi used Rafale warplanes to carpet-bomb the Modi government during Friday's no-trust debate in Parliament."", 'His charge was Defence Minister Nirmala Sitharaman had ""lied"" that the 2016 deal for the combat aircraft with France was tightly guarded by a bilateral classified clause.', 'Rahul Gandhi insisted that President Emmanuel Macron of France had himself ruled out that the contract was governed by any confidentiality agreement.', '""I met the President of France personally. I asked him if there is any secrecy pact between India and France. The French president said there is no secrecy pact between the two countries,"" Gandhi said in Parliament.'",real,Aditya Agarwal
" A baffling claim has been made by none other than Uttarakhand Animal Husbandry Minister Rekha Arya, who said the cow is the ""only animal that not only inhales oxygen, but also exhales it"". Her remarks came on the floor of the Uttarakhand Assembly on Wednesday when a resolution was passed, seeking the status of ""rashtra mata"" (mother of the nation) for the cow. Experts rubbished the claim, saying there is no living being - except for plants - which exhales oxygen. During photosynthesis, plants give off oxygen as a waste product. ",real,Neha Agarwal
"Picture of a young girl pulling a hand rickshaw with a frail old man sitting in the back, while some schoolboys look on, is being widely shared on the social media. But it is the message along with the picture which is really moving. It is being claimed that the girl is ""an IAS topper introducing her father to people. A grand salute to her and her father"". On Facebook, most of the people are sharing the post that was put up by a Facebook page ""Silchar Diary"". The post has already been shared more than 32,000 times from this page alone at the time of filing this story. Congress leader and former union minister @ShashiTharoor is among the thousands of people who have shared it on twitter. ",real,Riya Pillai
"Protests against the Citizenship (Amendment) Act and National Register of Citizens have turned violent in many parts of India. Videos and photos of alleged police atrocities are simultaneously doing the rounds on social media. Amid the turmoil, a viral video shows policemen beating up a man, even as a woman tries to save him. A child is also seen crying. It is being claimed that police in Assam are dragging away people from their homes whose names do not appear in the NRC. Watch here ",real,Karan Bhatt
A hair-raising CCTV footage showing a car swerving to the roadside and ploughing a group of pedestrians from behind is going viral on social media. It is being claimed that a Muslim woman in hijab and her daughter were walking on the roadside when an Alto deliberately hit them from behind and killed them in Uttar Pradesh’s Ballia. Netizens said this is an example of growing Islamophobia in India.  ,real,Neha Kapoor
"A news article is doing the rounds on social media claiming that Indian soldiers raped a young Naga mother in Kohima. The viral news article also carries a photo of a semi-nude girl and an image of a young girl, holding a kid whose face is blurred. The article is published by a website called Republicofbuzz which says that a group of nine patrolling Indian soldiers raped a young Naga mother in Jotsoma village near Kohima.  ",real,Divya Kaur
"A picture has gone viral on social media suggesting that if you like a book on Prime Minister Narendra Modi, then you should also try a book on Adolf Hitler. The photo shows a book called Narendra Modi: A Political Biography’ by Andy Marino placed next to Hitler’s Last Days’ by Bill O’Reilly on a shelf. Hitler’s Last Days’ is based on the end of the Nazi regime in Germany. The viral picture shows a sign If you like’ pointing an arrow at the book on Modi, followed by Then try’ pointing another arrow at the one on Hitler. The price tags of the books can also be seen in the photo.  Saw this on Mumbai airport. pic.twitter.com/GEFtiGNlSr  Twitter user Ashish’ tweeted the picture and claimed that he saw it at Mumbai airport. Till the filing of this story, the post was retweeted more than 1,200 times and loved’ by over 2,800 users. ",real,Rahul Malhotra
"Is the government coming out with a new Rs 1,000 note? The currency notes of Rs 1,000 had gone out of circulation during demonetisation in 2016 and were replaced by Rs 2,000 notes. But lately, there have been reports about RBI stopping the printing of Rs 2,000 notes. Since then, the social media has been abuzz with photographs of Rs 1,000 currency notes that are going to be put in circulation soon. Facebook user Akhil Chaturvedi uploaded a photo of a currency note and said, ""New note of 1000 first in your group"". The photo carries an impression of Mahatma Gandhi on the left along with an image of a rupee in the centre and a stamp of the Reserve Bank of India (RBI) on the right. The archived version of this post can be seen here. People, who believed the news, said, ""So many frequent changes with currency can only be termed as mockery with the currency of the country."" Some other Facebook users have used two pictures of the note to give an impression of the front and back of the new note.",fake,Ananya Menon
"Posts related to mob lynching are on the rise across social media of late. Most of them come with misleading communal spin. For instance, one viral 10-second video shows a bare-bodied old man folding his hands and making placatory gestures like bowing down to a cheering and dancing mob, all dressed in black.  ().@INCIndia , .@RahulGandhi ?.@ANI .@sudhirchaudhary .@narendramodi .@AmitShah pic.twitter.com/GpNEI4dLKD  Twitter user Dev Oza posted the video saying: An old man’s holy thread (janeu) was first cut off and he was stripped by a mob who then forced him to dance. This is the condition of the @INCIndia ruled states of the South. @ Rahul Gandhi Ji isn’t it mob lynching of the minority Brahmins? He tagged the post written in Hindi to PM Narendra Modi and Home Minister Amit Shah along with others. ",real,Divya Kulkarni
"A video of a man recovering Rs 2,000 and Rs 500 currency notes concealed in bananas is going viral on social media with the claim that this was how money was sent to rioters in Delhi. Facebook page Instant Videos posted the three-minute video with a claim in Hindi that translates to, Look at the preparation to blow up Delhi. Another Hindi caption superimposed on the video translates to, This was hidden in bananas for Delhi riots, check it out.  ",real,Karan Nair
"A video has gone viral on social media in which a group of men wearing skull caps can be seen standing around a large container of food. In the 1 minute 22 second video, a man is seen scooping up some food on a ladle and taking his mouth close to it, before dropping it in the container. The post claims that the location is Shaheen Bagh in New Delhi and the man is spitting on a ladle of biryani before distributing it to non-Muslims. Facebook user Santam Chaudhury is among many others who have posted this video. The caption of the video, which is in Hindi, reads, ""Here is the reality of biryani being distributed in Shaheen Bagh. The food is being spat on before it is to be distributed to non-Muslims. It is impossible to make secular people understand this."" The post was shared by more than 14,000 people at the time of writing this article. The archived version of the post can be seen here. ",real,Rahul Malhotra
"While scientists, pharmacologists, experts are working tirelessly 24x7 to find an antidote for Covid-19, social media users are coming up with bizarre remedies and sharing them. A post has gone viral on various social media platforms claiming that the Chinese doctor who first detected the deadly coronavirus had documented a few case files and proposed treatment for the disease. The chemical compounds required to cure Covid-19 can be found in tea, the doctor had suggested, according to the post. It went on to claim that the news was first published by CNN. Maria Celia Junio-Fernandez and many others have shared the post on Facebook. They claim, 'Breaking News from CNN:- Dr Li Wenliang, China's hero doctor who was punished for telling the truth about coronavirus and later died due to the same disease, had documented casefiles for research purposes and had in the case files proposed a cure that would significantly decrease the impact of the Covid-19 on the human body... What's more shocking is that these complex words that were so difficult for people in China to understand is actually called tea in India, YES, our regular tea has all these chemicals already in it.' Maria Celia urged her family and friends to share the post widely. She also claims, ""The hospital staff in china has started serving tea to the patients three times a day."" Here is the archived version of the post. Within hours, the post has been shared by around 1,000 people. The post is doing rounds on WhatsApp and Twitter as well.  Good morning @ravishndtv Sir ,Today I got this message on whatsapp.Please check and tell how much truth is there in these things. Can #coronavirus really be controlled by drinking tea 3 times a day. Thank You ?? #NDTV pic.twitter.com/GRucfI0tkM ",real,Priya Rao
"One of the main attractions of this year's Aero India show was the Rafale aircraft. Just at the conclusion of the air show, social media went gaga with a viral video of an aircraft doing spectacular stunts. Netizens claim that this is the ""Rafale plane for which India has struck a deal with France"". ",real,Neha Kapoor
"In the middle of the ongoing bitter political battle between BJP and Trinamool Congress, a Facebook post with a collage of three pictures has gone viral with the claim that TMC goons have attacked Hindus at a BJP rally in Kolkata.",real,Nikhil Khan
"As Delhi gears up for the Assembly elections, a video of chief minister Arvind Kejriwal is doing rounds on social media. In the video, Kejriwal can be seen as appealing to people to vote for the Congress. It is being claimed that the Aam Aadmi Party (AAP) is advising Delhiites to vote for the Congress this time.  ",real,Nandini Pandey
"With more than 900 dead and 40,000 infected, China is dealing with a massive outbreak of coronavirus. Amid this, social media is full of misinformation regarding the epidemic. A video showing policemen dragging a woman out of a car and pinning her to the ground is going viral on Facebook with the claim that cops in China publicly killed a lady infected with coronavirus. Facebook page Daily updates uploaded the video with the claim: A lady Infected by Corona virus killed by Chinese police on road.",real,Nikhil Khan
"A picture showing four people, including two children and a disabled man, has gone viral on social media, giving the impression that they are not financially too well off. One of the children in a dirty and torn yellow t-shirt has been encircled and it is being claimed that it is the childhood picture of Jack Ma, Chinese business magnate and co-founder of Alibaba Group. Along with the photo, there are multiple claims in the viral post which apparently explains how Jack Ma overcame rejections in his life. ",real,Simran Chawla
A photograph of a soldier saluting a man in a suit has caught the attention of many on social media. It is being claimed that the son of Israel’s prime minister serves in the army unlike the children of Indian politicians who enjoy luxurious life and later join politics. ,real,Aisha Rana
"Britain's iconic statesman Sir Winston Churchill would have never imagined something like social media. But more than five decades after his death, he has become its victim. Many Facebook users have attributed the quote titled 'Caring What Others Think' to the great orator. ",real,Yash Khan
A disturbing image of a man and woman standing naked in public and holding a baby has gone viral on Facebook. The message along with the image says a Pastor and his wife were made naked and marched around a town in Uttar Pradesh as punishment for teaching the Gospel. ,real,Ishita Nair
"A collage of two pictures has been doing the rounds on social media claiming that PM Modi sent his helicopter to ferry rape convict Dera Sacha Sauda chief Gurmeet Ram Rahim. Facebook page Support NDTV posted the collage of two pictures, one showing PM Modi coming out of a chopper and the other of Ram Rahim inside a chopper. Both choppers bear the same number AW 139’, encircled in the collage. The Facebook post claimed, When the country’s PM sends his own chopper to ferry a rapist, Beti Bachao is turned into a joke. At the time of filing this story, the post was shared by more than 86,000 users.  The archived version of the post can be seen here. ",real,Aditya Agarwal
"Amid the coronavirus outbreak in China and WHO declaring it a global health emergency, a video of bats being removed from a rooftop is doing the rounds on social media. It is being claimed that these are chrysanthemum bats that carry coronavirus. In the video, hundreds of bats can be seen hiding underneath the tiles of the rooftop of a house in China’s Wuhan, from where the virus is believed to have originated.  ",real,Rahul Menon
"A religious congregation by Tablighi Jamaat in Delhi's Nizamuddin has turned out to be the super-spreader of novel coronavirus with multiple deaths and infections across India traced to the event. More than 2,000 people from different states and countries had attended the congregation held from March 13-15. And now, a video showing people sitting on their knees and praying is doing rounds on social media platforms. It is being claimed that these people are sneezing purposefully to spread novel coronavirus at Hazrat Nizamuddin mosque in Delhi. Purposefully sneezing to spread Corona virus at Hazrat Nizamuddin mosque in Delhi. pic.twitter.com/UQMWqwLfto",real,Divya Rana
"A video has gone viral on Facebook with the claim that Arabs and Jews were dancing together to celebrate the opening of Israeli and Saudi Arabian embassies in each other’s countries. The video shows men in orthodox Jewish dress with black coats and skull caps and some in typical Arabian flowing robes and checkered keffiyeh dancing together. Facebook user ""Joys Samuel Kollethu"" wrote on his Facebook page, Israel Embassy Opens in Saudi Arabia. Saudi Arabia Embassy opens in Israel. What A Lovely Sight. Arabs N Jews Dancing Together. ",fake,Aditya Bhatt
"A video clip of a farmer weeping and falling at the feet of the Shivpuri district collector in Madhya Pradesh over the cutting off of his electricity connection has spread like wildfire across social and mainstream media. A report by prominent news channel ABP News claiming that the farmer's electricity connection was cut despite paying the bill is being shared and commented upon widely. The report has been viewed by over half a million times and shared by almost 20,000 people on Facebook at the time of publishing this story. The header reads: Madhya Pradesh: ""Shivpuri mein collector ke pairon mein gira kisaan, bill bharne ke baad bhi kaat di bijli (Madhya Pradesh: A farmer falls at the feet of the collector in Shivpuri, electricity connection cut despite paying the bill)."" The ABP news report shows a farmer falling at the feet of the collector when she reaches her car. The voiceover says: Madam did not listen to the farmer’s plea. She went and sat in the car. The approximately 35-second report shows the visual of the farmer falling at the collector’s feet twice but does not show what happened next. News agency ANI first reported the incident on December 31, 2018. ",real,Siddharth Chawla
Claim: Viral images posted by a Facebook user Chenna Keshav shows a little girl with a swollen abdomen. It is being claimed that the girl is just 11 years old Islamic bride and is already pregnant. ,real,Ishita Kapoor
"From the golden paddy fields of Assam to winning gold on international tracks, Hima Das has made Indians realise their dream. With five gold medals in less than three weeks on European circuits, the Dhing Express has left the Tricolour fluttering high, proving that she is the best among the best. With Das becoming a household name amid celebrations in every nook and corner of India, a video has surfaced on social media apparently showing members of Das’s family reacting after she won a gold medal. Among others, Facebook page Chetna Manch Dhaka’ posted a video last week that shows a few men, women and children sitting in a room watching TV. A few moments later, a woman breaks down and rushes out of the room. The viral post claims that this is the reaction of Das’s family members after she won a gold medal. The archived version of the post can be seen here.  ",real,Simran Gupta
"The controversy surrounding India's detention centres has become a subject of debate in the international community too. But the European Commission (EC) got caught in the crossfire, without any reason. A Facebook post attributing a quote to former European Commission (EC) president Jean-Claude Juncker has gone viral on social media. The claim According to the quote in the post, which is in Hindi, the former EC chief has labelled Indians as the ""world's most foolish voters"". Facebook user Yogendra Bahadur Sagar Meerjapuree posted a photograph of Jean-Claude Juncker along with a quote saying: ""The world's most foolish voters are from India. They vote for political leaders who allow illegal immigrants to enter the country."" The post mentions the European Times as the source of the quote.  The archived version of the post can be seen here.",real,Arjun Kulkarni
"This poll season, many pictures are going viral on the internet with fake narratives and subtle communal undertones. One such picture is of two men with skull caps and beards burning down India's national flag. A Facebook page called 'Kattar Hindu' posted this image with a Hindi caption that reads, ""An appeal to the President - people who burn the Tricolour should be burnt alive on the road."" ",fake,Ananya Menon
"It’s no news that Japan is a technological superpower. But is it possible that Japanese engineers would have built a complex bridge in just 24 hours? At least that’s what social media claims. The claim A picture of a U-shaped bridge on a hill slope is catching netizens’ fancy, with the claim that it was constructed in Japan in just 24 hours. The picture along with the claim was posted by Facebook page 'The Engineer Bro’. The archived version of the post can be accessed here.  ",real,Varun Chawla
"A photo of a man, allegedly running a small tea shop, is being widely shared on social media. The viral photo claims that the man is the brother of Uttar Pradesh Chief Minister Yogi Adityanath.', 'The archived version of the post can be seen here.', 'Among many users, Facebook user Neelam Chaturvedi Vidhayak posted the photo with a Hindi caption, ""Uttar Pradesh ke mukhyamantri aadarniya Yogi ji ke bhai hain jo chai ki dukan chala rahe hain, Congress ke koi bhi bade neta ka bhai is tarah ka ho to jaroor post kijiyega.""', 'ENGLISH TRANSLATION: Brother of Uttar Pradesh CM Yogi Adityanath runs a tea stall.',",real,Karan Nair
"A photo collage of a woman soldier is doing rounds on the social media claiming that she lost her life in Kashmir on January 23, 2019. The archived version of the post can be seen here. The viral photo collage was posted by a Facebook page Bharatiy Yoddha’, which is followed by over 300,000 users. The post was shared by nearly 1,920 users.The post was also shared by hundreds of individual accounts on Facebook and Twitter.The viral post contains three photos of a woman soldier who, the post said, were martyred and two photos of the cremation ceremony. The translation of the viral post’s caption written in Hindi reads, Alas! Kashmir (23/1/19) Kavita Saini martyred, she was posted in Kashmir. May God rest her soul in peace. Pay tribute by writing Jai Hind..Jai Hind).",fake,Shreya Pandey
"On August 5 this year, with the abrogation of Article 370, the President of India ordered bifurcation of the erstwhile state of Jammu and Kashmir. Two Union territories of J&K and Ladakh were born. The new map of India was released by the Survey General of India on October 31. Since then, another map of India with a bifurcated J&K has been shared widely on social media. Facebook user Vishwa Mohan shared a map of India along with a claim in Hindi, which in English translates to, ""New map of new India which is a glimpse of one India, best India."" The map shows the erstwhile state of J&K divided into two almost equal halves. Find the Facebook post here ",real,Yash Fernandes
"On February 14, the nation paid tribute to 40 CRPF jawans killed in a deadly terror attack in Pulwama a year ago. Amid this, an emotional post has gone viral on social media showing a toddler, in the arms of a woman, touching the photo of a young man in a large frame. It is being claimed that the baby is looking at the photo of his father who was killed in the Pulwama attack. ",real,Shreya Kulkarni
"Ever since the government announced a 21-day nationwide lockdown to contain the spread of the novel coronavirus, there has been speculation about it being extended further. Some social media users have been sharing images of India Today and Aaj Tak news channels running claims that the prime minister has announced the extension of lockdown",real,Rohit Nair
"Pakistan Prime Minister Imran Khan will inaugurate the Kartarpur corridor on November 9, three days before the 550th birth anniversary of Guru Nanak, the founder of Sikhism. The event, however, has been marred by controversies. Amid this, a collage of two images of a structure with a Pakistan flag painted on the rooftop is being circulated on social media. It is being claimed that Pakistan has painted its flag on the rooftop of Kartarpur gurudwara instead of the khanda flag (a Sikh flag usually seen in every gurudwara). Here's the post.  ",real,Yash Fernandes
"Business is slowing down globally and there are predictions of further damage to the world economy on account of COVID-19. Amid panic-buying of essential commodities in different countries, a video of some people vandalising and breaking into a store is doing the rounds on social media. The caption along with the 45-second video says, ""Every economic crisis is paid for the same population segment, the working class! Riots in London."" It was reportedly shot outside a Poundland store in London.  Every economic crisis is paid for the same population segment, the working class! Riots in London pic.twitter.com/vYytVbsfxC  The video is circulating on WhatsApp as well linking it to coronavirus. The archived version of the tweet can be seen here.",real,Arjun Bose
"An unusual video clip of Prime Minister Narendra Modi is spreading like wildfire on social media. It seems in the video that the PM is calling himself the son of a Pathan while addressing a rally. Modi can be heard saying, ""Main Pathan ka bachcha hu, main sachcha bolta hu, sachcha karta hu (I am the son of a Pathan. I speak the truth and act accordingly).""    ....  ......... , , # @AliSohrab007@RoflGandhi_ @zoo_bear @AshrafFem @Husein21_ @pkm370 pic.twitter.com/hfaD8LQefw  The video is being shared widely on Facebook and Twitter. It has been shared in thousands at the time of writing this story. ",real,Kavya Rana
"A post referring to one of Prime Minister Narendra Modi's speech has created a buzz on social media. A Twitter screenshot, which claims that Prime Minister Modi had said that 33 crore bank accounts were opened in Chhattisgarh, is going viral on Facebook. Netizens are taking a dig at the Prime Minister asking him how is such a thing possible when the population of Chattisgarh is around 2.55 crore. The archived version of the post can be seen here. ",real,Karan Rao
"Did sitting MLA and BJP candidate from Haryana’s Assandh constituency, Bakshish Singh Virk, claim in a public meeting that EVMs were tampered to ensure a BJP victory? Haryana went to polls on October 21. A video clip is going viral on social media in which Virk seems to suggest that whichever button is pressed on the EVM, the vote will go to the flower. The video clip gained further traction on social media after Rahul Gandhi tweeted it. The Congress leader termed Virk the most honest man in the BJP while sharing the video. Rahul Gandhi's tweet has already been viewed by more than 3.4 lakh users and retweeted almost 13,000 times till the filing of this story. Various media portals have also reported the story based on his tweet. The most honest man in the BJP. pic.twitter.com/6Q4D43uo0d ",real,Yash Fernandes
"West Bengal's Ranu Mandal is now an internet sensation. The 58-year-old singer who was found begging at Ranaghat railway station in Nadia district, shot to fame after her melodious rendition of Lata Mangeshkar's ""Ek pyar ka nagma hai"" went viral on social media. Her recent video clip of a recording for the song ""Teri meri kahani"" with Himesh Reshamiya is also a rage on social media. And now, a YouTube video is going viral with a thumbnail picture of Lata Mangeshkar blessing Ranu Mandal. The video claimed that Lata Mangeshkar met Ranu Mandal and was impressed with her song. YouTube channel ""Breaking News 24"" uploaded the video with the caption, ""Lata Mangeshkar met Ranu Mandal and Ranu sing a song for Lata Di impress with Ranu Mandal Song"". ",real,Nandini Mishra
"Amid voting for the Delhi assembly elections on Saturday, a video with communal slogans went viral on social media with the claim that the incident took place in the Capital. The video shows a huge group of people gathered on the street and sloganeering, ""Hindustan mein rehna hoga, Allahu Akbar kehna hoga (If you wish to stay in India, then you'll have to chant Allahu Akbar)."" Columnist Tarek Fatah tweeted the video with the caption: In the #DelhiPolls2020, Muslim goons chant a provocative slogan against Hindus to boast Islamic supremacy. ""Hindustan me rehna Hoga, Allah-O-Akbar kehna Hoga"" (If u wish to live in India, then you'll hv to chant Allah-O-Akbar).  In the #DelhiPolls2020, Muslim goons chant a provocative slogan against Hindus to boast Islamic supremacy.Hindustan me rehna Hoga,Allah-O-Akbar kehna Hoga""(If u wish to live in India, thenyou'll hv to chant Allah-O-Akbar)pic.twitter.com/Bx51eF3rdZ  ",real,Divya Rana
"Since the day the amended Motor Vehicles Act came into effect, several videos of police excesses have gone viral on social media claiming that they are related to traffic checking. Recently, a video of police manhandling a man in front of a police station has gone viral with the claim that this is from Basti district in Uttar Pradesh and the men in uniform were thrashing a vehicle owner in the name of traffic checking. Facebook page ""AjabGajab"" posted the video on September 14, 2019, along with a claim in Hindi, which when translated means, ""Today on Saturday, police of Gaur thana in the name of traffic checks created terror. Vehicle owner was dragged and thrashed today on 14th by police of Gaur thana in Basti district. Strict action should be taken against these policemen."" ",real,Tanya Chawla
A Facebook post showing two melted cars is going viral on the Internet which tries to suggest that they melted due to extreme temperature in Saudi Arabia. The post claims that temperature touched 52 degrees Celsius in Saudi Arabia on June 5. Many Facebook users have shared the picture that shows the melted back bumpers of two cars. ,real,Ishita Nair
" Jump to navigation Speak Now As campaigning for the first phase of Chhattisgarh election comes to a close on Saturday, a video is being shared on social media mocking Congress president Rahul Gandhi. In the six-second video clip Rahul can be heard saying ""Mujhe pradhan mantri bana do toh suraj uss side se uthta hai usko iss side se utha dunga""(Make me the prime minister then I will change the direction of sunrise).  The video has been shared by Facebook pages Indian Eye and Phir Ek Baar Modi Sarkar among others. The video clip had already been shared more than 2,200 times at the time of writing this report. The two pages which have shared this video have more than 47 lakh followers in total. Is it possible for the Congress scion to say something so bizarre? ",real,Neha Agarwal
"A video of a huge procession of Sikhs dressed in white turbans, kurtas and pyjamas is going viral on social media with a claim that they had reached Delhi's Shaheen Bagh to support Muslims against National Register of Citizens and Citizenship (Amendment) Act. Facebook user ""Mohammad Javed"" posted the video along with a caption in Hindi which translates to: Sikh brothers reach Delhi's Shaheen Bagh, say they too are with Muslims. No NRC, No CAA.  ",real,Nandini Pandey
"Delhi recently witnessed one of the worst communal riots in several decades. Horrific stories of killings and mutilations have spread like wildfire on social media. As per media reports, the body of Intelligence Bureau operative Ankit Sharma, which was recovered from a canal in violence-hit Chand Bagh, had multiple stab wounds. A picture of a weeping kid staring at the body of a man has also gone viral. Many on social media such as Facebook page ""Narendra Modi Hindu Supporters"" shared the picture with a claim that he is the son of Ankit Sharma. ",real,Arjun Kulkarni
"With Lok Sabha elections around the corner, political leaders have become the prime target on social media. A Facebook user Harish Ramchandra claimed that West Bengal Chief Minister Mamata Banerjee directed her ministers to not chant Vande Mataram. The user also posted a video to reinforce his claim.",fake,Divya Kaur
A video showing police in China apparently shooting dead three men has been going viral in India. Many social media users have claimed that the three youths are Uyghur Muslims and this is how police in China crush Islamic terrorism in Xinjiang province.,real,Ananya Nair
"Since the bifurcation of Jammu and Kashmir was ratified by the parliament along with the repeal of Article 370, many claims of protests in the Valley are getting viral on social media. One such video being shared is of a huge crowd of women protestors taking to the streets and chanting Azadi. ",real,Ananya Choudhary
A disturbing image of a man falling from the top of a sky-high tower has gone viral on social media. It is being claimed as a live suicide from Dubai’s Burj Khalifa.  ,real,Varun Chawla
"A screen grab of Aajtak news channel is being circulated in several WhatsApp groups, with the claim that Prime Minister Narendra Modi has announced liquor ban in the entire country from tonight.The viral image has a picture of PM Modi addressing the nation along with a breaking news graphics in Hindi saying: ""aaj raat se poore Bharat mein sharab bandh
 The image also bears the logo of Aajtak channel. The top band says ""desh ke naam Modi ka sambodhan - part 2""",real,Meera Rao
"It was a heartbreaking moment for Indian cricket fans when MS Dhoni got run out in the nail-biting semi-final against New Zealand. Now, an emotional post is viral on Internet claiming that even the cameraman on the ground couldn’t stop himself and cried on Dhoni’s dismissal. The post has a photo collage of four images three show a crying cameraman and one is a picture of Dhoni leaving the field after his dismissal. ",real,Pooja Iyengar
"Soon after Prime Minister Narendra Modi visited Prayagraj to attend the Kumbh Mela, a post on social media went viral with the claim that ""Harvard University says Maha Kumbh Mela was better organised than 2014 FIFA World Cup"". Many netizens gave its credit to Uttar Pradesh Chief Minister Yogi Adityanath. ",real,Pooja Iyengar
"A video of a group of men brutally thrashing another man has gone viral on social media, linking it to the Covid-19 lockdown. The 2-minute-20-second video shows a man tied to a tree, while others are flogging and kicking him. Several Facebook users have shared the video and blamed the media for fuelling hatred during the coronavirus lockdown. The caption in Hindi along with the video translates to, ""The poison sown by the media is showing up. Hatred at the time of lockdown."" ",real,Riya Mehta
"A recent WhatsApp message promising a free T-shirt has got users forming queues. The message claims that Jio is offering free T-shirts to its subscribers on the occasion of Republic Day. The message also contains a registration link. The archived page can be seen here. India Today Fact Check found this claim to be totally false. All the registration link does is take the user to Google Play Store in several steps and ask him/her to download an app which has nothing to do with Jio. The viral message, translated in English, says, ""Since Jio has reached 25 crore subscriber base, so on the occasion of January 26, the network will be gifting over 5 lakh free T-shirts to those who would register on their number on the said website. If anyone else in the family has a Jio number, then they can also register for a free T-shirt."" This is the web page where the link appears. ",real,Pooja Malhotra
"Congress general secretary Priyanka Gandhi Vadra is one of the most talked about politician on social media this election season. Some netizens have claimed that Priyanka has already given up on 2019 elections. A Twitter user 'Chowkidar BALA' claimed that Priyanka is asking workers to prepare for 2022 Uttar Pradesh Assembly elections rather than the upcoming polls. Congress has already given up on 2019. She is asking workers to prepare for "" 2022 "" pic.twitter.com/OmBw1rM7P3 ",fake,Nandini Reddy
"A picture of an elderly Muslim man being heckled in front of police has gone viral on social media. Facebook user ""Shafeeq Bhai"" posted the image with a caption saying, ""Ye police wala nahi BJP ka kutta hai."" ENGLISH: This is not a policeman but a BJP dog.  ",fake,Riya Gupta
"The Election Commission is putting in considerable efforts to curb black money this poll season. In this context, photos of a car containing a large cache of cash have emerged on social media recently. The claim is that as much as Rs 20,000 crore has been seized from the car of BJP MLA from Maharashtra Sudhir Gadgil.  ",real,Nikhil Kaur
"Janata Dal (United) leader Ajay Alok is the latest to fall for the age-old hoax that Unesco has declared 'Jana Gana Mana' as the best national anthem in the world. On Saturday, he made a tweet in Hindi which translates to, ""Just sometime back, Unesco has declared our national anthem Jana Gana Mana as the best in the world. Congratulations everyone. Now please don't say Modi-Shah managed it.""  Unesco manage The tweet was liked by more than 23,000 users and retweeted almost 4,500 times.",real,Anjali Pandey
"A viral video on social media claims that Prime Minister Narendra Modi's beautician charges Rs 80 lakh per month. In the video, Modi is seen sitting on a sofa, while some people are taking his body measurements and clicking his pictures. The post is attributed to a Right to Information (RTI) reply.   The post by Facebook user Alok Tewari was shared more than 16,000 times. ",fake,Siddharth Sethi
"Emotions ran high on social media and outside as India and Pakistan clashed with each other in the ICC World Cup at Old Trafford Cricket Ground, Manchester, on Sunday.But for some netizens like author Tarek Fatah, the josh was too high to distinguish facts from fiction. Tarek Fatah is a Pakistan-born author and journalist who stays in Canada.Just a day before the iconic India-Pakistan cricket match, Fatah had tweeted a picture saying that Pakistan captain Sarfaraz Ahmed has brought out ""their 13th Man, a Mullah to bless the pitch for tomorrow's match against India"".The picture he shared was featuring Sarfraz Ahmed, Micky Arthur, and former Pakistan cricketer Inzamam-ul-Haq. ",real,Neha Nair
"Amid protests against the Citizenship (Amendment) Act and National Register of Citizens in parts of the country, a picture is going viral on social media of policemen holding posters against the government decisions.",real,Kunal Verma
"There's nothing new in Bollywood's connection with Indian politics. But if stars from the Mumbai Tinseltown are seen campaigning for election candidates in Pakistan, that surely is going to raise eyebrows on both sides of the border.And it did when a poster showing Bollywood icons Amitabh Bachchan and Madhuri Dixit circulated on social media recently. This colourful banner carried images of younger-looking Bachchan and Dixit on its sides, with the cricket bat symbol of Imran Khan's Pakistan Tehreek-e-Insaf (PTI) in the middle.The poster has gone viral on social platforms, unleashing rumours that the flamboyant Pakistani politician has roped in Indian superstars for the July 25 election campaign.It also had pictures of two unknown people, with Urdu captions below identifying them as Sardar Abbas Dogar and Sardar Owais Dogar.To the casual eye, it leaves an impression that one of the Dogars was probably a candidate. The header reads like a catchy election couplet in Urdu: ""Main Jhukha Nahin, Main Bika Nahin, Kahin Chupp Chuppa Ke Khada Nahin. Jo Dattey Huey Hain Ladai Ke Maidan Me Mujhe Un Logon Mein Talash Kar"".According to many Twitter users, the poster originated from the Pakistani city of Multan.A PTI candidate has pics (apparently a couple of decades old) of Amitabh Bachchan and Madhuri Dixit on his election poster pic.twitter.com/bzDGchEAvW Amitabh Bachchan and Madhuri Dixit have made it to #PakistanElections. Photo via @amarguriro pic.twitter.com/LxWfK70dqK', '', '', 'Amitabh Bachchan and Madhuri Dixit have made it to #PakistanElections.#___#sindhkiawazppp#ikramullahgandapur#cokestudio11 #MondayMotivaton pic.twitter.com/t3f4Ep20Hl",real,Kunal Nair
"A few things remain constant at every Kumbh Mela- mood, colour and crowd. What comes out of the world's largest fair is a plethora of stories and colourful pictures, both on mainstream media and the social media.Under hashtag #KumbhMela, a collage of pictures posted by user @KrrisshYadhu promoting the ongoing mega event in Prayagraj has gone viral on social media.This post has three images of foreigners in traditional Indian attire performing some Hindu rituals. The user posted them saying, ""Dear missionaries, see here... we didn\'t give any book or money to convert the people forcefully... Hinduism is beyond your imagination...#KumbhMela.""Dear Missionaries, see here... we didn't give any book or money to convert the people forcefully... Hinduism is beyond your imagination... #KumbhMela pic.twitter.com/CUQbuhMplx"",Hundreds of people have shared this Facebook post, believing these images are from the ongoing Kumbh Mela.The same post has been shared on Facebook page, 'India Against Presstitutes', which has more than 5 lakh followers.",real,Vikram Das
" recent video of Chhattisgarh Cabinet minister Mohammad Akbar has gone viral for not saluting the tricolour during the national anthem. Netizens targeted the minister, even branding him ""anti-national"".A Twitter user, Sameer Maheswari, posted this 1.14 minute-long video from a Republic Day function in Chhattisgarh. Along with the video, he wrote a message saying, ""Yeh hai Chhattisgarh Congress ke mantri Mohammad Akbar ji jinhone tirange ko salami dena bhi uchit nahin samjha (This is Chhattisgarh Congress minister Mohammad Akbarji who didn\'t find it improper to not salute the tricolour). The video bears the logo of \'Hamarkhabar.com\'.', '', '. .. pic.twitter.com/nAqFpsbYkD', This tweet was liked by more than a thousand people and retweeted nearly 900 times at the time of filing this article. Many users condemned the Congress minister for not saluting the national flag.The same post was shared by several users on Facebook as well.Dainik Bhaskar reported that Chhattisgarh BJP demanded an apology from the Congress minister for not saluting the national flag.",real,Nandini Verma
"The entire country is celebrating the return of Wing Commander Abhinandan Varthaman after he was released by Pakistan on Friday. Amidst this, some self-proclaimed Bharatiya Janata Party (BJP) members started sharing a video showing huge celebrations after the entry of Abhinandan in Indian border. Look how People are happy with #ModiNiti Reaction of Indians when our Jawan Abhinandan enters in India. pic.twitter.com/M5NQN4slG2 The archived version can be seen here.
 ",fake,Karan Verma
"The Shiv Sena, along with the NCP and Congress, has managed to cobble together a coalition government in Maharashtra over the last week. Though many social media users have termed the arrangement opportunistic and attacked the Sena for backstabbing its 30-year-old partner BJP, some have given a communal twist to unrelated events and linked them with the government formation. On Twitter, a video is going viral showing policemen distributing tasbih’ (a string of beads) to Muslims on a street. Taking a dig at the Uddhav Thackeray government, political commentator Madhu Purnima Kishwar tweeted the video along with a caption in Hindi, which translates to, Secularism starts. Wave of secularism sweeps Maharashtra soon after swearing-in. Police are calling people and distributing tasbih after Friday prayers outside Kausa masjid in Mumbra. Jai Maharashtra. pic.twitter.com/ME0TlUSJjc ",real,Sameer Kapoor
"Did Prime Minister Narendra Modi possess a digital camera and use email way back in 1988? Since the time he said this in a TV interview on Saturday, a big debate has been raging on social media about the veracity of this claim.Modi was giving an interview to 'News Nation' when he made the claim. Modi said in Hindi: ""I first used a digital camera, probably in 1987 or 1988 and very few had emails at that time In Viramgam tehsil, there was a rally of Advani ji so I had taken a photograph of him using that digital camera that time digital cameras were this big (movement of hands) I had one I had taken the photo and transmitted it to Delhi and the next day the coloured photo got published so Advani ji was surprised, how come the coloured photo got published the very next day in Delhi!""Viramgam, which the PM referred to, is a tehsil in Ahmedabad district of Gujarat. ",real,Karan Gupta
"The devastating floods in Kerala have caused a loss of more than 350 lives. Various agencies have been deployed for rescue, including the Indian army and the NDRF. The work done by these agencies to put life back on the track during heavy flooding is being applauded widely online and offline. But then, there's an image circulating on social media that shows men in uniform standing and eating food on banana leaves. The message along with the photo reads ""No time to sit and no complaints! The real heroes #Keralafloods"". The photo has also been shared by Dr. Palak Verma, national secretary of the Indian Youth Congress and Kantu Agasthya, a political correspondent at TV9 Telugu. No time to sitNo complaints!!The Real Heroes #Keralafloods#KeralaFloodRescue pic.twitter.com/3ODDKyA59d No time to sit, and no complaints !The real heroes everywhere #Keralafloods #KeralaFloodRescue pic.twitter.com/yuC1jzXIWv 

But not everyone was convinced that the image depicted Indian troops. Rajorshi Aditya, a social-media user, warned: ""Dont take me otherwise or start trolling me either but I think that this photo needs verification"". Salish George wrote, Dont spread fake images, its not Indian army."" ",real,Rahul Trivedi
"Social media is deluged with posts related to the ongoing India-Pakistan tension. A Facebook page called 'Voice of Pashtun' has posted a video of heavy firing, claiming it to be of ""the current war going on in Pakistan's Sialkot region"". ",fake,Riya Gupta
"An image of Microsoft founder and US billionaire Bill Gates with his daughter Phoebe Adele is going viral on social media with the claim that he gave a tip of $5 to a waiter because he is the son of a woodcutter. The claim says: Bill Gates in a restaurant. After eating he gave $5 to the waiter as a tip The waiter had a strange feeling on his face after the tip. Mr. Gates realized and asked, 'What happened?' Waiter: ""I am just amazed because on the same table your daughter gave tip of $500 and you her father the richest man in the world gave just $5?"" Gates smiled and replied: ""She is the daughter of the world's richest man, but I am son of a wood cutter."" Never forget your past, it's your best teacher! ",real,Aisha Bose
" A photo which is doing the rounds on social media claims that alleged fugitive and businessman Nitin Sandesara is a friend of BJP biggies - Home Minister Rajnath Singh and BJP president Amit Shah. Gujarat-based businessman Sandesara is the owner of pharma giant Sterling Biotech. He is the prime accused in the Rs 5,000-crore bank fraud case and fled the country. The Congress supporter Facebook page, 'With INC', uploaded a photo in which a man is seen posing with Singh and Shah. A message put up with the picture states: ""5700 crore rupye ka chuna lagakar Nigeria bhagne vala # Nitin _Sandesara kiska dost hai . isliye media khamosh hai."" This Facebook page, which has got nearly eight lakh followers, has triggered a controversy on social media with many claiming the person in the picture to be Sandesara. The photo has already been shared more than 18,000 times. ",real,Arjun Das
"Amid nationwide protests against the Citizenship (Amendment) Act, a photo showing a large number of people under a flyover is spreading like wildfire on social media with the claim that it is a protest against the Act in Mumbai.",real,Karan Joshi
"The video is from Brazil where police arrested an intoxicated man for threatening officers with a knife. The video was published on Facebook  here  on March 22, 2020. The video, which includes superimposed text that reads ""Caarona Update"", has since been viewed more than 957,000 times.   The post's Urdu-language caption translates to English as: ""Pakistanis do not take it as a joke. See what is happening in Italy and learn a lesson. When the virus started spreading in Italy, the government said to keep distance, but neither the government nor the people took it seriously and now when the virus has spread, this distance is being maintained like this forcibly.""   Below is a screenshot of the misleading Facebook post:  The same video was shared thousands of times alongside a similar claim on Facebook  here ,  here  and  here ; and on Twitter  here ,  here ,  here ,  here  and  here .   ",real,Yash Nair
"News blogs, pest control services and social media posts falsely allege that the reptilian species carry deadly bacteria. Multiple online posts shared thousands of times urge people to remove geckos from their homes because they are allegedly dangerous and carry deadly bacteria. The claim is false and experts say not only are geckos safe, but they control the spread of insects and bugs that are otherwise a domestic nuisance. Although the claim varies from post to post, the message is essentially the same: wall or house geckos should be killed because they are dangerous. This danger supposedly stems from geckos carrying lethal germs.    Take this Facebook post  here , shared more than 42,000 times, which warns that toothbrushes left out overnight are at risk of ""toxic"" bacterial contamination if licked by a ""lizard"". The image it uses is of a gecko.   Another version of the claim  here  describes how an unnamed family from an undisclosed country supposedly died after eating soup that contained the remains of a gecko which had climbed into the pot where its poison ""leached"" into the food.         A screenshot taken on March 4, 2020, from a website that claimed a family died from eating soup poisoned by a gecko Meanwhile, posts like these  here  and  here  cobble these versions of the claim together and add a third -- that geckos crawl into kettles and poison the water.         A screenshot taken on March 4, 2020, from a Facebook post that claims geckos can also poison kettle water      Finally, these two pest control businesses  here  and  here  offer equally strident views about the dangers of geckos and advise they be eradicated.",real,Karan Bhatt
"More than ten websites carry story on #JackSparrowIsKrishna quoting Pirates of the Caribbean screenwriter. But BOOM finds no original source of the quote.   Over the last few days, a hashtag  #JackSparrowIsKrishna  trended on Twitter and Facebook. This hashtag originated from Indian media reports  which said the fictional character Captain Jack Sparrow of Disney's Pirates of the Caribbean franchise, played by Johnny Depp, was based on Lord Krishna. These reports have attributed this information to Ted Elliot, one of the screenwriters of the hit movie franchise that first released in 2003.   #JackSparrowIsKrishna  : Biggest confession of Hollywood, one of the biggest Franchise characters Jack Sparrow of Pirates of the Caribbean has been inspired by our very own Lord Krishna, confirms writer Ted Elliott.  pic.twitter.com/KT6zHT2FmK  Himesh (@himeshmankad)  September 25, 2018   Several media houses including The Times of India, Deccan Chronicle, Times Now, News 18, Firstpost, DNA, ABP, JanSatta, IB Times and Amar Ujala have reported this with a quote attributed to Ted Elliot which goes like this,    ""Jack Sparrow's character in Pirates of the Caribbean is one of the most integral part of the film. The characterization of Sparrow is based on Lord Krishna who is a major deity in Hinduism. While writing the character sketch of Jack Sparrow, we referred to the description of Lord Krishna, various shades of the Almighty, which helped us a lot in making the whole character of Jack Sparrow into existence. ""   While all these reports have based their stories on this alleged recent revelation by Elliot, none of them have cited an original source. Nor have they linked it to any reports which give information of when and where Elliott said this. None of the usual reporting procedures have been followed in any of these stories where the quote is attributed to a source that can be traced back and examined.   How media houses followed the Chinese Whispers model to report the alleged revelation   The Times of India's Entertainment Times followed by Deccan Chronicle published their articles on September 23, 2018 without a source and the rest followed by either citing them or by just using the quote without attributing it. TOI's and Deccan Chronicle article looks more or less the same with minute changes in the first paragraph.   The  TOI  article said,  Did you know? Jack Sparrows character in Pirates of the Caribbean was inspired by Lord Krishna.  The  Deccan Chronicle  had the headline,  Unkown! Jack Sparrow's Pirates of the Caribbean character is inspired by Lord Krishna.  Two other websites  Business of Cinema  and  Pop Diaries   had published similar articles on the same day.   ",real,Meera Chawla
"The US President and hopeful Biden have falsely been quoted about COVID-19 on a line from the American writer's letters. Facebook posts shared tens of thousands of times claim that US President Donald Trump or presidential candidate Joe Biden referred to the novel Coronavirus pandemic as a time when ""people are dying that have never died before."" This is false; there is no record of either man saying this, and letters from Ernest Hemingway show the phrase can be traced to the famed US author. ""Trump just said 'people are dying that have never died before,'"" a  series  of Facebook posts from mid-March 2020 claim, apparently referring to the COVID-19 pandemic.  Several   posts  specifically claim that the quote was said on March 17, 2020.       Screenshot of a Facebook post taken on March 29, 2020     Later in the month,  Facebook posts  attributed the same quote to Biden, while a  second post , more broadly targeted at Democrats, claimed Biden said: ""People will die, who have never died before.""          Screenshot of a Facebook post taken on March 29, 2020     In both cases, dozens of Facebook posts were shared tens of thousands of times in a matter of days.   However, there is no evidence to suggest that the current president or the former vice president said those words.    Trump   Trump's  schedule  for March 17 shows only one official press briefing was held that day. C-SPAN, a nonprofit television network that broadcasts US public affairs, published videos of the  full press briefing  as well as a  meeting  Trump held with tourism industry executives directly afterwards.    A word search of transcripts from the events ( here  and  here ) for the phrase ""people are dying"" shows no results.   A search  for the same words through the president's Twitter account, which he frequently uses to communicate, finds only one tweet, which said : ""PEOPLE ARE DYING, MOVE FAST, and GOD BLESS EVERYONE!""   Biden   Although the Facebook posts attributing the quote to Biden do not specify the date when the presidential hopeful allegedly said it, they came after those attributing the quote to Trump. The earliest mention found by AFP ",real,Sameer Sharma
"The message links food items commonly associated with a cold to the Coronavirus in China A viral message urging people to avoid ice creams and cold drinks for the next 90 days to prevent the novel Coronavirus is misleading. The recent outbreak of the virus in China and the subsequent spread of it to other nations has led to the dissemination of misinformation surrounding the virus.  The message states that the deadly virus that China is facing may come to India soon and that people should avoid consuming ice creams, milkshakes, cold drinks, and milk sweets for the next 90 days to protect themselves from the spread of the Coronavirus. BOOM received the same message multiple times on its helpline to check for the veracity of the text. Coronavirus has been misspelled as Koronavirus in the messages.  The message is also viral on Facebook with the same claim.  ",real,Sameer Sharma
"Videos claiming breathing deeply in these hot locations will kill the novel Coronavirus have been viewed widely online. A video viewed hundreds of thousands of times claims that breathing in hot air from a hair dryer or in a sauna can prevent or cure COVID-19. This is false; an expert in coronaviruses said these methods would not be effective, while a cell biologist said there is no evidence the virus can be treated via heat. The video appears  here ,  here  and  here  on Facebook and was widely  viewed here  before YouTube removed it for violating its standards. But it still exists  here  and  here  on the site, asserting that people can kill the novel coronavirus by breathing in hot air in a sauna or desert environment.   ""Breathing deeply for just a few minutes in any of these hot locations will kill a high percentage of any coronavirus that happens to be invading the upper respiratory system. And a second or third exposure about an hour apart will kill the rest,"" says the video's narrator.         A screenshot of a video taken on March 19, 2020     ""No desert or sauna available? No problem. The common, widely available hand-held blow dryer, used for drying hair, contains a heating element and a fan that instantly deliver forced hot air temperatures that will kill coronavirus even faster,"" the speaker says. ALSO READ:   Do Major Disease Outbreaks Always Coincide With US Election Years?     A screenshot of a video taken on March 19, 2020     The narrator is identified as Dr. Dan Lee Dimke.  This website  says a person by that name has a PhD in education -- a description also repeated in an ""About the Author"" section on  Amazon .   ""Conquer the Common Cold & Flu"" -- which the video says first proposed the hair dryer method in the 1980s -- is listed  here  as one of Dimke's works.   Dr. Benjamin Neuman , an expert in  coronaviruses  who chairs the Biological Sciences department at Texas A&M University-Texarkana, said the sauna, desert and hair dryer methods would not be effective. ALSO READ:   What Are The Stages Of A Pandemic? How Did COVID-19 Become One?   ""Breathing from saunas or a hair dryer would not have any effect on preventing or treating coronavirus, and both are downright weird,"" Neuman told AFP by email, adding that relying on desert air for that purpose is ""equally insane.""   ""There isn't any strong evidence connecting environmental temperature to the transmission of coronavirus -- it's more about how long you spend in close proximity to an infected person,"" he said.   ""I could think of as many reasons why it would potentially exacerbate an infection as reasons why it might help.""   Dr. Karine Le Roch  -- a professor of cell biology at the University of California, Riverside -- echoed Neuman's analysis. ALSO READ:  7 Things The Coronavirus Fears? Thai Paper Publishes Misleading Re port   ""So far there is ABSOLUTELY no evidence that the COVID-19 virus can be treated via heat,"" Le Roch told AFP by email.   Regarding using a hair dryer, ""there is ABSOLUTELY no scientific evidence that it can prevent you from catching COVID-19 or treating the novel coronavirus,"" she added.   The World Health Organization (WHO)  says  current evidence indicates that the novel coronavirus ""can be transmitted in ALL AREAS, including areas with hot and humid weather.""         A screenshot taken on March 19, 2020     None of the methods advocated in the video appear on the WHO's  page  offering advice to the public about the virus.    The US Centers for Disease Control and Prevention (CDC) says on its novel coronavirus frequently asked questions  page : ""It is not yet known whether weather and temperature impact the spread of COVID-19.""   None of the methods suggested in the video appear on the CDC's  page  on how to protect against the virus, nor  this page  about caring for yourself if you are sick. ALSO READ:  No, Refugees In Malaysia Are Not Resisting COVID-19 Testing     The novel coronavirus originated in China in late 2019 but it has spread globally, killing  more than 9,000 people , wreaking economic havoc from Asia to Europe and the United States in a public health crisis that governments are struggling to halt.   AFP ",real,Riya Joshi
"Inaccurate image viral, the year of discovery or spread of disease do not correspond with the presidential election. Facebook posts shared thousands of times claim US election years coincide with major disease outbreaks. These claims are misleading; several years of discovery or the associated spread of a disease do not match election years, national and international health organizations said. The posts -- including those  here ,  here  and  here  -- claim that the novel coronavirus, which emerged in China in late 2019 and has since become a global pandemic, is the latest example of a major disease outbreak occurring in the same year as a US election.   Americans will vote to choose their president as well as members of the House of Representatives and some US senators in November.          A screenshot taken on March 18, 2020     Another  version  of the claim says ""Posted at a Doctors office today,"" showing a picture of a white board alongside outbreaks and years.",real,Sameer Malhotra
"The rival candidate for the Presidential nomination tweeted and deleted parodying quotes on dictators ""from"" Sanders. Mike Bloomberg's campaign tweeted and then deleted a series of fake Bernie Sanders quotes on dictators that parodied remarks by the Vermont senator, a rival for the Democratic presidential nomination. The tweets -- which have been archived  here  -- were described by the campaign as ""guesses"" about what Sanders thinks about various despots, taking aim at his actual comments on late Cuban leader Fidel Castro.         A screenshot taken on February 25, 2020 shows an archived version of tweets deleted by Democratic presidential candidate Mike Bloomberg's campaign     ""'Sure, Idi Amin ate people, but let's not forget he he was responsible for impressive growth in the agriculture sector' --- #BernieOnDespots,"" read one tweet. ""'Look, we all know Bashar al-Assad has committed countless war crimes against his own people, but let's not forget how he introduced paper recycling to reduce municipal waste! So, when you think about it, he's really kind of a hero!' --- #BernieOnDespots,"" said another. ",real,Simran Gupta
"BOOM found that the Indian Government and the WHO have not issued any advisory on not buying Holi colours from China A viral image stating that the World Health Organization and the Indian Government are cautioning citizens to not use Chinese products during Holi due to the recent Coronavirus outbreak in the country is false. The image has the Indian seal along with the message in Hindi along with attributing the message to the WHO. Few English words have been interspersed in the message too.  The Hindi message has multiple grammatical as well as spelling errors. The message translates to: Important announcement! Holi, which is going to be celebrated in a few days, is one of India's biggest festivals. In our country, most of the colours ( gulal) and other products come from China. Whatever you purchase thinking it is inexpensive and attractive is actually made from polymer and plastic. These plastic products are obtained from Hunei in China where the Coronavirus is rampantly spreading. We appeal that nobody should use products coming from China. (Translated from                                    |                  |           Hunei             |                ) BOOM received this image on its Whatsapp helpline with the request to verify its veracity.    This post has been viral with various different captions on social media.    Also Read:  Video Shows Chinese Policemen Killing Coronavirus Patients? FactCheck ",real,Manav Rana
"Viral Facebook post falsely suggests wearing the non-coloured side of the mask outside when you're not sick and want to prevent germs from getting in. A viral social media post claiming there is a 'proper way' to wear the three layered surgical mask commonly worn by medical professionals and that wearing the coloured side or the white side of the mask signal different things, is false and misleading. The viral graphic shows two people wearing masks with the text describing that the mask can be worn in two ways, both with the coloured portion outside as well as the white filter outside.  The message specifies which side to use when and it reads ""1. Colored side out if you're sick and do not want to spread your germs around. 2. White side out (this is the filter part) for when you're not sick and you want to stop germs from getting in"" BOOM spoke to a doctor who stated that the message is misleading. People have been wearing masks in India as well as abroad to protect themselves from polluted air and the recent air borne novel Coronavirus.  Also Read:  Boiled Garlic Water For Treating Coronavirus? Not Really BOOM received this image on its WhatsApp helpline to check for its authenticity.  The image is also quite viral on Facebook. You can find the archive of this post  here.   ",real,Ishita Nair
"The video is being shared as BJP workers thrashed when rallying support for the Citizenship Act. A video showing BJP leaders getting thrashed in the Northeast, is viral again with the claim that this is how they were treated for trying to garner support for CAA. The new caption states, acche din for BJP in northeast India. During the door to door campaign in the favour of CAA NRC NPR how the people welcoming BJP leaders. ",real,Arjun Gupta
"The internet is awash with conspiracy theories and fake news targeting Bill Gates even as he pushes for a COVID-19 vaccine. False claims targeting billionaire philanthropist Bill Gates are gaining traction online since the beginning of the coronavirus outbreak, with experts warning they could hamper efforts to curb the virus.   Doctored photos and fabricated news articles crafted by conspiracy theorists -- shared thousands of times on social media platforms and messaging apps, in various languages -- have gone as far as accusing the Microsoft founder of creating the outbreak.    Gates, who has  pledged $250 million  to efforts to fight the pandemic, is the latest in a string of online targets despite the World Health Organization's efforts to fight  what it called an ""infodemic""  -- misinformation fanned by panic and confusion about the virus.   In recent months,  5G networks  and Hungarian-American billionaire George Soros have also been blamed for creating COVID-19, which has killed more than 315,000 people around the world.       An article falsely claiming Bill Gates said a vaccine could kill nearly a million people     ""Bill Gates has always been a target of specific conspiracy communities,"" said Rory Smith, research manager at First Draft, a non-profit that provides research and training for journalists.       ""These conspiracies are powerful""       Gates -- whose eponymous foundation has spent billions of dollars improving healthcare in developing countries over the past 20 years -- has become ""a kind of abstract boogeyman"", said Whitney Phillips, an assistant professor at New York's Syracuse University, where she teaches digital ethics.    Similar allegations ""exploded"" between January and April, Smith told AFP. A  video  accusing Gates of wanting ""to eliminate 15 percent of the population"" through vaccination and electronic microchips has racked up nearly two million views on YouTube.   Exploiting the crisis   Since the start of the crisis, AFP ",real,Nandini Verma
"The viral post, meant to be a satire, shows Amit Shah holding a shoe in his hand while Arvind Kejriwal sits in the background with a sullen face. Both the pictures have been clicked separately A photoshopped image of Bharatiya Janta Party president Amit Shah and Delhi chief minister Arvind Kejriwal has gone viral with a caption which reads: If anyone makes a hue and cry over EVMs after 23rd, they will be thrashed with this shoe. (Hindi: 23      EVM  **         )  ",real,Riya Joshi
"The fake advisory said to be issued by the government that banned mall and hotel visits was shared on social media. A purported Philippine government advisory has been shared hundreds of times in multiple posts on Facebook and Twitter which claim it lists shopping malls and hotels in the Philippines that the Department of Health advises against visiting during the novel coronavirus epidemic. The claim is misleading; the Philippine Department of Health said the purported advisory is ""fake"". The image was published in  this  Facebook post published March 10, 2020. It has been shared almost 900 times.   Below is a screenshot of the misleading post:         Screenshot of Facebook post     The post's Tagalog-language caption translates to English as: ""Guys this is legit. Be aware and keep safe . This was not Yet released by DOH . / Source from my Friend, who works at DOH."" ALSO READ:  Coronavirus LIVE Update: India Records First Death   The text in the image lists five shopping malls and four hotels in the Metro Manila area that should be avoided. It reads: ""Guys got this info where in DOH has started COVID19 tracing. Please avoid these locations:  ""Sm aura  ""sm moa  ""sm megamall  ""Evia  ""glorietta  ""sofitel  ""shang mkati  ""solaire hotel  ""Belmont hotel  ""These are where those who tested positive for NCOVid 19 went. This is very confidential and not yet released by DOH as of today they have discovered 11positive individuals and they went here. 162 cases already here in taguig boss lackdown all bars in bgc right now,..""   The novel coronavirus, COVID-19, was  declared  a pandemic by the World Health Organization on March 11, 2020.    Since emerging in the central Chinese city of Wuhan in late last year, the new coronavirus has infected more than 125,000 people and killed 4,600 globally, according to  this  AFP report dated March 12, 2020.",real,Rahul Trivedi
" The hospital, which was founded by PM Imran Khan, denied charging a fee, saying that eligible patients have been tested for free The claim was shared more than 5,400 times since being published on Facebook  here  on March 16, 2020.   Post's Urdu text graphic translates to English as: ""Wasn't Shaukat Khanum a charity institution......? Then why is the coronavirus test fee of 9,000 rupees being charged ?""    Below is a screenshot of the misleading Facebook post:          Screenshot of the misleading Facebook post     A similar claim was also made on Facebook  here ,  here ,  here  and  here  and on Twitter  here ,  here  and  here .  ",real,Anjali Kulkarni
" Posts falsely claim that a WHO report states that no vegetarian has contracted COVID-19. Multiple Facebook and Twitter posts shared hundreds of times claim the World Health Organization (WHO) reported that no vegetarian has contracted the novel coronavirus. The claim is false; the WHO denied issuing the report; as of May 2020, health experts have said there is no scientific evidence to suggest that a vegetarian diet prevents infection from COVID-19. The claim was made in a text graphic published on Facebook  here  on March 14, 2020. The Hindi text translates to English as: ""Not a single vegetarian has contracted coronavirus in the entire world: WHO Report. Amazing Sanatana Dharma. Hail Hindutva."" Below is a screenshot of the misleading Facebook post:       Screenshot of the misleading Facebook post     The terms "" Sanatana Dharma "" and ""Hindutva"" both refer to aspects of Hinduism, which promotes a vegetarian diet.   Similar claims were also shared on Facebook  here ,  here ,  here  and  here ; and on Twitter  here ,  here ,  here  and  here .",real,Sameer Sharma
"The new virus strain has no vaccine yet and differs from the coronavirus that affects cattle and canine. Facebook posts claim that the novel coronavirus is not a new disease, showing photos of vials of coronavirus vaccines for animals as evidence. This is false; coronaviruses affecting cattle or canines differ from the new virus strain affecting humans, for which no vaccine exists. ""America has been vaccinating cattle for coronavirus for years, yet the news tells you it's new and gunna kill you,"" reads the caption of a  Facebook post  featuring a photo of a vial of bovine rotavirus-coronavirus vaccine.   Similar points were made in Facebook posts  in French  and  in Spanish .         Screenshot of a Facebook post taken on March 18, 2020     Another post  makes a similar point, but with a vial of canine coronavirus vaccine. ALSO READ:   No, A US Soldier Didn't Wipe His Saliva On A Subway Train In Wuhan   ""Can anyone explain to me why they made a Corona virus vaccine a year ago for K9s but are acting like this shit is a new virus,"" the Facebook user wrote.         Screenshot of a Facebook post taken on March 18, 2020     The cattle vaccine in the first post is  ScourGuard 4K , manufactured by Zoetis, an animal health company, and is unrelated to the novel coronavirus, or COVID-19, that is affecting humans. ALSO READ:  Can Bathing In Hot Water Prevent COVID-19?   Christina Lood, a spokeswoman for Zoetis, told AFP by email that the vaccine cannot be used on humans or to prevent COVID-19.   ""ScourGuard 4K is for the vaccination of healthy, pregnant cows and heifers as an aid in preventing diarrhea (scours) in their calves caused in part by bovine coronavirus,"" Lood said.   Stephen Cole , an assistant professor of microbiology at the University of Pennsylvania School of Veterinary Medicine, told AFP by email that  coronaviruses  are a large family of viruses that can infect different species and cause different symptoms. ALSO READ:   Can Bitter Gourd Help Cure Coronavirus Within Two Hours?   ""The actual name of the virus that causes COVID-19 is SARS-CoV-2, whereas the coronavirus that the cattle vaccine is for is called BCV or BCoV,"" Cole said.    ""They are different viruses and therefore the same vaccine would not likely work,"" Cole explained.   According to  the Friedrich Loeffler Institute, Germany's institute for animal health, there is currently no evidence that farm animals can contract the novel coronavirus.   Canines   The vaccine in the second photo is Canine Coronavirus Vaccine, Killed Virus --  a product  for dogs that is manufactured by Boehringer Ingelheim Animal Health USA.   Cole told AFP that vaccines for coronaviruses affecting dogs, CCV or CRCoV, would likely not work across species either.   To illustrate his point, Cole pointed out that although the virus that causes  distemper  in dogs belongs to the same virus family that causes measles in humans,  morbiliviruses , different vaccines are used to prevent these two diseases.     There is no evidence that dogs and other pets can transmit COVID-19, according to the  World Health Organization  (WHO).   ""Possible animal sources of COVID-19 have not yet been confirmed,"" the agency stated on its coronavirus information page.   The US  Centers for Disease Control and Prevention  (CDC) adds that to date, it has ""not received any reports of pets or other animals becoming sick with COVID-19.""  ALSO READ:   False: Salt Or Vinegar Warm Water Gargle Eliminates The Coronavirus   AFP  reported  that the first human trial to evaluate a candidate vaccine against the new coronavirus began in the US city of Seattle on March 16.   On March 18, 2020, WHO chief Tedros Adhanom Ghebreyesus  called  on all countries to use a comprehensive approach and focus on slowing down transmission and flattening the curve, or keeping the number of cases at a manageable level by engaging in social distancing.   ""This approach is saving lives and buying time for the development of vaccines and treatments,""  he told  journalists during a virtual press conference.   As of March 18, there were 7,038 confirmed cases and 97 deaths related to the coronavirus in the United States, according to the  CDC .   AFP ",real,Aisha Rana
Health Ministry clarified that no such office memorandum has been issued by them Office memorandum regarding the declaration of holidays in four states by MOHFW due to COVID-19  ,real,Aditya Agarwal
"No scientific evidence available that states boiled ginger can definitively relieve people of the viral infection Multiple posts on Facebook shared tens of thousands of times during the ongoing novel coronavirus epidemic in February 2020 claim ginger can ""cure"" coronavirus infections if it is boiled and consumed on an empty stomach. The claim is misleading; health experts say there is no scientific evidence boiled ginger can definitively relieve people of the viral infection, and the World Health Organisation (WHO) advised those showing symptoms to seek immediate medical help, instead of testing home remedies. This  Facebook post was published February 1, 2020, as the death toll and number of infections of COVID-19 continued to surge in and outside mainland China.    Below is a screenshot of the post, which has been shared more than 38,000 times:   Screenshot of Facebook post   Published alongside a stock photo of a ginger root, the lengthy post states in part: ""Cure for coronavirus  In case you contract this.. don't eat for 24 hours. And boil ginger and drink it like water but it has to be hot... You will drink it for 3 days continuously.   ""Ways to boil ginger  Boil according to your taste because this is pungent. But better if you boil a lot so the virus dies faster.""   The post says that drinking hot liquid works because ""coronavirus is a virus that lives only in cold weather... It is unlikely they'll live in warm weather Remember that all kinds OF coronavirus only live in cold weather.""   Similar claims have also been shared  here ,  here  and  here  on Facebook.    ",real,Sameer Kapoor
"Old videos of African people being attacked in China are being shared with COVID-19 claims. Videos showing black people being attacked by Asians have been shared thousands of times online in recent weeks. Although Africans living in China have reported discrimination linked to the coronavirus pandemic, AFP ",real,Sameer Sharma
"The company said the vaccine still requires human testing and will not be made available until at least the end of 2020. A television news report about a US biotech company has been viewed thousands of times on Facebook alongside a claim that the company successfully created a vaccine for the novel coronavirus, COVID-19, within ""three hours"". The claim is misleading; the US biotech company said the vaccine still requires human testing and will not be made available until at least the end of 2020. The video was shared on Facebook  here  on March 6, 2020. The post has been shared more than 2,100 times.   The news report features superimposed text that reads: ""San Diego Lab Discovers COVID-19 vaccine in three hours. Thanks God"".   The post's Thai-language caption translates to English as:  ""Isn't it amazing?   Which came first: the chicken or the egg?   Have you heard of drug efficiency testing in mice?  America discovered a vaccine that can cure COVID-19 within three hours.""   Below is a screenshot of the misleading post:       Screenshot of the misleading Facebook post     The post refers to a possible COVID-19 vaccine being tested by US pharmaceutical company  Inovio .   As of March 22, 2020, COVID-19 has killed more than 13,444 people and infected 306,130 others worldwide, according to  this  AFP report.   A similar claim was also shared on Facebook in Thai  here ,  here ,  here ,  here  and  here ; and in English  here .",real,Karan Gupta
" Video was available online months before the coronavirus outbreak A video shared hundreds of times on social media purports to show people running from a Chinese man who collapsed in Mauritania. The claim is false; the footage was shared online months before the start of the novel coronavirus epidemic. The footage has been shared on  Facebook ,  Twitter  and  Instagram  in several languages, including  English ,  French  and  Arabic .   ""A man collapsed on the street of the capital of Mauritania. People rushed to help him only to realise he is a Chinese,"" reads the caption on a  tweet  shared more than 700 times since February 8.      A screenshot of the video shared on Twitter, taken on February 18, 2020 ",real,Varun Agarwal
"The viral image from a three decades old Class 12th textbook of Coronavirus treatment is not for the new COVID-19 strain. A photo has been shared repeatedly in multiple posts on Facebook and Twitter alongside a claim that an Indian textbook published more than three decades ago lists possible treatments for COVID-19 patients. The claim is misleading; the textbook refers to coronavirus as a family of viruses, not the new strain detected in the Chinese city of Wuhan in late 2019. As of April 15, 2020 the World Health Organization (WHO) says no specific medicine has been discovered which will treat or prevent COVID-19. he photo was published on Facebook  here  on March 22, 2020.   The image shows a section of a Hindi textbook titled ""common cold"" that includes the Hindi words for ""coronavirus"" underlined in red. The section also lists ""aspirin, anti-histamines and nasal spray"" as recommended medicines to treat the virus.    Below is a screenshot of the misleading post:           The post's Hindi-language caption translates to English as: ""I've searched for many books to find a cure for COVID-19, but I found the cure in a class 12 school textbook. This is not a new disease, it's been here for years mentioned in this textbook. Sometimes it happens that people look for cures in well-researched books but forget to check school books. Book name: Modern Zoology by Dr Ramesh Gupta.""   The photos were also shared alongside a similar claim on Facebook  here  and  here  and on Twitter  here  and  here .",real,Sameer Pandey
"The photo with false claims is originally from 2014, after VP Masoumeh Ebtekar was injured in a traffic accident. A photo has been shared hundreds of times in multiple Facebook, Twitter and Weibo posts published in February 2020 which claim it shows Iranian senior officials visiting the country's vice president after she contracted the novel coronavirus. The claim is false; this photo has circulated in reports since at least 2014 about Iran's Vice President Masoumeh Ebtekar being injured in a traffic accident, at least five years before the outbreak of COVID-19 in the Chinese city of Wuhan; and the Iranian Embassy in China also clarified the context of the photo in a post on its official Weibo account. The photo was published  here  on Facebook on February 29, 2020. It has been shared more than 80 times.   The post's traditional Chinese-language caption translates to English as: ""Eight high officials in Iran visited the vice president who has been diagnosed with novel coronavirus, all not wearing masks, does that mean all of them will be infected?""    Below is a screenshot of the misleading Facebook post:         Screenshot of the misleading Facebook post     Iran has reported a surge in the number of confirmed cases of the novel coronavirus in the country, as reported  here  by AFP on February 29, 2020.   Several senior officials including Masoumeh Ebtekar, one of Iran's twelve vice presidents, was reported to have been infected.  ALSO READ:  Old Photo Revived As Thailand University Students Protesting In 2020   The photo was also shared  here  on Facebook,  here ,  here  and  here  on Twitter, and  here  and  here  on Weibo, with a similar claim.",real,Aman Malhotra
" BOOM spoke to Javed Akhtar who rubbished a provocative fake quote that questioned the uproar over the desecration of a temple in Delhi. A Hindi quote attributed to veteran lyricist and poet Javed Akhtar that questions the uproar over a temple in Delhi being vandalised recently, is fake.       The provocative statement, which has a line from poet Akbar Allahabadis ghazal, falsely ascribes the same to Akhtar.        The misleading graphic, which has used an image of Akhtar, alludes to a recent incident where a temple in Delhi's Hauz Qazi area was vandalised allegedly by Muslims. The area has become a communal flashpoint after a fake news fuelled a brawl over parking between a Muslim and Hindu resident of the area.       READ MORE: How Fake News Turned A Parking Brawl At Delhis Hauz Qazi Into A Communal Flashpoint       The fake quote was shared on the page ' WE SUPPORT NARENDRA MODI ' and had close to 260 shares at the time of publishing.       It translates to, ""why is there such a hue and cry? Lifeless idols have been destroyed. Neither has anyon",real,Simran Chawla
"The man in the video, is not a member of any political party but is an employee at a private firm ""Congress MLA- Anil Upadhyay spoke the truth unknowingly, make this video so viral so that the full country can see""   (Translated from -              video          )  Fact ",real,Kunal Nair
" The August 2019 video captures a funeral procession for pilgrims who died during the annual Hajj pilgrimage to Saudi Arabia. A video has been viewed thousands of times on Facebook and Twitter alongside a claim that it shows bodies being removed from a hospital in Iran during the novel coronavirus pandemic. The claim is false; the video has circulated in reports since at least August 2019 about a funeral procession for pilgrims who died during the annual Islamic pilgrimage to Saudi Arabia's Grand Mosque. The two-minute and 22-second video was published on Facebook  here  on February 27, 2020. The video has been viewed more than 3,600 times.   Below is a screenshot of the misleading post:         Screenshot of misleading Facebook post     The post's Hindi-language caption translates to English as: ""This is a scene outside a hospital in Iran. Please convey this to the people who cannot stay at their homes even these days.""  ALSO READ:   No, Singapore Is Not Fining Those Flouting Social Distancing Rules   The caption makes reference to the Indian government's decision to impose a  three-week nationwide lockdown  in an attempt to curb the spread of  COVID-19 , the disease caused by the novel coronavirus.   The video was also shared alongside a similar claim on Facebook  here ,  here ,  here  and  here  and on Twitter  here ,  here ,  here  and  here . Similar posts in English were published on Facebook  here  and  here  and on Twitter  here .",real,Anjali Pandey
"The video is originally from September 2017 capturing a man breaking into a shop in Poland. A video of a man breaking windows has been viewed tens of thousands of times in multiple posts on Facebook alongside a claim it shows a man who smashed a mosque's windows in England because he ""hates Islam"". The claim is false; the video has circulated in reports about a man who broke a shop's windows in Poland in September 2017. The 45-second video was published  here   on Facebook on February 14, 2019. It has been viewed more than 84,000 times and shared more than 1,700 times.    The post's Indonesian-language caption translates to English as: ""A Man In England Who Hates Islam Broke Mosque Windows, But Allah Directly Punished Him. Watch The Video Until the End.""    The Indonesian-language text superimposed in the video is the same as the caption.    Below is the screenshot of the misleading post:          Screenshot of misleading post     The same video has been shared on Facebook since 2017  here ,  here   and  here , where it has been viewed more than 40,000 times.  ALSO READ:   Have The US Postal Services Stopped Accepting Items From China & Hong Kong?     ",real,Aman Menon
"In an exclusive quote to BOOM, Raghuram Rajan rubbishes the fake quote circulating on social media about his alert on PNB scam File Pic: Raghuram Rajan, Former Governor, RBI   Former Reserve Bank of India (RBI) Governor Raghuram Rajan has rubbished a fake quote attributed to him that claimed he had warned Congress President Rahul Gandhi and former finance minister P Chidambaram about Nirav Modi and about financial irregularities at Punjab National Bank, during his tenure.   Rajan, who is currently at the University of Chicago Booth School of Business, has not spoken to the media so far about the Rs 11,400 crore fraud at Punjab National Bank ever since it made headlines on February 14   and roiled India's already stressed public banks sector.   Several readers sent BOOM an image of Rajan that was circulating on WhatsApp, along with a quote that attributed the following statement to him - ""I had warned Rahul Gandhi and P Chidambaram about frauds of Nirav Modi. But they forced me to remain quiet and kept approving the loans till May 2014. Why am I being blamed for the PNB scam now?.""     In an exclusive email response to BOOM, Rajan said, ""This is pure, utter rubbish, put out by motivated sources. You can say I said that, to anyone who wants to listen.""   BOOM looked for the quote on social media and found that several individuals believed it to be genuine. A few individuals shared the quote image that had fake news and propaganda website Postcard News' logo on it.   U were Governor of RBI Mr  #RaghuramRajan ! The way u did PC on Demonetization, u could hv done on it too..U shd hv resigned in protested!  pic.twitter.com/ziwApHDU4w  Meera Singh (@meeraremi11)  March 9, 2018   Is it True  #RaghuramRajan  had really warned  @OfficeOfRG   @PChidambaram_IN  ldrs Abt Magnitude of  #NiravModiFraud  then why Shamelessly  @INCIndia  Raising False Cries blaming  @narendramodi   @BJP4India  4 Misdeeds of Plunder. Appl  @HMOIndia  pl  @NIA_India  Investigate Jailing BigFishes  pic.twitter.com/toe9GucLLH  Col Som Sharma (@Voice_4_India)  March 10, 2018   How  @INCIndia  looted the nation ... ? ""I had warned  @OfficeOfRG  and  @PChidambaram_IN  about frauds of  #NiravModi . But they forced me to remain silent and kept approving the loans till May 2014. Why am i being blamed for the PNB Scame now""?- Raghuram Rajan, Ex-governor, RBI  pic.twitter.com/Hp850LFk1l  Lalitesh Kushwah (@KushwahLalitesh)  March 8, 2018     How To Identify A Fake Quote   While several users shared the fake quote, there were many red flags for discerning readers to spot the disinformation.   First, a simple Google search of the quote would have shown that there were no articles or links by any credible website. And it is implausible that Rajan would confess or exclusively speak to a fake news website such as Postcard News to defend himself. Read  here  how BOOM called out Postcard News in the past for creating fake quotes of Bollywood actors.       Secondly, it is unlikely that a media and technology savvy Bharatiya Janata Party would not use such a quote as ammo against the opposition. We searched BJP's official handle @BJP4India on Twitter and Facebook and have not seen them reacting to this politically explosive quote attributed to the former RBI Governor.   Thirdly, Rahul Gandhi who was Vice President of the Congress party during Rajan's tenure never held any ministerial post during the UPA's rule between 2004 to 2014. It is unheard of for an RBI Governor to warn a party leader about any banking fraud. And even if he did, to eventually talk about it publicly would be adding fuel to fire.   Finally, the post is replete with grammatical and spelling mistakes such as 'Ex Governer' and 'frauds'.   ",real,Aisha Sethi
"A viral social media image shows overgrown shrubs at a theme park in Malaysia during coronavirus lockdown is false. This  photo, posted on Twitter on May 2, 2020, has been retweeted more than 10,000 times.   The caption reads: ""escalator sunway lagoon"".       Screenshot of misleading tweet     Sunway Lagoon  is a theme park in Kuala Lumpur.    It has been closed since March 18, 2020, the day Malaysia  enforced  a nationwide lockdown in a bid to curb the spread of COVID-19. The lockdown has been  extended  until at least June 9, 2020.    The same image has also been shared on Facebook  here ,  here  and  here , alongside a similar claim.",real,Ananya Choudhary
" A three-year-old photo of a JNU student carrying an anti-Rashtriya Swayamsevak Sangh poster has been shared as part of the recent JNU protests. The photo shows a female student carrying a placard with the words, ""RSS Murdabad"" written on it.",real,Yash Saxena
"The image of a Saudi policeman has been doctored to remove two other people from the photo. An image of a person sitting near Islam's holiest shrine, the Kaaba in Saudi Arabia, has been shared repeatedly in multiple posts on Facebook, Instagram, Twitter and on online blogs. It was shared alongside a claim it shows a lone cleaner who was the only person permitted to sit around the Kaaba during the coronavirus lockdown. The claim is false; the photo has been doctored to remove two people standing near the Kaaba; the original image has circulated in media reports about a Saudi policeman praying at the Islamic shrine.   The image was published  here  on Facebook on April 11, 2020.   The Indonesian-language's post translates to English as: ""'The only person allowed to sit here !!   ""Not a king, not a minister, also not a Prince, he is the mosque's cleaner. Allah chose him over the others. Money, wealth, status, and family will not help you in the eyes of Allah.   ""So get rid of that pride and treat the less fortunate with kindness and affection !! Get rid of your arrogance and learn to be humble !!' (During Lockdown)"".   Below is a screenshot of the misleading post:       Screenshot of the misleading post     The Kaaba , a cube-shaped shrine covered with a black cloth, is located near the centre of the Great Mosque in Mecca and is considered Islam's holiest site.    The same image was also shared alongside a similar claim in other Facebook posts  here ,  here ,  here   and  here ; on Instagram  here ; Twitter  here   and  here ; and Indonesian media reports  here ,  here  and  here .    The image with a similar English claim was also shared on Facebook  here ,  here   and  here .  ALSO READ: No, Saudi Arabians Are Not Celebrating Lifting Of COVID-19 Lockdown   The claim is false; the photo has been doctored to remove two people standing near the holy shrine and the context of the photo has been misrepresented.     ",real,Meera Kapoor
"After US Congress proposed to forgive the agency's debt due to the COVID-19 induced economic crisis, memes from 2018 were revived. A dispute between Congress and the Trump administration over funding to help the United States Postal Service (USPS) through the novel coronavirus led tens of thousands of people to share an old Facebook post claiming that the agency is not losing money and has no debt. This is false; the USPS had a net loss of $8.8 billion in 2019, and its total liabilities exceed $97 billion, according to official disclosures. ""The USPS is not in debt. The USPS is not losing money."" These two statements, along with other assertions about the agency, were  shared  in  various posts  entitled ""Facts You Should Know"" or ""USPS Fun Facts.""  This post  on April 4 was shared at least 60,000 times and  this one  40,000 times.           Screenshot of a Facebook post taken on April 14, 2020           Screenshot of a Facebook post taken on April 14, 2020           The memes were originally published in 2018, but resurfaced this month as a bill in the House of Representatives  proposed  to forgive the agency's debt as part of a stimulus package aimed at mitigating the economic fallout associated with the COVID-19 pandemic.   However the posts misrepresented the financial health of the USPS in 2018 and in 2020.   Postmaster General: liabilities ""threatening our ability to operate""   The Postal Service's 2019  annual financial report  shows that the agency had a net loss of $8.8 billion that fiscal year, bringing total liabilities to more than $97 billion.            Screenshot of the USPS annual financial statement for 2019     ""The prefunding requirement in the 2006 law is a major reason for our financial situation,"" USPS spokesman David Partenheimer told AFP by email in reference to  a bill  that forces the institution to set aside money for its employees' pensions before they are due.    Partenheimer also blamed ""an outdated business model that needs to be addressed through legislative and regulatory reform."" ALSO READ:  School Textbook Lists Cure For Coronavirus? ",real,Anjali Kulkarni
"BOOM that he is not present on social media yet.   While some  of the handles are fan or parody accounts, the description of some of the other fake handles are ambiguous and misleading. These handles mostly  retweet  official verified BJP accounts and tweets from senior BJP leaders, however some of these fake accounts take aim at opposition parties. The below tweet has now been deleted but we took a screenshot while it was visible.         The fake accounts also tweet life advice and quotes that are meant to be inspirational.   Some people aren't loyal to you, they're loyal to their NEED of you. Once their need changes, so does they're loyalty...  #ThursdayThoughts  Ram Nath Kovind (@iRamnathKovind)  June 22, 2017     The accounts impersonating Ram Nath Kovind are not verified with followers in the range of about 1000 to 6500. One of the fake accounts @iRamnathKovind has a pinned tweet that urges his/her followers to  retweet  if they want to see him become the next president of India. The account was created on June 14, 2017.     How many people want to see me as a President of India? RETWEET this for your support! #RamnathKovind  Ram Nath Kovind (@iRamnathKovind)  June 19, 2017  ",real,Anjali Iyer
" The footage circulated online weeks before the novel Coronavirus was first reported. A video has been shared on Twitter, Facebook and YouTube alongside claims that it shows scores of people from China ""escaping to"" Vietnam in order to avoid the deadly coronavirus, which broke out in China's Hubei province in December 2019. The claim is false; the same footage circulated online weeks before the coronavirus outbreak. The video was published on Twitter  here  on February 20, 2020. The tweet has since garnered over 96,000 views.   The tweet's caption reads: ""The mass escape from China has begun through unpatrolled borders.   ""Thousands of people have escaped to Vietnam from the 'Guangxi' border because of #coronavirus"".   Below is a screenshot of the tweet:         Screenshot of the misleading tweet     Several voices speaking Vietnamese are heard in the footage. The intelligible phrases translate to English as: ""So many people; Too many crossed to us; Must be more than the 1,700 people coming the other day; They are smart this time; There are many more over there; That lady is running and shooting video."" ALSO READ:  'Contagion' Film Scene Shared As Mass Burial Of Coronavirus Victims   The footage was also shared alongside references to escaping the coronavirus on Twitter  here , on Facebook  here  and  here  and on YouTube  here .   The coronavirus has killed at least 2,118 people and infected 74,000 in China, AFP  reported .  ",real,Siddharth Chawla
"Social media posts falsely claim that protesters stormed the White House causing US president Donald Trump to flee. Social media posts with video footage claiming that protesters stormed the White House in Washington D.C. are false as the building shown in the video is the Ohio Statehouse in Columbus, Ohio. Protests broke across several cities in the United States following the death of an African-American man, George Floyd, who died after being pinned to the ground by police officers in Minneapolis, Minnesota on May 25, 2020. Footage shot by witnesses showed a white police officer, Derek Chauvin, with his knee on Floyd's neck for close to nine minutes as the latter stopped responding.  Since then, scenes of protests, looting, vandalism and a violent crackdown by police on protesters and media persons have flooded social media. Several posts online, including the one below, claim that the White House was stormed by angry protesters and purportedly showed protesters on the West Lawn of the compound.  Similar claims were made on Twitter.  For the first time in American History, Protestors broke in and down the  #WhiteHouse  ...  #WhiteHouseProtests   #WhiteHouseDown   pic.twitter.com/3mqYS3NDUl  A Humanist (@ZaheerHumanist)  June 1, 2020 The video was also uploaded on YouTube with the Arabic title: ' America demonstrators storm the White House .. Protesters stormed the White House after killing more than one brown person.' The archive of the Twitter post can be found  here ; Facebook posts  here  and  here  and the YouTube upload  here . Also Read:  Trump Stops WHO Funding; To Suspend Hong Kong Preferential Treatment BOOM Live also received the video on WhatsApp with the claim that US President Donald Trump has fled the White House. The text of the forward reads: ""Protestors already broke inside White House for the first time in American history, gun fire at east gate and some sources said Trump fleed with his family to Kansas, CIA have emergency meeting in an hour!""   ",real,Karan Bhatt
" Hyderabad physiotherapist misinterprets findings of Nobel prize winners. A viral image stating that three Nobel Prize winners concluded that cancer can be cured without any medications and with a few lifestyle changes is misleading.         The image has been attributed to Dr. Shahed Baig from Hyderabad.       Dr. Shahed Baig , a Hyderabad based physiotherapist and alternative medicine practitioner claims that Nobel laureates Dr. Otto Warburg, Dr. Ferid Murad, and Dr. Yoshinori Ohsumi proved through their research that any stage of cancer could be cured without medicine.        The viral WhatsApp message        The image has 3 claims:       Claim 1:        Using Dr. Warburg's  study which says that cancer cells cannot survive in environments with oxygen, the image says regular exercise should be mandatory to increase the levels of oxygen.         FactCheck:       Dr. Warburg never stated cancer cells cannot survive in environments without oxygen.        His study states that they carry out  anaerobic glycolysis  even when oxygen is present. Anaerobic glycolysis is a metabolic pathway wherein glucose breaks down into lactate and not into pyruvate as it normally would in the presence of oxygen. The glucose breaks down into pyruvate in order to provide energy for the cell to function.        In anaerobic glycolysis as observed by Warburg, the glucose molecules, even in the presence of oxygen, behave as they would in the absence of oxygen, where in they convert into lactate, cells create energy by fermentation. This leads to the growth of cancer cells.         The claim that exercise will lead to more oxygen entering the body and leads to reduction in cancer cells is not scientifically backed and is misleading.        Claim 2:       Dr. Murad's Nobel winning study says that blockages in the arteries can be removed by eating raw vegetables and fruits as they have nitric oxide. The image claims that eating  plenty vegetables and fruits will lead to the removal of blockages in the arteries and lead to better blood supply to healthy cells.        FactCheck:       The role of nitric oxide in cancer treatment is quite unclear. A  study  conducted in 2016 states that nitric oxide can act as a tumour suppressor as well as a cancer promoting agent.         The image speaks about blood flow and blockages in the artery while not discussing the impact of the same on cancer.       Claim 3:       Dr. Ohsumi's study concerns Autophagy where cells when starved eat damaged and cancerous cells. The image interprets that fasting increases immunity and can kill cancerous cells. It thus advises people ""Be fast"" at least once a week to increase immunity.     ",real,Karan Joshi
"Don't believe everything you receive on WhatsApp, especially if you're a journalist. This video is from Istanbul and not Navi Mumbai.     Several mainstream Indian news outlets including wires agency ANI and Hindi news channels ABP News and Zee News aired a video of hailstones pounding a road in Istanbul, Turkey and claimed it was the Mumbai-Pune Expressway.   The video uploaded on Monday and Tuesday has visuals of golf-ball sized hailstones raining down on two cars. Speaking in Hindi an anchor from ABP News claimed that hailstones were seen before the onset of Cyclone Ockhi. The channel retracted the video after ",real,Siddharth Chawla
A video of an alleged molester being beaten in Meerut is doing the rounds with false claims that it shows   footage   of Mohammed Qari Owais being thrashed in Old Delhi Railway Station. The same video is viral with another   narrative   which states that a young Muslim Hafiz Quran was beaten by RSS goons for not saying Jai Shri Ram.  Fact ,real,Pooja Rana
"Dr. Henrik Widegren mixes his love for medicine and music with quirky titled songs in his first English album and probably the world's only album on medicine. Dr. Henrik Widegren, a Swedish voice doctor and an ENT specialist by day, moonlights as a musician writing songs on misinformation in the health space.       The now viral song 'Never Google Your Symptoms' from his debut album 'Medical  melodies and surgical symptoms' is a satirical take on self-diagnosis.       Henrik has actively been a part of the Swedish theater and music scene. Prior to the English album, he released 3 Swedish albums. His current album has 13 songs all related to health and medicine.        The songs have quirky titles such as 'Text messages from the ER', 'A Statistically Significant Love Song', and 'How to make a Baby.'        Never Google Your Symptoms       'Never Google Your Symptoms' released in April focuses on how people tend to google every small symptom that they observe and experience.        ""If you google pain in your left arm, the search results in a heart attack alarm,"" is one of the lines in the song.                   The song suggests that the web search always churns out results of major illnesses which leads to fear among the person seeking information online that they are suffering from a major illness.       This phenomenon is medically called hypochondria.        ",real,Vikram Reddy
"A viral post claims that the novel coronavirus was never detected in China's capital Beijing, and Shanghai. The claim was published on Facebook  here  on March 26, 2020.   Below is a screenshot of the misleading post:            The text post reads: ""The corona Virus travelled entire world from Wuhan but it did not reach Beijing and Shanghai can anybody put light?""   The novel coronavirus, which causes the disease COVID-19, was first detected in the Chinese city of Wuhan in late 2019. As of April 13, 2020, COVID-19 has killed more than 106,000 people and infected nearly 1.7 million others worldwide, according to the  World Health Organization .   ALSO READ: Did Australian Stores Ban Chinese Customers Due To COVID-19? Similar claims about Beijing and Shanghai were also shared on Facebook  here  and  here ; on Twitter  here  and  here ; and on Instagram  here .   ",real,Meera Chawla
"Major pharmaceuticals have stopped the distribution of their ranitidine medicines across the world. On September 13, the US Food and Drug Administration (FDA)  stated  that Ranitidine, an over the counter as well as prescribed medicine for acidity, had traces of N-nitrosodimethylamine (NDMA), a probable cancer-causing compound.        Following this, the Drug Control General of India asked the State Drug Control Departments to order each pharmaceutical company to get their ranitidine tablets checked for the presence of impurities.        Ever since, several messages have gone viral on WhatsApp groups in India, creating panic that the consumption of the drug could lead to cancer. ",real,Shreya Kulkarni
" Posts being shared falsely claim that washing fruits and vegetables in salt water make insecticides more durable. Multiple Facebook and Twitter posts shared thousands of times claim that washing fruits and vegetables with salt water will cause insecticide residue to ""become more long-lasting"". The claim is misleading; experts maintain that salt water does not cause insecticide residue to become more durable.   The claim was published on Facebook  here   on December 26, 2016. It has been shared more than 200 times.           The post's Thai-language caption translates in part as: ""Don't use salt water to clean vegetables and fruits!!!   ""Many people misunderstood that washing vegetables with salt water will make vegetables become clean. But in reality, salt is Sodium Chloride which will make the residue such as insecticide become more long-lasting in the vegetables and fruits.   ""When you want to clean fruits and vegetables properly, you should wash them with water and then put them in the wheat flour mixed with a little bit of water. Because it will make the toxin from insecticide go away.""   A similar claim has circulated on Facebook since at least 2015, for example  here . It was also shared in recent years on Facebook  here ,  here ,  here ,  here ,  here  and  here .  ",real,Tanya Nair
" This photo has circulated online since at least 2013 from a protest in Bangkok against the passing of the amnesty bill.   A photo has been shared tens of thousands of times on Facebook alongside a claim that it shows students from Thailand's Kasetsart University staging an anti-government protest in 2020. The claim is false; this photo has circulated online since at least December 2013 in reports about protests against Thailand's controversial amnesty bill. The photo was published  here  on Facebook on February 26, 2020. It has been shared more than 24,000 times.     Below is a screenshot of the misleading post:       Screenshot of misleading Facebook post       The post's Thai-language caption translates to English as: ""Live from Kasetsart University right now. Have to say don't let this issue stay quiet. University students are not idle, uniting to disapprove of this country's justice system. #notdesserttoppedwithcoconutmilk #NotSalim"". ALSO READ:  Did Thai Doctors Cure Coronavirus With An Anti-HIV Drug In 48 hours?   The hashtags #notdesserttoppedwithcoconutmilk and #NotSalim are a reference to the traditional Thai dessert salim, whose name has been adopted as derogatory term for the pro-establishment faction.       Following a February 21, 2020,  constitutional court ruling  that ordered the dissolution of the popular opposition Future Forward Party, Thai students have held several protests against the country's military junta. Students from  Kasetsart University  staged a large protest on February 29, 2020, calling for the resignation of Prime Minister Prayut Chan-o-cha.  Here  is an article about the protests published by Thai newspaper Bangkok Post on March 1, 2020. ALSO READ:  Photos Of Anti-CAA Protests Shared As Bodies Of Delhi Riot Victims ",real,Anjali Kulkarni
"  Apple was the talk of the town for the past few days and Tim Cooks keynote managed to steal headlines and conversations, as usual. After months of rumours and speculation, the iPhone 6 was finally unveiled, along with the iPhone Plus and the Apple Watch.   ",real,Ishita Kapoor
"Infographic ignores other epidemics that do not fit the assumed pattern, health experts say the claim has no basis. An infographic has been shared hundreds of times on Facebook, Twitter and YouTube alongside a claim it shows that the 2020 novel coronavirus pandemic fits a pattern of viral outbreaks that occur every 100 years. The claim is false; the infographic contains inaccurate information about historical viral outbreaks and ignores other epidemics that do not fit the assumed pattern; health experts told AFP that while certain viruses are seasonal in nature, there is no basis for the claim that viral outbreaks occur once every century. The infographic was published in  this  Facebook post on March 12, 2020. It has been shared more than 300 times.   Below is a screenshot of the misleading post:         Screenshot of Facebook post ALSO READ:  Death Toll Chart Comparing Other Epidemics With COVID-19 Is Misleading     The post's Tagalog-language caption translates to English as: ""Just a coincidence?!!! / Every 100Years, there's a Virus Outbreak / ctto"".   The text overlaid on four photos depicting the outbreaks states: ""1720 BLACK DEATH / 1820 CHOLERA ATTACK / 1920 SPANISH FLU / 2020 CORONA VIRUS"".   The novel coronavirus, COVID-19, was first detected in the Chinese city of Wuhan in late December 2019. The virus has killed more than 6,000 people and infected 163,930 worldwide, including sports stars, celebrities and world leaders, AFP reported  here  on March 16, 2020. ALSO READ:  False: Chinese Intelligence Officer Reveals Coronavirus Is A Bioweapon   The same infographic purporting to show that COVID-19 fits a centenary pattern of global virus outbreaks was also shared on Facebook  here  and on Twitter  here . A similar timeline and claim was shared on YouTube  here .  ",real,Karan Trivedi
"Video circulating on social media has a fake audio attached to the original video A video, viral on social media, stating that Coca Cola has advised its consumers to avoid using their products is false.        This video in a male's voice discusses the disadvantages of consuming Coca Cola's aerated products as they have led to an increase in obesity in the general populace.        The caption with the video reads:  Coca Cola's new ad says Don't drink Coke, awareness campaign. It really takes lot of guts for any company to say this in social media, but Coca Cola has no options changing times..must watch. Very important to see that Coca Cola company openly says that DO NOT DRINK ANY OF THEIR PRODUCTS. WORTH  WATCHING.             The video is viral on both Whatsapp and Facebook with the same caption.              The video states that even though Coca Cola has tried to reduce the calorie content in most of their products, they are still dangerous and could lead to kidney problems.         The audio also talks about other risky health behaviours  such as smoking and its advertisements.        The video ends with the voiceover artist stating in the audio that Coca Cola does not advice people to drink coke because it is killing people and their families. He also states that Coca Cola is partially responsible for obesity in America.        ",real,Yash Nair
"BOOM found that the set of images were unrelated and from 2016 when Gujarat police busted an illegal weapons racket. ""Weapons were found in the house of Tahir Hussain, the so-called peacekeeper of Delhi. This is a picture of a house, Think about how many such houses will be there? Hang the terrorist #Tahir_Husain.""  Fact The images are from 2016 when Gujarat police busted an illegal weapons racket operating out of a hotel and not from suspended Aam Aadmi Party councilor Tahir Hussain's house in North East Delhi. The last photograph of guns lying on the ground is from a kirpan factory in Patiala, Punjab according to an India Toady article. The same set of images were earlier viral with the false claim that weapons were seized from a mosque in Gujarat and mosques in Jammu And Kashmir.",real,Ishita Khan
"The Regulation bill completely bans commercial surrogacy allowing altruistic surrogacy where only close married relatives can act as surrogate mothers for the intending couples. On Monday, the 5th of August, the Lok Sabha passed the Surrogacy (Regulation) Bill which intends to completely ban commercial surrogacy across the country.         The Surrogacy (Regulation) Bill prescribes certain guidelines which need to be followed for married couples to opt for surrogacy in the country.        Dr. Harsh Vardhan, the Minister of Health and Family Welfare, stated that regulating surrogacy was the need of the hour while introducing the bill in the Lok Sabha.        Highlights of the Bill       The Bill was first proposed in 2016. It prescribes guidelines for both the couple as well as the woman acting as the surrogate.        National and state surrogacy boards will be constituted to regulate, register, and authorise surrogacy clinics across the nation. These clinics will be the only organizations permitted to carry out surrogacy.         The bill specifies that heterosexual married couples from India will be issued a certificate of essentiality and a certificate of eligibility by authorities within the boards.        The certificate of essentiality requires couples to have:         A certificate stating that either of the partners are infertile issued by a District Medical Board.  A order of parentage of custody of the surrogate child from the Magistrate An insurance cover for 16 months for the surrogate mother to ensure she does not face any complications post the surgery.        Couples who would be considered eligible for surrogacy have to fulfill the following requirements:        The couple should be citizens of India and should have been married for five years.  The wife should be between 23-50 years of age while the husband should be between 26-55 years of age.  They should not have any surviving biological, adopted or surrogate child except if the child is a special child or has a life threatening disease.        The surrogacy procedure should be selfless and altruistic, according to the bill.        To justify this statement, the clause states that the surrogate mother should be a married close relative of the couple who is between 25 to 35 years of age and has a child of her own to act as the surrogate.        She also should have a certificate of eligibility and another depicting medical and psychological fitness for surrogacy.        The bill, however, does not specifically define who comes under the close relative clause.       There would be no exchange of money other than medical expenses and insurance cover under this bill. The surrogate mother has the power to revoke her consent before the embryo is implanted in her womb.        The earlier bill of 2016 had a penalty of five lakh rupees and a jail period of five years if anybody was found to be trading gametes, exploiting the mothers, or advertising commercial surrogacy.        This has now been raised to 10 lakh rupees and a jail period of 10 years.        Impact on the industry       ",real,Pooja Joshi
"A photo of victims of the 2004 Tsunami is being shared as a photo of COVID-19 victims. The photo was published  here  on Facebook on April 15, 2020. It has been shared 7,400 times.    Below is a screenshot of the misleading Facebook post:          Screenshot of the Facebook post     The post's Sinhala-language photo caption translates to English as: ""This is the situation in some countries - understand the situation and stay home"". ALSO READ: No, Muslims Are Not Praying On New York Streets During COVID-19   The posts were published as millions of people worldwide continue to live under ""stay home"" orders, with governments enforcing lockdowns and closing borders to combat the COVID-19 pandemic. As of April 16, 2020, the World Health Organization has reported at least 130,000 COVID-19 deaths and almost two million infections globally.   The photo was also shared  here ,  here ,  here , and  here  on Facebook with similar claims.   ",real,Rohan Iyengar
"The Iceland government has repeatedly refuted the hoax which has been circulating since at least 2016.   A claim that Iceland's government will provide a monthly grant of US$5,000 to male immigrants who marry Icelandic women due to a shortage of male citizens has been shared thousands of times in multiple posts on Facebook, Twitter, Instagram and blog sites. The claim is false; this is an old hoax that has circulated since at least 2016 and has been repeatedly refuted by the Icelandic government; official figures from the United Nations show men have made up more than 50% of Iceland's population over the last decade. The claim was published on Facebook  here  on February 19, 2020. It has since been shared more than 1,900 times.     Below is a screenshot of the misleading post:         Screenshot of the misleading post       The post's Thai caption translates to English as: ""Monthly payment of 170,000 to become husbands, with a simple offer that all men want."" ALSO READ:  Old Business Incentive Scheme From Southern Italy Reshared As New   The superimposed text translates to English as; ""Looking for husbands monthly pay of 170,000 due to male scarcity.""     The same claim and images were also published in various online articles that were shared on Facebook  here ,  here ,  here ,  here  and  here .     ",real,Varun Agarwal
"Several websites including Times of India claimed a new study said crying between 7 pm to 10 pm can help you lose weight. BOOM found no scientific evidence to support the same. Recent articles claiming a new study said crying between 7 pm to 10 pm can help you lose weight, are misleading with click bait headlines amplifying the bogus theory. Furthermore, BOOM could not find any study that supposedly made the claim.       AsiaOne,  a Singapore-based website, published an article in May 2019 titled, ' Crying reportedly helps you reduce body weight, study says' .       ""A recent study shows that emotional crying will help you  lose weight because it is linked to hormones that heighten the cortisol level, which is induced when you have bottled up emotions,"" AsiaOne's story said       ""Scientists also advised shedding your tears from 7 to 10 PM because it's  the best time when you can cry over sad movies or your broken  relationships, "" it further stated.       AsiaOne's story which does not have details about the actual story that was conducted       Several websites such as  Times of India ,  ScoopWhoop ,  PopXo ,  NextShark ,  Women's Health  picked up the story weeks and months later, citing AsiaOne.       TOI's story on the study picked up from AsiaOne             NO SPECIFICS       AsiaOne's story did not cite an author, or the date of publication of the study, or the journal where the study was published.        The article cited one Dr. Aaron Neufeld, an optometrist based in Los Angeles, explaining  three types of tears :  Basal tears  that keep eyes lubricated,   reflex tears  that are in response to a stimulus or irritant and  psychic tears  as a response to being emotionally overwhelmed and stressed.        The story claimed that psychic tears - crying due to a genuine, emotional outburst, were responsible for weight loss.        However, the article did not clarify whether the study had been conducted by the optometrist. It merely stated the role of the different types of tears without establishing a link between the tears and the claim of weight loss. ",real,Nandini Bose
"With all that is going on around the Citizen Amendment Bill, there is now a claim viral that the Congress leader Jyotiraditya Scindia has supported the bill going against his own party. Media outlets including Dainik Bhaskar and Amar Ujala carried the same quote. Right-leaning website Swarajya also carried the quote citing Dainik Bhaskar. But ",real,Aisha Chawla
A viral WhatsApp message says the word 'sir' really stands for 'slave I remain'. ,real,Shreya Rao
"Photo of female fighter pilot shared claiming her involvement in the air strike in Pakistan is false. ""The only woman Air Force soldier to enter Pakistan and kill 300 terrorists. Congratulations to this Indian lioness""  (In Hindi -    300       .     )  ",real,Yash Menon
"A 1998 hostage video resurfaces as fake news of an ISIS terrorist shot dead by a sniper in Spain.   ( The video below contains distressing visuals. Viewer discretion is advised )       A dramatic video of a police sniper killing a man who took a pregnant woman hostage at gunpoint is going viral in India as an ISIS terrorist shot dead by a 'police sharp shooter' in Spain. The actual incident took place on April 5th, 1998 in the Cua district of Caracas, Venezuela.   However, recent posts on social media and WhatsApp claim the video is of a terrorist killed in Spain while some posts on Twitter say it took place in Brazil.         Terrorist with kidnapped woman shot dead by Brazilian police Snipers What a shot in fraction of second amazing visuals to watch  pic.twitter.com/bFlxXlFUZN  Rishi Bagree  (@rishibagree)  June 12, 2017 A variation of the message maliciously adds the words 'ISIS terrorist' in an attempt to stir bigotry.                 While multiple videos of the same incident on YouTube uploaded in the year 2011 seem to suggest it took place that year, the actual video is much older and pre-dates the digital news recording era.  More importantly it pre-dates the formation of terrorist group Islamic State or IS and raises an important question whether those sharing the video bothered to look up if a recent terrorist incident took place in Spain.   We tried to look for a credible news source that reported it accurately at the time the event took place.   ",real,Aisha Chawla
Watch episode-5 Of Fact Vs Fiction where Suyash Barve & Jency Jacob discuss the fake news stories in the last one week and how you can spot them on social media.   In this Video we cover the following stories: Modi Vs Gandhi: Twitter Analytics Reveal Fake Followers Plague Both Handles Twitter ,real,Anjali Pandey
"News outlets cited unverified sources to claim that Mani Ratnam denied signing any such letter and that his signature was forged. News reports claiming that filmmaker Mani Ratnam has denied that he was signatory to an open letter sent to Prime Minister Narendra Modi on the issue of mob lynchings and growing religious hate crime, are false. Mani Ratnam's aide confirmed that the filmmaker signed the letter and any claims that his signature was forged are baseless.       Ratnam is among the 49 celebrities who signed a letter addressed to Modi, raising concerns about the recent cases of lynchings in the country and demanded strict action. Other signatories include Aparna Sen, Anurag Kashyap, Shyam Benegal, Adoor Gopalakrishnan and Ramchandra Guha, among others.        Multiple mainstream news outlets cited unverified sources to claim that Ratnam denied signing any such letter and that his signature was forged.        BOOM spoke to Siva Ananth, Ratnams aide, who confirmed the latters participation in signing the open letter to Modi. He said, Mani Ratnam did sign the letter. Though he doesnt want to elaborate about his solidarity with the cause, there is cent percent truth about his signature.        An article, published by  Aaj Tak  on July 24, quoted Ratnams team as saying, In fact famous filmmaker Mani Ratnam's team has rubbished reports which suggest that even Mani Ratnam has signed the letter. According to the team, Mani Ratnam is busy with the pre production of his forthcoming film. Neither has he signed any such letter nor has he been asked to lend support to any such cause.        An excerpt from Aaj Tak's news report       The article then goes on to mention how Mani Ratnams denial could stir up a controversy about this letter, that has been signed by the liberals of the country.     ",real,Shreya Bose
The photo shows Narendra Modi paying homage to a bust of RSS leader Deendayal Upadhyaya. Prime Minister Narendra Modi payed homage to a statue of Nathuram Godse - assassin of Mahatma Gandhi.     (Caption on the viral post - Have never seen dual personality like of  PM Narendra Modi! How can one have respect for assassin Godse of Gandhi? #ModiExpelPragya is a remotest possibility! Who are we asking? The perpetrator of evil),real,Karan Mehta
"An article falsely claims that UN aid package to Ecuador is conditional on it legalising abortions. ""UN Refuses to Send Coronavirus Funds to Pro-Life Nation Unless It Legalizes Abortions,"" reads the headline of a May 18,2020  article  on anti-abortion news website LifeNews.   The article goes on to claim that ""the United Nations is using coronavirus aid to pressure Ecuador to legalize the killing of unborn babies in abortions.""       A screenshot of an article taken on May 22, 2020     ",real,Divya Rana
"A video of former Iraq president Saddam Hussein has been tampered with to include a reference to COVID-19. The two-minute four-second video was shared  here  on Facebook on March 23, 2020.   Below is a screenshot of the misleading post:       A screenshot of the misleading post The post's Hindi-language caption translates to English as: ""In the 90s, the US threatened Iraq with spreading Coronavirus which was mentioned here by Saddam Hussein to his forces. It means Corona is an American virus, which the US is using to threaten China and Iran. But today this virus is threatening US allies Italy and now it has reached India. Stay alert, stay safe."" ALSO READ: False: South Sudan's Chief Justice, Family Refused Testing For COVID-19   Hussein  was president of Iraq from 1979 until 2003. He was executed in December 2006 after being convicted of crimes against humanity.    COVID-19 was first detected in the Chinese city of Wuhan in late 2019. It has since killed more than 30,105 people and infected 638,146 others worldwide, according to  data  from the World Health Organization on March 30, 2020.   The video was shared on Facebook  here  and  here ; on Twitter  here  and  here ; and on Instagram  here  and  here  with a similar claim. ",real,Nandini Bose
" A video from Azerbaijan is being shared with the false claim of Spanish police rounding up old people during the COVID-10 pandemic. The video clip was published in several posts on Facebook, including  this one  posted on April 3, 2020. It has been viewed by nearly 5,000 people on the social network.   The post's caption reads: ""This is the situation in Spain. Picking up all 50 years old and above from the streets and dumping them into police vans like animals to take them to be quarantined in centers (sic).""         Screenshot of the misleading Facebook post, taken on April 8, 2020     The nearly five-minute video shows uniformed men brutalising and forcing people on the street into police vans. ALSO READ: No, This Video Is Not Of Italians Praying During The COVID-19 Pandemic   The clip appears alongside a similar claim in other Facebook posts published  here  and  here  in Nigeria as well as elsewhere in Africa, including  Zimbabwe ,  Zambia , and  Uganda . AFP has debunked a similar claim published in India  here .   Footage from 2019 ",real,Pooja Iyengar
" Old images and videos are  being used as an accelerant for communal unrest in West Bengal.       An image from the 2002 riots that took place in Gujarat was used in a 'Save Bengal' poster on social media to protest communal riots that have rocked West Bengal's North 24 Parganas district where one person has been killed so far. The old image was also used on banners and placards at a rally staged at Jantar Mantar in Delhi on July 8th.     Bashirhat, Baduria and Swarupnagar in North 24 Parganas district that border Bangladesh are reeling under communal violence and clashes with police after a Facebook post by a student in neighbouring Baduria angered Muslims. 65-year-old, Kartik Chandra Ghosh a resident of Basirhat, was killed in the violence.   Riots in Bashirhat, where Muslim mobs went on a rampage, have sparked an epidemic of fake, old or unrelated photos and videos being passed off as West Bengal with the intention to polarize Hindus and Muslims in the country.   It has also provided an opportunity for members of the Bharatiya Janata Party to target Chief Minister Mamata Banerjee.   Kolkata Police on Saturday said they had made one arrest in connection with a provocative image from a Bhojpuri film being passed off online as West Bengal. Still the use of old and fake images persists.   BJP Spokesperson Nupur Sharma tweeted the flyer which used the 2002 image from Gujarat.   Speak-up because it is already too late! Join in at 5 PM today at Jantar Mantar  #SaveBengal   #SaveHindus   pic.twitter.com/QU5ZT1HkUt  Nupur Sharma (@NupurSharmaBJP)  July 8, 2017         The image was traced back to Ahmedabad, 2002. (Screenshot of a New York Times article. Click  here )    ",real,Karan Trivedi
" The deceptively edited video falsely uses a BBC logo and footage of a Fox News anchor. A misleadingly edited video circulating online claims that basketball legend Kobe Bryant's widow killed herself. This is false; there has been no such announcement, and the footage actually shows a Fox News anchor speaking about the death of a colleague.   ""BREAKING NEWS: VANESSA BRYANT Recorded her SUICIDE After Depression Attack this Morning,"" reads the headline that accompanies the  video , which features a BBC News logo.   But there is no report of her death on the BBC News  website .         A screenshot taken on February 18, 2020 shows a misleadingly edited video that falsely claims Kobe Bryant's widow killed herself     The claim comes weeks after Kobe Bryant and the couple's 13-year-old daughter Gianna  died  in a helicopter crash in California. ALSO READ:   ANI Misreports Athlete Anju Bobby George Joining BJP   The footage in the video is actually from Fox News, and shows anchor Neil Cavuto  announcing  the death of journalist Brenda Buttner in 2017.   ""I have some very sad news to share with you today,"" Cavuto says, which has been in edited in the misleading video to cut off after that statement, warning users of graphic content and urging them to share the post in order to see the rest of the clip.         A screenshot taken on February 18, 2020 shows a message urging users to share the link to view the rest of the video     Clicking on some versions of the Vanessa Bryant suicide claim opens another video that follows the same pattern, but says that her daughter Natalia killed herself -- a claim that is likewise false.",real,Nikhil Rao
"Several Facebook users share old video claiming ""Imran Khan shot dead"". The original video is from 2013 when Khan fell off a hydraulic lift while campaigning in Lahore   CLAIM:  Pakistani cricketer turned politician Imran Khan was beaten up outside his house.   FACT:  Fake. The original video is from 2013 when Khan fell off a hydraulic lift while campaigning in Lahore.   The viral video shows a bleeding and injured Khan being rushed out by security guards and supporters to a waiting vehicle. It has people surrounding Khan and the vehicle and loud music playing in the background.   Several users across Twitter were seen asking if the news about Khan being beaten up by his supporters is true.   Twitter screenshot   Several others had shared the video as well claiming it to be of Khan being carried by his supporters after being attacked at his home.   Imran Khan badly beaten up. Video doing rounds in WhatsApp. What is this about? Anyone?  pic.twitter.com/UYt09CXtAv  maaza aju (@AjuMaaza)  June 26, 2018   On Facebook, several users have shared the video claiming ""Imran Khan shot dead"".     Screenshot of Facebook posts   ",real,Aisha Sethi
"A longer video released by Alt News shows Arnab Goswami lying about recording an interview with Narendra Modi and the subsequent attack on his car in 2002   Arnab Goswami   Last week Republic's Editor-in-chief Arnab Goswami  was in news  after an old video from 2013 showed him claiming that he and his crew were attacked ""50 metres from a chief minister's residence"" while covering riots. Goswami came under fire from his former editor Rajdeep Sardesai and ex-colleagues from NDTV as they accused him of lying as no such incident happened with him in 2002.   Since the video was edited  abruptly, it was not clear whether Arnab Goswami was indeed talking about the Gujarat riots or an incident that took place somewhere else.   But in a fresh big blow to Goswami's image, fake news busting website Alt News has released a longer video which clearly shows Goswami mentioning 2002 Gujarat riots and the incident taking place post an interview with the then chief minister Narendra Modi.     In the new video,  Arnab Goswami says ""Never be afraid, never be afraid. In 2002... yesterday I was doing a program. And in this program it was about Gujarat. Narendra Modi has gone to Godhra and he has done...(audio not clear). He has stopped other people from going there and there is a big political fight. You know in life, your own experiences come back to you.  I remember coming out of Narendra Modi's house after interviewing him in the height of the riots in 2002....""    He then goes on to recite how the vehicle was stopped 50 metres away from the chief minister's residence and the car attacked with trishuls. The rioters asked them their religion and since no one from the minority religion (read Muslim) was there in the car, they were safe. All of them had press cards but here is where the story takes an interesting turn.   Goswami makes his imaginary driver the centre piece of his story - the hapless victim with no identity to prove his credentials proved to be Goswami's defining moment which helped him recount this incident after ten years. Goswami says the driver did not have any identity card but he had ""Jai Shree Ram"" imprinted on his hand and that saved his life.   So what did Arnab Goswami learn from this rather scary incident. He learnt that one should  never be afraid .   ""But I saw at that moment how scared he (the driver) was. And that is a moment that stays with me today. Today when people threaten me, advise me, some politicians call me and say ""you have a young family, why do you want to lose your job, you have a career, why do you want to lose it, why do you want to report on scams. When they do warn that,  the image of that driver  comes back to my mind and i tell myself,  I will never be afraid . What is the most that they can do. what is the most that they can do?   If you are honest and hardworking and ambitious, then trust me, nobody beyond a point of time can touch you,"" said Goswami in a moment of bravado that has proved to be costly four years later.   CLAIM 1:  Arnab Goswami interviewed Narendra Modi  in 2002 at his residence in Gandhinagar.   FACT: FALSE.  Goswami never interviewed Narendra Modi in 2002.   CLAIM 2:  Arnab Goswami's car was attacked 50 metres away from chief minister Narendra Modi's residence   FACT: FALSE.  Only one attack took place on the NDTV crew. Rajdeep Sardesai's car was attacked by a mob.   In our  earlier story  filed on September 22, we had spoken to senior journalist Sanjeev Singh who was the bureau chief of NDTV's Gujarat bureau in 2002. Singh in his scathing remarks said that Arnab Goswami lied to his audience as he was not even in Gujarat when the attack took place on Rajdeep Sardesai's car. Singh also said that Goswami was stationed in Ahmedabad and was never assigned to meet Modi at his residence in Gandhinagar.   Today, Singh had a rather cryptic tweet on the discovery of the full video that leaves no ambiguity that Goswami lied in his speech.     Rupen Pahwa, a senior video journalist who was there in the car with Rajdeep that night,  spoke to India Today  and explained in a detailed manner on how the attack took place. When asked if Arnab was anywhere around, Pahwa said,""I dont remember seeing him at all in Gujarat at that time. This incident happened with Rajdeep post the CM's interview and it was a 2-cam setup and we were 5 of us who went for the interview."" Pahwa calls Arnab's claim bizarre.     Arnab Goswami, who defined his journalism career over the last ten years taking his channels to dizzying heights, playing the role of  Judge, Jury and Executioner , has preferred to stay silent. It is ironical that a man who coined the iconic term ""the nation wants to know"" refuses to apologise for blatantly lying in front of an audience of young students who may have continued to believe his lie ever since he made this shameful speech, till the events of the last one week.   On September 20, Goswami's colleague at  Republic , Prema Sridevi had tweeted a image of Arnab Goswami with Rajdeep Sardesai from 2002, to blunt the attack on her editor.     This tweet was quickly debunked by Goswami's former colleague Maya Mirchandani.     ",real,Varun Trivedi
"The WHO has said there is no vaccine yet and any new vaccine could take at least 18 months to be publicly available       Viral posts claiming Israel and the United States have already developed vaccines for the recent outbreak of the Coronavirus, are misleading with the World Health Organisation (WHO) stating that there is no vaccine yet and any new vaccine could take at least 18 months to be publicly available. Over the past week, BOOM has received multiple claims that Israel and and a lab in San Diego, US have developed vaccines for COVID-19. These claims can be broadly summarized into the following. 1.  A lab in Israel has developed a vaccine against COVID-19.   2. A lab in San Diego developed a vaccine against COVID-19 in three hours. BOOM will break down why both these claims are misleading in the course of this fact-check. Also Read:  Viral Coronavirus 'Advisory' Is Not From UNICEF   ",real,Shreya Bose
"No Silver Lining: US regulators warn against posts claiming collodial silver can prevent or treat the novel Coronavirus.   Posts circulating on Facebook claim that colloidal silver  silver particles in liquid  can prevent or treat the novel coronavirus. This is false; US regulators say it is not safe for use against any disease. ""Colloidal Silver kills the Coronavirus! I take it every morning & give it to my pets,"" says one  post .         A screenshot of a Facebook post taken on March 13, 2020 ALSO READ:   Italians Quarantined In Brothel? Satire News Goes Vir al   ""Colloidal silver beats the corona virus: clinical documentation,"" says another  post , which links to a  website  advertising colloidal silver products.   The post also includes an image that says ""colloidal silver kills over 650 pathogens including the coronavirus.""         A screenshot of a Facebook post taken on March 13, 2020 ALSO READ:  False: Chinese Intelligence Officer Reveals Coronavirus Is A Bioweapon     Other posts, such as  this one , advertise a colloidal silver product and allege that it can be used as ""a shield against the COVID-19 virus"" -- the official name of the novel coronavirus, which has killed more than  5,000 people  worldwide.         A screenshot of a Facebook post taken on March 13, 2020   ",real,Aisha Agarwal
A video with false claims stating that the Chinese PM Li Keqiang was seen seeking protection from Coronavirus by praying at a mosque is viral on social media.,real,Simran Gupta
"The image being shared is from a 2017 article about food wastage in Australia. An image of a truck dumping fresh tomatoes onto an empty field has been shared thousands of times in multiple Sinhala-language Facebook posts which suggest it shows a scene in Sri Lanka. The posts claim it illustrates the government's failure to help farmers to sell their produce during a coronavirus lockdown. The claim is misleading; the photo has circulated in 2017 news reports about food waste in Australia.   This  photo has been shared almost 2,000 times after it was posted on Facebook on May 2, 2020.        A screenshot taken on May 11, 2020, of the misleading post by Dayasena Kiribanda      The post's Sinhala-language caption translates to English as: ""Incompetence of rulers. Rulers familiar only with thieving, have forgotten our innocent farmers"".    The text overlay in the image reads: ""Unable to make the tomatoes into sauce"".    The claim circulated online following reports that Sri Lanka farmers were facing difficult circumstances during the nationwide COVID-19 lockdown.  Here  is a report about the issue published by Sri Lankan news organisation News First on April 11, 2020.   The image was also shared with a similar claim on Facebook  here ,  here ,  here ,  here  and  here . ",real,Yash Menon
"The incident occurred in July 2019, when two women were beaten up by a mob on suspicions of being child kidnappers in Bihar. A video of a mob thrashing two women in Bihar has resurfaced with claims that Muslim women are being tortured by Hindus. One such viral tweet reads, ""Here is India; the sound of breaking the bones of the Muslims in this Zionist country is not heard anywhere in the world."" ",real,Aman Menon
"The poem was first published online in March 2020 by a retired teacher in the US specifically about the COVID-19 pandemic. A poem about people self-isolating at home has been shared thousands of times on Facebook and Twitter in April 2020 alongside a claim that it was written in the 19th century and reprinted during the 1918 Spanish flu pandemic. The posts, published as the world continued to endure the spread of the novel coronavirus, claim the poem is evidence that ""history repeats itself"".  The claim is false; the poem was first published online in March 2020 by a retired teacher in the US during the novel coronavirus pandemic. The poem was published alongside a photo of two masked women on Facebook  here  on April 4. The post has been shared more than 2,000 times.   The post's caption reads: ""Timeless! History repeats itself. Came across this poem written in 1869, reprinted during 1919 Pandemic. It was written in 1869 by Kathleen O'Mara:"".    The full poem, which is included in the caption, lists activities people can carry out at home during times of isolation. The post's caption ends by reiterating that the poem was ""reprinted during the Spanish flu pandemic, 1919"".   Below is a screenshot of the misleading post:           The poem was also shared alongside a similar claim  here ,  here ,  here  and  here  on Facebook; as well as  here  on Twitter.   The posts circulated online as the world continued to fight the spread of the novel coronavirus, which causes the disease COVID-19. By April 2, about half the world's entire population had been called on or obliged by authorities to stay at home, AFP  reported . ",real,Nandini Das
"Two cases of recent deaths were attributed to carbon monoxide leakages from gas appliances In the last two weeks, nine Indians lost their lives due to carbon monoxide emissions while using different gas appliances. A group of eight tourists from  Kerala  lost their lives in a hotel in Kathmandu, Nepal after switching on their room's gas heater in an unventilated space. A 15-year-old girl was found unconscious due to carbon monoxide leaked from her gas water geyser in her bathroom in Mumbai. She was on ventilator support for three days after which she passed away.  These incidents raise the need to understand the functioning of gas appliances. It is also important to comprehend the effect of carbon monoxide, a by-product of fuel burning, on human beings. In the first incident, temperatures in Nepal fell to 2 degrees leading to which two families chose to stay in the same room and asked for an extra heater, as NewsMinute reported. The doors and windows of the rooms were shut and the room had no other source of ventilation. In the case of the 15-year old, doctors stated that the  gas geyser  in her bathroom emitted carbon monoxide which led to a reduction of oxygen in the room owing to which she faced convulsions and lost consciousness.  What is Carbon Monoxide? Carbon monoxide is a colourless,odourless, and tasteless gas which is emitted on burning coal, fuel, gasoline, charcoal or other fuels. In unventilated spaces with appliances burning fuel, there is a possibility of carbon monoxide getting accumulated to dangerous levels.  Carbon monoxide is known to replace oxygen levels in the atmosphere as well as the bloodstream.  ",real,Priya Rao
"As the anti-Rohingya rhetoric on social media rises, photographs of children are being misused in the divisive propaganda.     As the anti-Rohingya rhetoric on social media in India grows, fake narratives are being spun around photographs of children as part of a divisive propaganda.   This is likely to get worse in the coming days as India woke up to news that Myanmar's army had discovered a mass grave of 28 Hindus in Rakhine. The Burmese army has blamed Muslim Rohingya militants for the killings. (Read -  Mass grave of 28 Hindus found in Myanmar: army )   ",real,Karan Bhatt
"The video being shared with this claim was originally filmed in August 2019 during pro-democracy protests in Hong Kong. A video has been viewed tens of thousands of times in multiple Facebook, Instagram and YouTube posts which claim it shows people in China toppling a 5G tower because of fears that they cause the novel coronavirus. The claim is false; the video shows pro-democracy protesters toppling a smart lamppost in Hong Kong in August 2019, several months before the novel coronavirus outbreak. The 26-second video has been shared more than 28,000 times after being posted  here  on Facebook on March 29.    The post's caption states: ""Chinese people destroying 5g towers. Thinking that this is the cause of the virus"".    Below is a screenshot of the misleading post:            The footage circulated online as the world attempted to slow down the spread of the novel coronavirus, which has killed more than 62,784 people and infected more than 1.1 million others worldwide, according to  this  World Health Organization (WHO) report on April 5.   The video was also shared on Facebook  here ,  here ,  here  and  here ; and  here ,  here  and  here  on Twitter, Instagram and YouTube alongside a similar claim.  ",real,Rahul Menon
A video of a large explosion has been viewed hundreds of times in multiple Facebook Twitter and Vimeo posts alongside a claim that it shows a blast in January 2020 in the Chinese city of Wuhan the epicentre of an ongoing novel coronavirus epidemic. The claim is false; the video shows a deadly explosion in Tianjin a port city in northeast China in August 2015. This  video has been viewed more than 250 times after it was uploaded to Vimeo on January 25 2020.  The video titled Large Explosion in Wuhan China contains the following caption: This happened a few hours ago in wuhan likely the Chinese government began to kill its own people to control the virus.    Below is a screenshot of the misleading post:            The novel coronavirus has killed more than 1300 people and infected almost 60000 others in China after it was discovered in Wuhan AFP reported  here  on February 13 2020.    The video was also shared with a similar claim  here   here  and  here  on Twitter and  here  and  here  on Facebook.    ,real,Yash Saxena
"A five year old photo of Kamal Nath presenting an award is shared with a new spin on Facebook.   CLAIM:  Congress leader Kamal Nath received the award for Asia's most honest parliamentarian.   RATING:  False.   An unofficial Facebook page called 'Congress For Madhya Pradesh' posted an image of Congress leader and Chhindwara parliamentarian Kamal Nath at an awards ceremony, on October 14, 2018.  The text of the post claimed, ""Proud moment for Madhya Pradesh'. Congratulations to the people of Madhya Pradesh as Congress leader Kamal Nath was awarded 'Asia's Most Honest Parliamentarian.""   The post received over 4,800 shares and 2,400 reactions at time of writing this story. ",real,Karan Das
"The viral clip has been culled from a Pakistani gamer’s YouTube channel. ""TURKISH AIRLINE WITH 300 PASSENGERS ESCAPE TERROR ATTACK. Watch the video of an attempted terrorist attack of an A380 aircraft, belonging to the Turkish Airline, with over 300 passengers on board as it tried to land. Thank God the experienced pilot was able to manoeuvres the aircraft to avoid a collision  with the loaded fuel tanker."" ",real,Arjun Kulkarni
"Zomato's disclosure about a cyber theft is commendable but is it downplaying a serious attack?         Zomato's disclosure that it suffered a cyber security breach and a subsequent update about it plugging the leak raises questions whether India's most well funded food tech company has been fully transparent about the extent of the attack and potential financial risks to customers.   The start-up led by Deepinder Goyal, on May 18th said 17 million user records were stolen from its database but that no payment or credit card data was stolen or leaked.   In its official blog, the online restaurant guide and food delivery app said since the stolen information was encrypted it could not easily be converted to plain text by hackers.   [blockquote width='100'] ""We hash passwords with a one-way hashing algorithm, with multiple hashing iterations and individual salt per password. This means your password cannot be easily converted back to plain text. We however, strongly advise you to change your password for any other services where you are using the same password,"" Gunjan Patidar, Chief Technology Officer wrote. [/blockquote]   However, the blog post lacked specifics about when and where the attack took place and how Zomato discovered the same. The post also did not talk about accounts that were tied to Facebook and Google or whether Zomato had reached out to affected users, individually.   (In its updated post the company now says it did not have any passwords for users that used Facebook and Google to log in to its site and therefore those passwords are safe.)   There is also evidence that the original blog post was edited a few times as this tweet from Pranesh Prakash, Policy Director at the Centre for Internet and Society (CIS) in Bangalore, suggests.     @HackRead   @Zomato  The old  #Zomato  blog post gave very bad advice and didn't mention salting. Revised post mentions salting and gives better advice  #databreach   pic.twitter.com/a4JROjBPrl  Pranesh Prakash (@pranesh)  May 18, 2017         ZOMATO DATA WAS UP FOR SALE ON DARK WEB   Several hours before Zomato's first official blog post on the breach, HackRead reported 17 million  hacked  account details from Zomato were up for sale on Dark Web. HackRead also reported that it found a vendor going by the name ""nclay"", who claimed to have hacked Zomato and was demanding $1,001.43 (Bitcoin 0.5587) for the data.   This is important as Zomato's original post did not mention the stolen data was up for sale on Dark Web.   ""Zomato is spot on about everything in their blog post but one and the most crucial thing they didn't mention properly is that fact that the leaked passwords are encrypted with simple MD5 hashes which can be decrypted within a few seconds,"" Waqas Amir  who broke the story for HackRead told ",real,Ananya Khan
"Over 50 nurses in two private medical hospitals test positive after patients with no symptoms test positive for COVID-19 eventually Doctors, nurses, and medical staff have tested positive for COVID-19 in two private hospitals in Mumbai raising questions about the safety of medical professionals. Medical professionals have to use Personal Protective Equipment (PPE) while tending to COVID-19 positive patients. But the unions representing these professionals have expressed fear that a shortage of PPEs in India  is putting them at risk of getting exposed to the virus and contracting it. Various hospitals and associations have appealed to state authorities to look into this issue as it leaves the medical fraternity at risk of getting infected by the virus. Wockhardt hospital, one of the two private hospitals has reported around  52  positive cases, making it one of the hotspots in Mumbai that has reported over 600 cases. Another prominent private hospital in Mumbai, Jaslok Hospital also reported  nurses  testing positive for the virus. The staff of both the hospitals were exposed to the virus as two patients who were earlier asymptomatic later tested positive for the virus.  The issue of medical staff being at risk has been highlighted even in New York as the US state has over 1.5 lakh positive cases and the number of medical staff testing positive for the virus have been increasing. New York also reported the  death  of two nurses who contracted the virus while on duty which has led to an increase in panic among the medical fraternity.  But unlike the US, India has not yet entered the mass transmission phase. Hence the worry about major prominent hospitals going out of action and the impact it will have incase the city sees a major spike in cases in the coming weeks.  Three doctors, 17 nursing officers and one sanitation officer have also tested positive for the virus at Delhi State Cancer Institute in the capital.  Medical Staff Affected In Mumbai Two patients with pre-existing health morbidities got admitted to the non-isolation wards of the two hospitals for treatment. They developed symptoms a few days after their respective surgeries and were immediately tested. Since the patients were asymptomatic at first, they were not kept in the containment zones.  At Jaslok hospital, a patient who had come for treatment for bladder cancer and who further required a dialysis developed symptoms later. Jaslok also reported a COVID-19 death. The nurses and doctor tending to the patients were tested and one of the nurses tested positive. Over a few days, other nurses and a ward boy tested positive for the virus.  At Wockhardt, a heart patient was admitted with a cardiac emergency and was asymptomatic at first but later developed symptoms and was shifted to the isolation ward at the hospital. Nurses,  medical staff, and doctors who came in contact with the patient tested positive and have been shifted to the government's isolation wards at Seven Hills. Over 52 medical staff tested positive for the virus. Wockhardt Hospital also reported a death due to the virus.  Both the hospitals have been identified as containment zones by the Municipal Corporation in Mumbai and have temporarily suspended outpatient services. Employee unions have accused the hospitals of being negligent in the process. ",real,Sameer Pandey
"The images are from 2016, capturing an abandoned parking lot in Chengdu, China. A Facebook post shared hundreds of times purports to show luxury cars owned by leaders from South Africa's ruling African National Congress (ANC) party hidden away in bushes in Limpopo province. The claim is false -- the images, taken in 2016, actually show cars abandoned in a parking lot in Chengdu, China. The Facebook post, which we've  archived here , has been shared at least 800 times. It shows three different images of various vehicles alongside the claim: ""#ANC Leaders is Limpopo are hiding their expensive machines in the Bushes after receiving Police Tip Offs [sic].""         A screenshot taken on February 13, 2020 of the misleading Facebook post     The claim is widely shared on a page called  Cde Conty Lebepe,The Voice  and on this  account  with a similar name.   A Google search of ""Conty Lebepe"" reveals this  Sunday World article  from March 26, 2019, titled ""Self-styled whistle-blower in hot water"". The article describes how Lebepe -- a politician himself -- was being sued for alleged defamation and contravened a protection order against him.  ALSO READ:   Did A Street Disinfection For Coronavirus In China Cause A Rainbow?     Another article by  News24 , ""Defiant UDM leader to fight expulsion"", details Lebepe's expulsion from the United Democratic Movement as its Limpopo provincial coordinator after criticising colleagues on social media.         Screenshots taken of media reports about Conty Lebepe      The Facebook post is misleading -- and it is not an original.    This Facebook  post  from June 11, 2016, for instance, which uses the same photos, claimed to show Nigerian politicians hiding expensive cars from  the country's Economic and Financial Crimes Commission (EFCC)  and was  debunked by Legit .         A screenshot taken on February 13, 2020 of the misleading Facebook post published in 2016 ALSO READ:  Trump In India: Video Of Taj Replica In Bhopal Being Cleaned Goes Viral   Where were these photos taken?   A reverse image search found numerous articles from a few days before the Nigerian post, one of them in the UK's  Daily Mail , referring to a ""car graveyard"" or ""tyrant's car park"". These linked to a June 2, 2016 article from  People's Daily Online , a Chinese state media organisation.         A screenshot taken on February 14, 2020 of the Google search results     These reports explained that more than 200 unclaimed cars were parked in a public parking lot on Yixinqiao Street, in China's Jinjiang District, Chengdu -- among them two Bentleys, two Land Rover Discovery sports utility vehicles and a Mercedes-Benz GL550.   ALSO READ:   Fake Quote On Pulwama Attacks Attributed To Comedian Kunal Kamra   Most reportedly were linked to ongoing criminal cases, meaning their owners were prohibited from claiming them.   AFP ",real,Neha Iyer
"A video from an Algerian TV show is being shared with the claim that COVID-19 patients in Italy are committing suicide. The 43-second video was published on Facebook  here  on April 7, 2020.   The post's simplified and traditional Chinese caption translates to English as: ""Too horrible to see, non-hospitalized patients with novel coronavirus pneumonia in the United States choose to jump into the sea; while some in Italy suffering from that illness with neither money nor food! And they all choose to commit suicide, the old mother saw her daughter hanging outside the balcony. How sad!    ""This is the free Lord worshipped by the foreign country's brown-nosers. Is the United States that great and full of happiness? Free speech? Human rights and freedom? And even air is fresher there than that in China?""   Below is a screenshot of the misleading Facebook post:         Screenshot of the misleading Facebook post     The video also includes an Arabic voiceover that translates to English as: ""Oh lord... oh lord, tell her she should not pull the rope, tell her... look, look at her mother, Lord have mercy, we must call the ambulance, God is great, God is Great, call the ambulance Wassim."" ALSO READ: No, This Photo Is Not Of Italian Nurses Who Were Treating COVID-19 Patients   The video was also shared alongside a similar claim on Facebook  here ,  here  and  here  Facebook, and on Twitter  here .",real,Nandini Choudhary
"Police dismiss false claims that the Australian factory was stocked with products to export to COVID-19 battling China. A post has been shared tens of thousands of times on Facebook and Twitter which claims that a factory in the Australian city of Melbourne has been hoarding essential supplies including baby formula, toilet paper and hand sanitiser for export to China during the novel coronavirus pandemic. The claim is false; police said the accusation was ""false"". The company cited in the misleading posts also refuted the claim. This  Facebook post was published on March 20, 2020. It has been shared more than 95,000 times.   Below is a screenshot of the misleading post:           It reads in part: ""When i got there i could not believe my eyes the hole factory is full with our food!! THATS RIGHT PEOPLE!! All the rumours u may have heard about Chinese people buying up all our stock from super markets well its not a rumour!! Its TRUE...... The hole joint was full of repacked boxes of BABY FORMULA, TOILET PAPER, PALLETS OF HAND SANITIZER, TISSUES, FEMININE HYGIENE PRODUCTS and thats just a start!! They had everything from cleaning products to food pasta, rice, tinned goods, pet food even medicine and boxes of paracetamol/panadol!! When i asked the asian guy told me they have been packing 2 shipping containers full everyday and sending it all back to China!! And the company responsible for shipping it all is a company called  Freight Net  factory 9c international square  in tullamarine.  Share the shit out of this people get the word out there this kind of thing needs to stop!!""   A similar claim was also shared  here ,  here , and  here  on Facebook; as well as  here  and  here  on Twitter. ",real,Nandini Choudhary
 The images from Kanpur and Guwahati date back to 2017 and 2011 respectively TMC members attacking CRPF personnel in Kolkata. (Hindi:   CRPF        TMC ),real,Ananya Mehta
"No, this is not a photo of Rahul Gandhi's rally in Bikaner, Rajasthan.   A Facebook page named 'Rahul Gandhi for PM' on Wednesday shared a 2013 photo of then Haryana Chief Minister Bhupinder Singh Hooda's rally in Sonepat as Rahul Gandhi's rally in Bikaner, Rajasthan on October 10, 2018.   The page, which has over 2,80,000 followers on Facebook, shared a photo claiming the Congress president drew a record crowd of 25 lakh, beating the previously held record by his grandmother and former Prime Minister Indira Gandhi.   The post has already received over 13,000 shares on Facebook, at the time of writing this story.",real,Simran Bose
"The TV broadcast on scientists working on a vaccine for the novel Coronavirus sees a hasty switch to bananas & viruses. A video has been shared repeatedly in multiple posts on Facebook, Twitter and YouTube which claim it shows a genuine news report about Australian researchers discovering bananas can help prevent infection by the novel coronavirus, COVID-19. The claim is false; the video has been doctored from a news report by the Australian television channel ABC to include references to bananas; the scientist cited in the report told AFP the claim is untrue. The 58-second video was published in  this  Facebook post on March 15, 2020.   The first three seconds of the video show the beginning of a news report, bearing the logo of Australia's public broadcaster  ABC News . The news presenter  Kathryn Robinson  can be heard saying: ""Scientists from the University of Queensland are confident they'll be able to develop a vaccine for the deadly coronavirus.""    The video then switches to a collage of visualisations of bananas and viruses. The text overlay from the video's 38-second mark states: ""Research made by scientists from the University of Queensland in  Australia have proven that bananas, improve your inmune [sic] system due to the super source of Vitamins B-6 and helps prevent coronavirus. Having a banana a day keeps the coronavirus AWAY"".    Below is a screenshot of the misleading post:         Screenshot of Facebook post     The post's Tagalog-language caption translates to English as: ""According to University of Queensland Scientists - Banana, effective defence against COVID-19.""   The COVID-19 pandemic has has killed at least 7,900 people and infected some 190,000 others, as stated in  this  AFP report on March 18, 2020.  ALSO READ :   Vegan Food Shelf Untouched In Panic Buying Post Coronavirus Outbreak?   The video was also shared   here  on Facebook;  here  on YouTube and  here  on Twitter alongside a similar claim.   The Philippine presidential spokesperson Salvador Panelo also made a similar claim about the supposed anti-COVID-19 properties of bananas in  this  March 16, 2020 press briefing. In a mix of Tagalog and English, he said: ""I have read many things on how to destroy or contain, to kill the virus I saw on the internet that bananas are a good defense"".  ",real,Kunal Iyer
"An old video showing a plastic recycling unit has been revived to spread a hoax of plastic rice being made in China. ""See how China is making plastic rice""  (Translated from Bengali text -         Fact The video actually shows a plastic recycling unit, which can be seen converting plastic waste into pellets that look similar to rice grains. The same video has been used to create a scare about 'plastic rice', over the last few years.",real,Manav Choudhary
"Doctor's posts do not follow the advertising norms and have been termed as misleading by the advertising industry and medical professionals Dr. Pradeep Gupta, principal of a homeopathic medical college and hospital in Agra has tweeted that he can cure diabetes in 2 days. To substantiate his claims, Gupta shared videos of patients at his hospital on social media. Diabetes cured in 2 days @ Naiminath Homoeopathic Hospital, Agra, India # India's first NABH accredited Homoeopathic Hospital  pic.twitter.com/19WkDC1tDC  Pradeep Kumar Gupta (@Pradeep26589952)  August 20, 2019   You can see the archived link of the tweet  here .   The homeopathic doctor has also uploaded another video where he can be seen discussing with a patient about her chronic renal (kidney) failure and diabetic retinopathy (eyes affected because of diabetes) treatment.  A case of diabetes having chronic Renal failure and diabetic retinopathypathy is under going Homoeopathic treatment in Naiminath Homoeopathic Hospital, Agra.  pic.twitter.com/2CLQC3PDlf  Pradeep Kumar Gupta (@Pradeep26589952)  August 19, 2019   When Twitter user Saltator responded to his tweet saying that such a step could lead to an increase of acids in the blood of the patient, Dr. Pradeep Gupta responded by accusing the user to be ignorant of the merits of homeopathy. This is your ignorance, about Homoeopathy.  Pradeep Kumar Gupta (@Pradeep26589952)  August 21, 2019   ASCI responds The Advertising Standards Council of India tweeted to the doctor asking him to not spread misinformation and that his tweet violates medical ethics and medicine norms.  This claim appears be in violation of  #DMR  regulations as well in violation of the advisory by Central Council of Indian Medicine  #CCIM  Kindly note  @AIIA_NDelhi   @moayush  ASCI 77100 12345 (@ascionline)  August 20, 2019   ",real,Arjun Bose
"The Nobel Laureate has not made any such statement while evidence suggests that SARS-CoV-2 is a natural virus A viral message claiming Japanese Nobel laureate Tasuku Honjo declared that SARS-CoV-2, the coronavirus responsible for COVID-19 is man-made is false. Honjo has not made any statements about the origin of coronavirus.  The message also claims that Honjo worked with the Wuhan laboratory for four years. BOOM looked through Honjo's profiles on the Nobel site as well as the Kyoto University website. The Nobel laureate's profile does not mention the professor ever collaborating with the Wuhan laboratory.  Furthermore, international publications like the Nature and the Lancet have published epidemiological studies which have researched the genomic sequence of SARS-CoV-2 and have found that the virus is not man-made but has a natural origin.  The claim is circulating on all social media platforms in various languages. BOOM has received the claim in both English and Hindi. The claim discusses that Nobel Laureate Tasuku Honjo announced to the media that the coronavirus is not a natural virus. The claim also further states that if the virus was natural it would have only spread to specific areas and states how varying temperatures of different countries could not contain the spread of the virus.  BOOM received the message on its WhatsApp helpline requesting the verification of the same.    The claim is also viral on Twitter with a Hindi caption and an image.         4          #_   ,             pic.twitter.com/ukrx2gH6Tw  MANOJ KUMAR MEENA (@MANOJMEENARAJ)  April 24, 2020 Also Read:  A US Patent On The Novel Coronavirus? Conspiracy Theories Brew Online ",real,Nikhil Rao
"deo which shows a bridge appearing to shake has been shared hundreds of times in multiple posts on Facebook alongside a claim that it is the ""Macau-Hongkong"" bridge. The claim is false; the video shows an incident on a different bridge in the Chinese city of Humen in Guangdong province.   The  video  has been shared more than 1,000 times after it was posted on Facebook on May 7, 2020.   The 14-second video shows the surface of a bridge appearing to ripple like waves.       Screenshot of the misleading post     The post's Javanese-language caption translates to English as: ""Sister, is this true? it is said that this is the Macau-Hongkong bridge. It is on TV this morning...the bridge looks like it is breathing.""   The video was also shared on Facebook alongside a similar claim in Javanese  here  and  here ; and  here  in Indonesian. ",real,Aisha Chawla
"The World Health Organization has stated that masks are not fully effective against the recent outbreak of COVID-19   A recent tweet by Anand Mahindra, founder of Mahindra and Mahindra group of companies claiming a mask he had been gifted ""destroys viruses"" is false. His tweet was criticised by a few medical professionals as masks have not been proven to destroy any such viruses.  Mahindra in his tweet included a picture of the mask a - N95 - and thanked a friend for gifting it to him.  The ongoing hysteria around COVID-19, a Coronavirus strain that has impacted over 158 countries, has led to people actively hoarding masks and wearing them for regular use which are even inducing a sense of fear among people who are not currently wearing masks. The prices of the masks have also sky-rocketed. The World Health Organization has also stated that masks do not kill any viruses and should only be worn by people who are either exhibiting symptoms of the virus or are tending to the sick.  Mahindra found himself in the line of crossfire as his tweet stated that these reusable, washable masks had the ability to ""destroy viruses."" These masks are being made by a company called Livinguard whose board member Ashok Kurien gifted this ""anti-pollution"" N95 mask to Mahindra.   to my friend Ashok Kurien, who sent me the best gift for these times! Proud to learn that an Indian inventor's Swiss company has come out with these washable,reusable masks that destroy viruses. They're stepping up production in India.  https://t.co/uZv23cAM7j   pic.twitter.com/YFawmDhvcY  anand mahindra (@anandmahindra)  March 13, 2020 Mahindra received backlash as Twitter users requested him to not promote news which was not scientifically backed. Mr. Mahindra No mask that we know of can ""destroy the virus"" as you have written in your post. Kindly correct this ASAP since you are a public personality. All masks only assist in personal protection from air borne infection.  M (@pseudo_sapiens)  March 13, 2020 Also Read:  No, Cristiano Ronaldo's Hotels Will Not Be Turned Into Hospitals For Coronavirus Patients     ",real,Manav Iyengar
"Posts falsely claim that China is moving troops into a city near its border with North Korea. The video was published  here  on YouTube on April 26, 2020. It has been viewed more than 20,000 times.   The 54-second video purports to show several military vehicles travelling along a street.    The simplified Chinese-language text superimposed on the left-hand side of the footage translates to English as: ""Truth is life""; ""Military vehicles on Dandong streets / Crisis at the China-North Korea border"". ALSO READ: Exclusive Video Of Kim Jong-un's Funeral? Not Quite   The caption alongside the video translates to English as: ""[Citizen journalist] Breaking news! Crisis at the China-North Korea border! Military and missile vehicles on the streets of Dandong~""   Dandong  is a city located in the Chinese province of Liaoning, at the border with North Korea.   Below is a screenshot of the misleading YouTube video:         Screenshot of the misleading YouTube video     The video was also shared on Twitter  here ,  here  and  here , with a similar claim in both Chinese and French.   The claim circulated online in late April 2020, when health speculation on North Korean leader Kim Jong Un was sparked by observations that he was noticeably missing from state media coverage of the 88th anniversary of the founding of the country's armed forces, the Korean People's Revolutionary Army.  Here  is an AFP report about the developments published on April 27. ",real,Nikhil Rao
"The speculation around iPhone 6 is getting strongerwith the launch set for September 9, 2014. In New York, a duo paid $2,500 to be first in line outside the local Apple store to buy the phone. To be named either iPhone 6A or iPhone6 Air, it is expected to be priced higher than the existing iPhone5.  ",real,Ananya Mehta
"Fake message attributed to renowned oncologist has resurfaced and is circulating on social media A viral message claiming that a leading oncologist from Tata Memorial Hospital in Mumbai stated that hot coconut water kills cancer kills is false.       Furthermore, it can not be proved scientifically.        This viral message has been attributed to Dr. Rajendra Badwe, Director of Tata Memorial Centre, one of the leading hospitals for cancer care in India.        The message is viral on Whatsapp and Facebook. It states that the oncologist claims that consuming water made by mixing coconut flakes into hot water affects and kills malignant, dangerous cancer cells without affecting the healthy ones.        Whatsapp message claiming coconut water kills cancer cells.        This message has been viral since May this year and has resurfaced on August 28th.               Did The Doctor Speak About Coconut Water?       ",real,Kavya Choudhary
"The volunteer, herself, has dismissed the report, which was also denied by UK health officials. The claim was published  here  in South Africa on a website called News NT. Since it was posted on Facebook on April 25, 2020, it has been shared nearly 70,000 times and seen by more than two million people, according to data provided by the social network.         A screenshot taken on April 27, 2020, showing the misleading publication     According to News NT, microbiologist Elisa Granato died two days after she was administered Britain's first trial COVID-19 vaccine. ""A statement by the researchers said Elisa had complications few hours after taking the vaccine and died while on admission (sic),"" the article read.   Granato was one of the first two people to take part in the  human trial  of a new COVID-19 vaccine at Oxford University on April 23, 2020. The scientist  told  BBC in an interview that the decision was to ""support the scientific process"".     As part of the process, the Oxford Vaccine Group, which is conducting the trial, hopes to vaccinate about 800 more people in Britain in the next month.   History of misinformation   The viral claim appears on Twitter  here  and  here , while the link to the publication was also shared in several Facebook posts published globally, including in  Australia ,  Nigeria ,  Kenya  and the  US .  ALSO READ: No, Aspirin Mixed With Lemon Juice And Honey Will Not Cure COVID-19   But the website has a history of spreading misinformation about the coronavirus pandemic, and there is no evidence to support the claim.   In March 2020, Guyana's health ministry  rejected  as ""fake news"" a News NT's article that a family of three in the capital Georgetown died before testing positive for coronavirus.   The site recently published an article that Nigerian President Muhammadu Buhari had tested positive for the virus and was receiving treatment in an isolation ward after the death of his chief of staff, Abbah Kyari.   ",real,Aditya Saxena
"Substandard medicines could be three times more prevalent than the government says, two new studies show. more   The data of two new studies have serious implications on health in a country where 58.2% of the total health expenditure is an out-of-pocket cost burden on people, according to the  World Health Organization , and where medicines alone account for between  70% and 77%  of health spending.   Substandard drugs work less effectively, causing disease to run a longer course, and can even require a new prescription during treatment. Substandard drugs also contribute to antibacterial resistance, a threat that has doubled in the last five years in India,  IndiaSpend reported  earlier.   About 4.5% of the drugs in the Indian market are substandard, according to surveys by the Central Drug Standard Control Organisation (CDSCO), the official regulatory authority.   Reputed brands too fail to meet quality standards   Experts believe that more lucrative  routinely prescribed drugs are at higher risk  of failing quality standards, as this new  study , published in the December 2015  Journal of Applied Pharmaceutical Science , concluded, after testing 32 samples of diclofenac sodium, a popular pain killer. A  second study , published in 2016 in the  International Journal of Pharmacy and Pharmaceutical Sciences , evaluated 46 samples of amoxicillin trihydrate, a fast-moving antibiotic.   We found a substandard medicine incidence of 15.62% for diclofenac sodium and 13.04% for amoxicillin trihydrate, said Ahmed Nawaz Khan, study co-author and assistant professor, Department of Pharmacy, Jaypee University of Information Technology, Solan.   Even some higher-priced medicines from reputed sellers failed to measure up. This is sad because many consumers shell out more for reputed brands, believing those products are better, said Khan.       To make the grade, a tablet must contain between 90% and 110% of the active ingredient named on the label, according to the  Indian Pharmacopoeia Commission , an autonomous Indian health ministry institution. However, the CDSCO offers a  5% grace margin  on that lower limit, a leeway Khan called needless.   If the more stringent Indian Pharmacopoeia specification was made the yardstick for quality, twice the number of samples of Khans study would fall short. The implications of this finding: Borderline quality suggests a lack of quality control, said Khan.   If you cant measure drug quality, you cant manage it   Government surveys reveal a falling incidence of substandard and spurious drugs in the Indian marketfrom about 9% in the mid 1990s, as this 2015  International Journal of Pharmacy and Pharmaceutical Sciences   study  cited, to 4.5% in recent years.   Spurious medicines alone, distinguishable from substandard products for being imitations of (usually) popular branded drugs, with ingredients that may or may not match their label, make up a negligible part of the Indian drug market as per the CDSCO0.046% according to its 2009  Report on Countrywide Survey for Spurious Drugs  and 0.11%, according to last years regular sampling.   Source:  Indian Council for Research on International Economic Relations   Based on these data, the government has  taken exception  to high fake-drugs figures for India in the media, figures that have been reported and later withdrawn:     35% of counterfeit drugs supplied worldwide come from India, according to the WHO, said this   The Economic Times  report in 2003. Subsequently, the WHO said it had been misquoted, and continues to maintain that it has not undertaken any survey to map the extent of spurious drugs in the Indian market.   25% of medicines sold in India are fake, counterfeit or substandard, said the 2014  Fake and Counterfeit Drugs in India",real,Manav Bose
"The viral video is actually of a mock drill conducted by police officials in Maharashtra’s Amravati. ""RSS terrorists new batch has been caught in Maharashtra University hostel where 25 students were caught making bombs in 55 rooms which are now sealed. Media is silent because there is not a single Muslim caught, all are RSS terrorists.""  ",real,Ananya Khan
"People living near the outbreak zone have been advised to avoid any exposure to sick pigs, bats and should also avoid drinking raw date palm sap. Kerala recorded its first case of the Nipah virus this year after a student from Ernakulam district was admitted to a private hospital last week. The outbreak  led to 17  deaths  last year, in just two districts of the state - Kozhikode and Malappuram.          In 2018, after the outbreak of Nipah, nearly 3,000 people were placed in quarantine in Kerala and there were 23  suspected  cases, of which 18 were confirmed though lab tests.         Nipah virus is transmitted from animals to humans and can also be transmitted through contaminated food or direct contact between humans.                  The condition of the infected student is currently stable and being treated   at the isolation ward of Kalamassery Medical College Hospital where he has survived for more than 10 days.       A total of 311 people from various districts of the state have been kept under observation  according  to the Health Minister of Kerala, KK Shailaja.        The central government assured its support to Kerala Government to manage Nipah Virus and has deployed a team with six officers for epidemiological investigation protocol, contact tracing for early detection of suspects, testing protocols for suspects and review of isolation facilities. (Read  more )       Symptoms        Nipah causes a range of illnesses from acute respiratory illness and fatal encephalitis (inflammation of the brain). Similarly it causes severe diseases in animals such as pigs,  states  the World Health Organisation (WHO).       Symptoms include fever, headache, drowsiness, respiratory illness, disorientation and mental confusion. These signs could also progress to coma within 24-48 hours as there is no vaccine available for the disease.       These symptoms start to appear after five to 14 days after exposure to Nipah virus.       One is advised to avoid any exposure to sick pigs, bats and should also avoid drinking raw date palm sap in an area where the outbreak has been reported.        History of Nipah Outbreaks       The first Nipah outbreak happened in Kampung Sungai Nipah, Malaysia in 1998, followed by Bangladesh in 2014.        The main reason identified in Bangladesh was because humans consumed date palm sap that had been contaminated by infected fruit bats.        The Nipah virus is highly contagious among pigs which spread by coughing and was identified as the main mode of transmission in the 1999 outbreak in Malaysia.        The first reported outbreak in India was in 2001 in Siliguri, West Bengal which was caused due to the transmission of the virus from humans to humans.       Last year when the Nipah outbreak hit the Kerala, the Indian Council of Medical Research (ICMR) had  confirmed  that fruit bats were the source of the virus.        Fake News around Nipah In 2018       There was confusion last time around in May 2018 when the virus had hit the state with fake WhatsApp forwards going viral.       ",real,Arjun Joshi
"A fake message claims the dengue can be prevented by applying coconut oil since the the mosquito cannot fly above the knee. A viral message claiming dengue fever can be prevented by applying coconut oil below your knees is fake. The message bearing the signature of a doctor claims that the dengue causing mosquito cannot fly higher than a person's knees and applying coconut oil acts as an antibiotic. BOOM contacted the doctor under whose name the fake message is viral. The doctor has denied having written such a prescription.       A photo showing a typed letter made to resemble a handwritten note and signed as Dr B Sukumar from Sai Sudha Hospital, Tirupati, Andhra Pradesh states, ""This message is to inform you all that Dengue viral is going on. So please use coconut oil below your knees till your footsteps. It is an antibiotic. And a Dengue mosquito can not fly higher than knees. So please keep this in mind & start using it. Spread this message to as much as you can. Your one message can save many life's.""       The Whatsapp viral image       BOOM found that the photo has been viral on social media sites since 2017 with various captions like, 'best way to prevent dengue', 'Use coconut oil and avoid dengue fever'             Tweets from 2017, 2018, and 2019       ",real,Anjali Mishra
" BOOM found that the incident is from Saudi Arabia and the video was recorded by the mother of the children being tortured. Video of a woman beating her minor children shared as, ""                     ""   BOOM has decided not to include the video.  Fact A disturbing video from 2018 of a woman brutally assaulting her two minor children in Saudi Arabia is being shared in India. The video, a series of clips, shows two toddlers being repeatedly hit on the face and on the head by the woman, who is not seen in the video. The clip also shows one of the babies deliberately dropped from a height causing the child to bleed. ",real,Vikram Choudhary
"The ministry's notification contradicted WHO's stance that there are no preventive and curative mechanisms for Coronavirus India's AYUSH Ministry's advisory recommending the use of Ayurvedic, Homeopathic and Unani medicines to prevent the Coronavirus was not received well online after several netizens including a few doctors expressed doubts whether such measures could stave off the deadly virus.  The ministry recommended a series of Ayurvedic concoctions, Homeopathic medicines, and Unani herbs for tackling the novel Coronavirus.  On January 29, 2020 the Press Information Bureauof India tweeted using  Homeopathic and Unani medicines for controlling Coronavirus which currently has no prevention or treatment mechanisms according to the World Health Organisation.  Advisory for  #CoronaVirus Homoeopathy for Prevention of Corona virus Infections Unani Medicines useful in the symptomatic management of Corona Virus infection Details here:  https://t.co/OXC7PtM7L3  PIB India (@PIB_India)  January 29, 2020 PIB subsequently followed this tweet with another tweet that highlighted Homeopathic and Unani medicines that could be provided for reducing symptoms for the respiratory possible infected cases of Coronavirus.  Advisory to recess the symptoms of respiratory tract in possible Corona virus infected cases Read the detailed advisory: https://t.co/hApX41NPx7  PIB India (@PIB_India)  January 29, 2020 Both these tweets were admonished by Twitter users with few members of the medical fraternity raising questions about the efficacy of such treatments. This actually gets worse when you read the detailed press release. A host of ayurvedic, homeopathic and unani preparations, with an unknown adverse effect profile, are being advised to counter  #CoronaVirus , based on what? A round table meeting of a group of AYUSH practicioners?  https://t.co/sSn7CVwDZE  The Zucker Doctor (@DoctorLFC)  January 29, 2020 What are the medicines recommended by the Ministry? The Ministry of AYUSH recommended few ayurvedic, few homeopathic and few Unani medicines for prophylactic measures for the novel Coronavirus.  Ayurveda The Ayurvedic recommendations revolve around maintaining personal hygiene through various preventive measures such as washing hands with soap, avoiding being in close proximity of people who are sick, and using N95 masks to avoid droplet transmission. Along with this, both the circulars also mention using certain concoctions which ayurvedic practitioners prescribe to treat common cold.  They have prescribed concoctions such as Shadanga paniya, Agastya Haritaki which are concoctions made with a lot of different herbs. Homeopathy The Central Council for Research in Homoeopathy(CCRH) met on January 28, 2020 for the 64th meeting of its Scientific Advisory Board after which they suggested methods to tackle Coronavirus. They suggested that the Arsenicum album 30 which is made with solutions of arsenic trioxide on an empty stomach for three days.  Unani Medicines The AYUSH ministry also stated a list of Unani medicines such as Sharbat Unnab, Tiryaq Arba, Tiryaq Nazla, Chiraita etc. Scientific Evidence?  Shadanga Paniya is an ayurvedic concoction used to treat fevers but there is no scientific evidence pertaining its use for colds. Ayurvedic websites also state that this should not be consumed with allopathic medicines. Even the Agastya Haritaki has not been linked to treating any Coronavirus. Ayurvedic academic journals discuss the effect of it on bronchitis depending on the severity of the case of the bronchitis.  Arsenicum album 30 recommended by the Homeopathic Council was used to treat neonatal diarrhoea in calves and has not been scientifically linked to curing any infections. It also uses arsenic trioxide which if not diluted properly can prove to be harmful for users.  Furthermore, there was no scientific evidence to prove that the Unani medicines reduce virulence of the existing virus.  What do experts say?    ",real,Sameer Kulkarni
"Posts on social media are falsely claiming that the US CDC is cutting reported COVID-19 death toll. ""The CDC has officially almost HALVED the number of COVID-19 deaths listed on their website. This is HUGE,"" a May 2, 2020  Facebook post  says alongside images of two sets of CDC statistics.   ""This means that the data is no longer trustworthy. Shocker,"" the post says.   But the statistics do not represent a reduction in the CDC's toll: one number is based on data from death certificates while the other relies on information from US states, including confirmed and probable deaths due to the disease.         A screenshot of a Facebook post taken on May 7, 2020     The claim about the CDC's death toll has also been made on Facebook  here ,  here  and  here , on Twitter  here ,  here  and  here , and on Instagram  here .   ",real,Ananya Mehta
"The internet is calling out the PM for stating just 2,200 people have filed taxes with an income greater than ₹1 crore.   					  				Users of social media have misquoted Prime Minister Narendra Modi, who said that merely 2,200 taxpayer professionals declared an income of more than 1 crores. These users are calling out Modi, citing data from the income tax department according to which 97,689 individuals have filed returns with a total income of more than 1 crore (in AY 18-19), leaving out the nuance in Modi's speech where he specifically referred to professionals. He was referring to professionals such as scientists, engineers, doctors, lawyers, actors and accountants. However, ",real,Ishita Nair
"Images of the elephant and rhino have been digitally altered to illustrate a proposed anti-poaching strategy using dye. Images of an elephant with pink tusks and a rhino sporting a brightly coloured horn have resurfaced on social media as part of a viral meme. Purported to be examples of a new strategy to deter poachers using a special dye, the pictures were digitally altered to illustrate a proposed conservation initiative that was ultimately dismissed as impractical and pricey. The Facebook post,  archived here , has been shared more than 43,500 times since 2015.         An image saved on March 2, 2020, from the misleading Facebook post     It claims that the dye makes the tusks and horn ""unsellable"" and unable to be consumed, while being perfectly harmless to the animal. ALSO READ:   90s Diabetes Awareness Poster Shared In Anti Vaccination Sentiment   A reverse image search of the meme finds a 2015  article  by Save The Rhino, titled ""Dyeing rhino horn and elephant ivory"".   It describes how in 2013 digital news and lifestyle magazine, Take Part, reported on efforts by a private game reserve in South Africa to deter poachers and devalue rhino horns by injecting a liquid pink dye -- toxic only to humans -- into the horns of 100 rhinos.   ALSO READ:  Fake Message Claims China Producing Corned Beef With Human Body Parts   An  archived version  of the Take Part page shows an image of a rhino with a purple horn and a caption that reads: ""This photo has been digitally altered and is not an actual photo of a rhino at Sabi Sand. (Photo: Heinrich van den Berg/Getty)"".         A screenshot taken on March 2, 2020 of the rhino image and its original caption on Take Part ",real,Karan Gupta
"Social Media posts falsely state that patients positive for the viral disease only had a history of visiting the grocery. A claim that data from a hospital in the Philippines shows a correlation between grocery shopping and COVID-19 has been shared more than 1,000 times on Facebook and Twitter. This is misleading; the hospital refuted the claim, saying ""no such observed trend"" had been found among its COVID-19 patients. The claim has been shared more than 1,600 times after being published in  this  Facebook post on April 4, 2020.    The Tagalog-language meme in the post translates to English as: ""From PGH statistics. Their new cases of Covid. The history of movement. They only went to the Grocery.""   PGH  is an acronym for Philippine General Hospital, a state-owned hospital located in the capital Manila.   Below is a screenshot of the misleading post:         Screenshot of Facebook post     Similar claims were shared  here ,  here  and  here  on Facebook and  here  on Twitter. ",real,Nikhil Pillai
The incident is from 2015 when an engineering student had slapped Abhishek Banerjee while he was speaking at a rally in east Midnapore district An old video showing MP and Mamata Banerjee's nephew Abhishek Banerjee being slapped on-stage has gone  viral  with the claim: Mamata Banerjee's nephew Abhishek Banerjee slapped in a rally in broad daylight. (Hindi:            ),real,Vikram Choudhary
"To dispel myths around the SIM swap fraud, BOOM lists down how this fraud is carried out and the steps that can be taken to prevent it from happening. SIM swap fraud is a real scam that has already affected many people in the past. However, a misleading WhatsApp message, purporting to explain how the SIM swap fraud is carried out, has gone viral on the instant messaging app.       In June, 2019,  Reliance Communications  and  Vodafone Idea  were ordered to compensate their customers for an amount of Rs. 8.5 lakh and Rs. 12.2 lakh, respectively, after they fell victim to a SIM swap fraud.       Since then, social media and instant messengers have been livid with misinformation regarding the scam that could potentially wipe out funds from your account.       Viral Message On SIM Swap       On June 25, 2019, BOOM received a message on its helpline that pretended to give a detailed account of how the SIM swap fraud is carried out to wipe out bank accounts by ""hacking someone's phone"".       Message received on BOOM's WhatsApp helpline       The WhatsApp message made the following claims:       Your network will momentarily go blind/ zero/ no signal/ zero bars and after a while a call will come through. A person on the other end of the call will tell you that he is calling from your cell phone company and that there is a problem in your mobile phone. You will be instructed to dial 1 on your phone to get the network back. After this, the network will appear suddenly and go blind again almost immediately. At this point, your phone will be hacked and within a second your bank account will be emptied.       Upon investigating, we found out that although SIM swap fraud is real, the process of the fraud mentioned in message is completely false.       ",real,Neha Iyer
"1)  Power minister Piyush Goyal tweeted a stock photo to highlight the governments achievement of illuminating 50,000 km of Indian roads with LED lights.
2) Fashion designer and BJP Maharashtra Spokesperson, Shaina NC shared an old and unrelated picture of Varnika Kundu, the woman who was allegedly stalked by Haryana BJP chief Subhash Baralas son Vikas Barala in Chandigarh recently. 
3) BJP Karnataka IT Cell posted a picture of a severely potholed road in Mumbai claiming it was Bangalore. Luckily for the party, Uttam Kumar Reddy, President of Telangana Pradesh Congress Committee shared the same image and claimed that the road was in Hyderabad.  
4)  a Save Bengal poster on social media to protest communal riots that rocked West Bengals North 24 Parganas district in July. The image was shared by many including BJP spokesperson Nupur Sharma. 
5)  BJPs national information and technology head Amit Malviya shared a 2015 picture from a riot that took place in Nadia district, West Bengal. Malviya did not clarify in his tweet that the picture was not recent but simply used the hashtag Save Bengal
6) Vijeta Malik, a BJP Haryana State Executive member shared a still from a Bhojpuri movie  Aurat Khilona Nahi"". The text that accompanied her post implied it was an actual photo from West Bengal. (Image courtesy Hindustan Times)
7)  Bollywood actor and parliamentarian Paresh Rawal shared an image from Iraq implying it to be flood rescue operations conducted by the Indian Army in Kashmir. 
8) Anumula Mahesh Kumar, whose Facebook's bio says that he is vice president of BJP SC Morcha in Telangana, shared  a horrific photo of a cow being skinned alive. 
9) National Spokesperson of the BJP Sambit Patra on a news debate held a photoshopped image of the iconic photo captured by Joe Rosenthal of five U.S. Marines and a navy sailor raising an American flag over the Japanese island of Iwo Jima.  
10) Minister of State, Heavy Industries and Public Enterprises, Babul Supriyo shared , thinking it was the actual bus stand
",real,Karan Trivedi
"Doctors refute the misleading online claim, say serious complications from the optional injections are ""extremely rare"". A photo has been shared repeatedly in multiple posts on Facebook which claim epidural injections compulsorily administered during childbirth are ""one of the worst and dangerous injections in the world"", resulting in chronic back pain. The posts also claim that some mothers have ""no choice"" about whether they receive an epidural injection. The claim is misleading; doctors say such serious complications from epidurals are ""extremely rare"", and the injections are optional. This  September 5, 2019 Facebook post shows a photo of an epidural procedure being performed on a woman during labour.    Below is a screenshot of the misleading post:         Screenshot of Facebook post     The text overlaid on the image reads, in part: ""Epidural injection is one of the worst and most dangerous injection in the world, and yet some mother's have no choice but to take it to bring their child into this world, and when they are around age forty the back pain starts endlessly leaving her in pain everyday, she won't be able to stand for long and can't sit in same position for long"".   The post's Tagalog caption states: ""That's why I can already feel it."" ALSO READ :  Can Drinking Bubble Tea Cause Gallstones?   An epidural is an injection given in the back, commonly used for pain relief during childbirth and certain types of surgery, according to the UK's National Health Service  website .   The same photo, taken from the  Getty Images website , was also shared  here  and  here  on Facebook, alongside a similar claim.  ",real,Kunal Rana
"The US disease experts had issued the graphic about facial hair and respirator use in an unrelated context in 2017. US media reports say the Centers for Disease Control and Prevention (CDC) issued facial hair recommendations for novel coronavirus prevention, citing an infographic. This is misleading; the graphic about facial hair and respirator use is more than two years old and is unrelated to the recent deadly outbreak. ""When it comes to novel coronavirus safety, the Centers for Disease Control and Prevention has some suggestions about facial hair,"" CNN said in an  article .   ""Side whiskers, soul patches, lampshades and handlebar moustaches are good to go, according to  a CDC infographic ,"" said the article, which has since been  corrected . ALSO READ:   Does Homeopathic Medicine Arsenicum Album 30 Prevent Coronavirus? A ",real,Meera Mehta
"A bunch of fake accounts spring up to troll Suchitra Krishnamoorthi's tweet on Azaan.     A slew of fake accounts appeared almost overnight to viciously troll singer and actress Suchitra Krishnamoorthi after she tweeted about a ""ear shattering call of Azaan"" on July 23rd.   In a dj vu episode of singer Sonu Nigam's outburst against Azaan on Twitter in April, Krishnamoorthi's tweet (below) sparked a tweetstorm attracting thousands of comments either in support or condemnation.   came home at 4.45 am 2 most aggressive/ ear shattering call of azaan. Nothing more lowlife & dumb than such extreme imposed religiousity  Suchitra (@suchitrak)  July 23, 2017 But the comments soon crossed all lines of civility with a number of handles calling her a prostitute. Krishnamoorthi then decided to take screenshots and make a collage of the abusive replies she received. Many users tagged Mumbai Police who in turn promised to forward her complaint to the city's cyber cell.     Look at these perverts! Feel sorry for my India -with this kind of attitude towards women its no wonder we've become rape capital of d world  pic.twitter.com/Hteg0IXRM8  Suchitra (@suchitrak)  July 25, 2017 Thank you for your prompt response. Yes i will complain at local station also   https://t.co/0n0gqyxbNK  Suchitra (@suchitrak)  July 26, 2017 Having written stories about organised trolling by fake accounts in the past, ",real,Nikhil Rao
"Online posts falsely use image of Spanish politician as allegedly asking the acclaimed footballers to find pandemic cure.   Posts on social media claim that a ""Spanish biological researcher"" called on international soccer stars Cristiano Ronaldo and Lionel Messi to find a cure for COVID-19 since they earn much more money than scientists. However, the accompanying photo shows a Spanish politician speaking in April 2018, well before the novel coronavirus outbreak. ""A Spanish biological researcher: 'You give the footballer 1 million euros a month & a biological researcher 1,800 per month, and you are now looking for a Coronavirus treatment. Go to Cristiano Ronaldo or Messi & they will get you a cure,'""  a Facebook post  reads, purportedly showing the researcher.   One million euros is about $1.1 million and 1,800 euros is about $2,000.   Posts making the claim have been shared thousands of times on social media since at least March 17, 2020, including on Facebook  here ,  here  and  here , on Instagram  here  and on Twitter  here .       A screenshot of the false Facebook post, taken March 31, 2020     By conducting a Google reverse image search, AFP found a press release with the same photograph, published on a  Moroccan government website  in April 2018, well before the emergence of the novel coronavirus in December 2019 in the Chinese city of Wuhan.   The woman in the photograph is identified as  Isabel Garcia Tejerina , Spain's then-minister of agriculture and fisheries, food and environment, who had visited the country for a meeting with her Moroccan counterpart. ALSO READ :  Quotes Attributed To Trump, Biden Traced Back To Author Hemingway   One of the microphones in the photo is from the MAP,  Agence Marocaine de Presse  (Moroccan Press Agency) and the other is from broadcaster  Al Maghribiya 's Channel 1, based on the logos of the news agencies.       Agence Marocaine de Presse logo         Al Maghribiya Channel 1 logo      On MAP's  YouTube channel , a video of the interview that corresponds with the image is available, published April 24, 2018. It identifies the interviewee as Garcia Tejerina.         Screenshot of YouTube video with Garcia Tejerina's April 2018 interview, taken March 27, 2020     In the interview, the minister speaks in French about the collaboration between Spain and Morocco in the agriculture sector and points out that the results presented by her counterpart ""are the reflection of the success of this plan for modernization of the sector: an increase in production, an increase in exports, an increase in agriculture's contribution to the wealth of Morocco.""  ALSO READ:  No, China And Japan Are Not Free Of The Novel Coronavirus   She does not say anything about Argentine soccer player Lionel Messi, who plays for the Spanish club Barcelona, or Portuguese player Cristiano Ronaldo, who plays for the Italian club Juventus.   Garcia Tejerina, an agricultural engineer and lawyer, left her position as minister in June 2018 after the government change in Spain, a few months after her visit to Morocco. Since 2019, she has been the Spanish parliament  deputy for Madrid  and a  deputy secretary for the Popular Party  (PP).   AFP ",real,Aditya Agarwal
"The viral video originally captures a 2011 choir concert footage from Turkey. A video has been viewed tens of thousands of times in multiple Facebook posts which claim it shows musicians from various religious backgrounds reciting the names of God in Islam during the novel coronavirus pandemic. The claim is false; the video shows a choir singing at a concert in Turkey in 2011. The three-minute 29-second footage was published  here  on Facebook on March 26, 2020. It has been viewed more than 13,000 times and shared 850 times.    The post's Indonesian-language caption translates to English as: ""The first time in World History. Musicians and Singers from the Followers of Islam, Christianity, Judaism and Buddhism came together to New Zealand reciting ASMAUL HUSNA (99 Names of ALLAH) in Arabic specifically to face the Covid 19 outbreak. Too much wisdom during the current covid 19 outbreak. WATCH IT until the end Guys.""    Below is a screenshot of the misleading post:         Screenshot of misleading post     A logo for  TRT Avaz , a Turkish media channel, can be seen in the top left-hand corner of the video.    As of April 13, 2020, the the novel coronavirus pandemic has killed more than 111,000 people and infected at least 1.8 million others, according to World Health Organization data published  here .    A video with a similar claim has been viewed more than 20,000 times and shared more than 2,800 times after it appeared in other Facebook posts  here ,  here ,  here   and  here .  ALSO READ:  Still From Grey's Anatomy Shared As Medical Staff Dead In Italy   The same footage with a similar claim in English can be seen  here ,  here   and  here ; as well as in Malaysian language  here   and  here . ",real,Aditya Saxena
"BOOM found that the viral video is from Jodhpur, Rajasthan in September 2017, and does not have religious angle. ""This video is horrifying what's happening in Pakistan today. These Muslims beat the hell out of this young Hindu girl & her mother & was forcefully taken away. Please I beg of everyone opposing the #CAA please re-think, in 1951 there were 12.9% Hindus in Pakistan & now only 1.6%.""",real,Neha Kapoor
"A photograph that looks like it's from a horror movie highlights a serious civic issue in Bangladesh.   (Image courtesy Nasif Imtiaz)   A grotesque image of a little girl posing in blood-stained rainwater after the festival of Eid al-Adha in Bangladesh went viral over the weekend with many speculating that the picture was photoshopped.   However, the photograph taken by Bangladeshi documentary photographer Nasif Imtiaz is authentic. Large scale livestock sacrifice on Eid al-Adha, coupled with heavy rains and poor drainage networks have left many residents in some parts of Bangladesh to wade through 'rivers of blood.'   Imtiaz shared the image on his personal Facebook page along with other images to prove that the photo was not digitally manipulated. The photograph was taken in Bangladesh's Narayanganj area.   ",real,Siddharth Kapoor
"Has the RBI issued new coins of 1000, 150 and 20 rupees? BOOM finds out. News reports about the Reserve Bank of India prepping to release new 200-rupee notes has given an opportunity to WhatsApp hoaxsters and fake news specialists to dust off old pictures and recycle them with fake messages sparking confusion among many. WhatsApp messages and social media posts like the one below say that the RBI has already issued a new one rupee note and coins of Rs. 20, Rs. 100 and Rs. 150. A variation of the message also shows a Rs. 1000 coin. So what's the truth.   The RBI's website has no recent posts about new currency denominations. (Click here to view its  press release  section) 2.",real,Neha Nair
" Experts say that hand sanitiser is safe to use around pets and only large amounts of it could be potentially toxic to animals. The misleading claim was published on Facebook  here  on April 1, 2020.   The post's text image reads: ""Please DO NOT pet your dog or any pet after using hand sanitiser. It contains ethanol glycol that's also found in anti-freeze that's toxic to them!! They might lick the area you've touched them. Please share to make others aware."" ALSO READ: Donald Trump's Idea To Treat COVID-19 With Disinfectant Will Cause Deaths     Below is a screenshot of the misleading post:           Other instances of the same post appeared on Facebook  here ,  here  and  here . ",real,Sameer Fernandes
"The original video from Switzerland, showing violent clashes following a football match, was shared a year ago and has been revived again with the same false claim ""Muslims attack motorists in Birmingham UK as they wanted to block the road and break their fast.""",real,Yash Pandey
"Posts being shared with an old video falsely claim that New Zealanders are learning how to do Islamic ablution. Footage purporting to show a group of New Zealanders who recently gathered to learn how to perform Islamic ablution has been viewed more than one million times on Facebook, Twitter and YouTube. The claim is false; the video has circulated online since early 2019 about a Friday prayer and solidarity event held in Christchurch, New Zealand, a week after a deadly mosque shooting in March 2019.    This  two-minute, 10-second video, which shows crowds of people in a park, was posted on Facebook on April 21, 2020. It has been watched more than 203,000 times and shared over 4,400 times.   The Indonesian-language caption translates to English as: ""Latest news from NEW ZEALAND  Subhanallah ,,,, the people of New Zealand learned to perform Wudu.  And Gather in a Field.  They began to study and explore Islam   If Allah Wills,,! All can happen.  Allahu Akbar !!!  Truly Allah Turns the Hearts of Men.""   Below is a screenshot of the misleading post:         Screenshot of the misleading post     "" Subhanallah "", which means ""Glory be to Allah"", is usually used by Muslims to express amazement or praise.     Wudu  is an Islamic ablution ritual performed with the intent of purification or dedication.  ALSO READ: Does This Video Show A Series Of Landmarks In Wuhan? A ",real,Tanya Chawla
"The recently viral image was part of campaign by the British Diabetic Association, now known as Diabetes UK. An image has been shared in multiple posts on Facebook which claim it shows the total number of vaccinations a child born in 2019 has been given. The claim is false; the image has been taken from a diabetes awareness poster distributed by a UK charity. This  Facebook post was published on February 27, 2020. ALSO READ:   Fake Al Jazeera Correspondent's Anti-Hindu Remark Angers Twitter Users   It shows an image of a child with syringes on her arms, stomach and legs, superimposed with the text: ""This is a visual of the EXACT NUMBER OF VACCINES that a ***BABY BORN IN 2019*** WILL RECEIVE. TELL ME IF YOU THINK THIS IS NORMAL??? Our children, grandchildren & great grandchildren are being poisoned. We MUST EXPOSE THIS.""   Below is a screenshot of the misleading post:           The image was also shared  here ,  here ,  here ,  here ,  here , and  here  on Facebook.",real,Pooja Trivedi
"Debunked images have resurfaced with claims that Muslim hotels on Gujarat, Rajasthan and Maharashtra highways are serving biryani laced with drugs to make Hindus impotent Alert, Alert!! Muslim hotels on highways of Rajasthan, Gujarat and Maharashtra are serving biryani to Hindus laced with tablets that can make one impotent. Avoid visiting these Muslim hotels. These people serve non-vegetarian to eradicate Hindu religion and population in the long run. This chemical formula is harmful and is used to make us unhealthy. All the buses coming from Rajasthan halt in these Muslim hotels. Beware! ",real,Rohan Iyengar
"Misinformation has been circulating online about the country's COVID-19 pandemic related lockdown. Dozens of posts shared hundreds of times on Facebook and WhatsApp claims that South African President Cyril Ramaphosa has instructed foreigners to leave the country to minimize the spread of the novel coronavirus. The claim is false; he has made no such announcement and the Department of Home Affairs refuted the claim. One of these Facebook posts,  published  April 7, 2020, has been shared more than 480 times. It reads, in part: ""BREAKING NEWS# The president Cryill Ramaphosa has asked all foreign nations to depart south Africa before 21 june 2020 due to increasing cases of COVID 19 (sic).""         A screenshot taken on April 9, 2020 of the misleading Facebook post     The claim has been repeated numerous times in other Facebook posts, such as  here  and  here .   In a  tweet , Minister in the Presidency Jackson Mthembu refuted the posts' claim about foreign nationals being asked to leave, as well as the claim about the country's lockdown being extended by three months.  ALSO READ:   Philippine Hospital Dismisses Claim Linking COVID-19 To Groceries   The Department of Home Affairs also  tweeted  the claim with a banner labeled ""fake"" across it.       Multiple misleading claims have been shared in South Africa with regards to an extension of the current 21-day lockdown, as  debunked here  by AFP ",real,Arjun Kulkarni
,real,Sameer Saxena
"Narendra Modi's trip to Sri Lanka will be the the first stand-alone prime ministerial visit in 28 years. Will Colombo's internal politics play spoilsport in this new chapter in India-Sri Lanka ties? more In January 2015, Sri Lanka's Presidential elections concluded with the victory of Maithripala Sirisena of the United National Party (UNP) led coalition and the ouster of President Mahinda Rajapaksa of the United People's Freedom Alliance (UPFA). These results  been welcomed by political observers in India as an event that will significantly alter Indo-Sri Lankan bilateral relations.   Under Mahinda Rajapaksa, India and Sri Lanka shared a cold relationship, primarily due to Sri Lanka's deepening economic and strategic ties with China. Chinese investments in infrastructure and defence in Sri Lanka surged, as did its physical presence in the Indian Ocean almost at the start of Rajapaksas Presidential tenure. The Indian establishment repeatedly raised the issue of the Chinese Navy's presence in the region as it was a strategic concern however these more often than not, went unheeded. Political observers in India have been quick to point out Maithripala Sirisena's seemingly pro-India stance and the prospects for warmer Indo-Sri Lankan ties. However, given the Sri  Lanka's internal political scenario and the upcoming general elections it may be  prudent to strike a note of caution.   Mahinda Rajapaksa came to power in 2005 after Chandrika Kumaratunga completed her two term limit as President. Rajapaksa reshuffled the Sri Lankan Cabinet taking charge of the Defence and Finance portfolios. His focus was on eliminating the Liberation Tigers of Tamil Eelam (LTTE), and through a sustained and often ruthless campaign by the Sri Lankan Army, he ended the 26 year civil war in the country in 2009. Bolstered by his victory, Rajapaksa called for early elections in 2009 and secured his second term as President in 2010.   Following Rajapaksa's relection the Sri Lankan Parliament passed the  eighteenth amendment  to the Constitution. This amendment removed the two term limit for Presidents making way for a candidate's re-election as many times as they wished to contest. The amendment also gave the President the power to appoint the chairpersons of independent commissions like the Election Commission, Judicial Affairs Commission and the Human Rights Commission.   The promise to remove the eighteenth amendment was one of the key promises made by Maithripala Sirisena in his bid to win the 2015 elections. His  100 day plan  included the removal of the eighteenth amendment and the powers it gave the President. It is essential to note here that in 1978, the Sri Lankan Constitution moved from a Parliamentary, Westminster style political system, envisaged in the 1972 Constitution, to a Presidential style political system similar to that in France. President Sirisena has promised to revert to the pre-1978, Westminster style parliamentary constitution. Fresh parliamentary elections are expected to be held after April 23 rd  at the end of the 100 day period. The outcome of these elections will be a crucial factor in determining the pace at which Indo-Sri Lankan ties move forward.   According to Jehan Perera, Executive Director of the  National Peace Council,  an independent political think-tank in Colombo, the UNP led coalition under Prime Minister Ranil Wickremesinghe is responsible for improving Sri Lanka's ties with India.   In an interview to ",real,Siddharth Menon
"That fake news is a menace is well documented but its shape shifting abilities to permeate echelons of diplomacy is worrying.   Maleeha Lodhi, Pakistans permanent representative to the United Nations was not the first ambassador to flash a fake photograph at a United Nations (UN) assembly, that unfortunate distinction belongs to Syrian ambassador Bashar Jaafari.   Jaafari displayed the photograph in an attempt to show Syrian government forces in a positive light during an during an emergency meeting of the UN Security Council in New York on December 13, 2016. The meeting was convened to discuss an escalating humanitarian crisis in Aleppo. (Watch Jaafar's speech in the video below)       ""This is what the Syrian army is doing in Aleppo. Here you see a picture of a Syrian soldier providing help and succour to a woman helping her get out of her car,"" the Syrian ambassador told the Security Council.         However, the photograph was found on several Arabic  websites  in June 2016 and appears to be from Fallujah, Iraq where a soldier of the Iraqi Shia militia known as the Popular Mobilisation Units ( PMU ) helped a civilian woman after freeing the city from the Islamic State.     Syrian envoy to the UNSC uses a photo of Iraqi PMU helping a woman in Fallujah, Iraq and claims it's a photo of SAA in Syria.  pic.twitter.com/ItS0nsswMt  Kyle Glen (@KyleJGlen)  December 13, 2016     On September 23rd Pakistans UN envoy Maleeha Lodhi tried to pass off an image of a girl wounded by shrapnel from an airstrike in Gaza as that of a Kashmiri youth wounded by a pellet gun fired by the Indian Army in Kashmir. (Read ",real,Ishita Khan
"The current sale of e-cigarettes is unauthorised and illegal in the country India plans to  approve a ban  on the manufacturing and sale of e-cigarettes, after vaping gets a bad rap globally following the death of six people in the United States recently.         USA plans to impose a blanket ban on flavoured e-cigarettes because of the controversial health implications surrounding them.         A study conducted by the Indian Council of Medical Research (ICMR) in 2018 warned of a potential public health disaster due to the unregulated use of these items.       On Wednesday, 18th September, the Finance Minister and the Environmental Minister with the Health Secretary, Ms. Preeti Sudan addressed a press conference announcing the creation of an ordinance banning e-cigarettes and End Nicotine Delivery System (ENDS).        This ordinance will be taken up for discussion in the next session of the Parliament.       India's Current Scenario       In India, currently 14 States and Union Territories have prohibited the manufacturing, distribution, import and sale of e-cigarettes and other systems.         The health ministry classified e-cigarettes and Electronic Nicotine Delivery Systems as items for tobacco cessation and classified them as drugs.        They further  advised states  to not permit the sale of the aforementioned items which enable nicotine delivery and eventually plan to ban import.        Around 460 e-cigarette brands in 7700 different flavours with various amounts of nicotine are currently available in the country.        Internationally, 30 countries such as Australia, Brazil, Thailand have already put a blanket ban on these devices.        ",real,Riya Mehta
"Viral post claims students of a school in Haryana were possessed by spirits. BOOM found out that the original clip was from Kathua, J&K, and confirmed with officials that all the students were medically fit Two videos showing a group of students in uniform, mostly girls, crying inconsolably and rolling on the ground is viral on social media with a misleading claim that the students are possessed by ""ghosts"". Local officials from Kathua, Jammu and Kashmir where the incident was recorded, dismissed all such 'ghostly' claims and called the incident, a ""case of mass hysteria"".       The two videos are being shared with a caption that reads 'Students of a primary school in Safidon (Haryana) have been possessed by spirits. The entire city is living in the shadows of fear'.        (Hindi:                       |)       The video has been shared from several individual Facebook profiles with similar claims that there is supernatural angle to the incident.                   ",real,Aisha Rana
"The video originally captures a clash between people and the police after a football game at Itapema, Brazil from 2019. A video has been viewed tens of thousands of times on Facebook and Twitter alongside a claim it shows US police officers rounding up people on a beach in the city of Miami. The claim is false; the video has circulated in reports about a clash between police and people on a beach in Brazil over a football game. The video was posted  here  on Facebook on March 24, 2020. It has been viewed more than 3,400 times.    The 58-second video shows uniformed police officers confronting a crowd of people on a beach.    Below is a screenshot of the misleading Facebook post:       Screenshot of the misleading Facebook post     The video caption, written in simplified Chinese, translates to English as: ""Hong Kong's black-clad rioters open your eyes widely and see the United States you flatter, the scene of US police driving away people on the Miami beach!""   Hong Kong has experienced months of violent pro-democracy protests since June 2019.  Here  is an AFP report about the unrest. ALSO READ:  1869 Poem Reprinted During Spanish Flu Pandemic Resurfaces In 2020?   The video, and shorter versions of it, have also been shared  here  on Facebook,  here  and  here  on Twitter, alongside a similar claim.    It was also viewed tens of thousands of times  here  on Twitter and  here  and  here  on YouTube, published alongside a claim that it shows Brazilian police enforcing social distancing orders during the novel coronavirus pandemic.   ",real,Sameer Fernandes
"The video is of a Pakistan born UK citizen who was detained in Bali for overstaying her visa by 160 days Lady  from India sentenced to three years in jail for slapping an immigration officer in Bali, Indonesia. She lost her cool because she missed her flight. Since she assaulted a government official on duty even her bail has been rejected. She now has three years in jail to cool down her temper. ",real,Neha Mehta
" Rumours on WhatsApp claim the Chief Justice's son is critically ill with COVID-19, even though the family tested negative. A WhatsApp message circulating in South Sudan claims the chief justice's son is critically ill with COVID-19. However, the health ministry said the senior official and his family tested negative for the disease, and his daughter told AFP he doesn't have a son going by the name quoted in social media posts.      The WhatsApp message was originally shared as a Facebook post on April 6, 2020, on  this account . Although the post was later deleted, the screenshot is still spreading widely. ALSO READ:  School Textbook Lists Cure For Coronavirus? A FactCheck   The message claims that the son of South Sudan's Chief Justice Chan Reec Madut is in a critical condition with COVID-19 at the Juba Teaching Hospital in the nation's capital. According to the claim, 32-year-old Kuel Reec Madut flew to South Sudan from London last month and refused to get tested at the Juba International Airport upon his arrival. The post reads:   ""Breaking News!!   South Sudan is due to announce the second case of #COVID19, as son to Chief Justice, is in critical condition!!   Brother Kuel Reech Madut, has developed symptoms relating to the entire COVID19 pandemic. According to the family members, Madam Mary Athuoi Madut says, our brother has been in critical condition since his arrival from the UK last month but today developed symptoms like cough, fever, shortness of breath (sic).""          Screenshot of the false Facebook post circulating on WhatsApp, taken on April 6, 2020  ",real,Aisha Rana
"Read why this picture of Jawaharlal Nehru backstage with a troupe of dancers is fake.         A photograph claiming to show the 'real face' of Jawaharlal Nehru is photoshopped, ironically. The fake photo accompanied by Hindi text was featured in websites such as   indiatimes  (2014) and  APHerald   (2016) in the past.     While indiatimes cropped the text out of the image, AP Herald included it, which begs the question why someone publishing the photo did not stop to question its authenticity. The Hindi text roughly translates as 'S o much lust in those eyes that even a dog would be embarrassed. In the fight for independence there's a limit to being a rascal'.      (Source: AP Herald's 2016 photo https://www.apherald.com/Movies/ViewGalleryPage/133961/Unseen-Nehru-Rare-images/32)         (Source: indiatimes's 2014 story - https://www.indiatimes.com/culture/who-we-are/the-real-face-of-nehru-285828-7.html)     ",real,Divya Verma
" A video being shared falsely claims that North Korean dictator Kim Jong-un was seen walking through a Taiwanese market. A video has been viewed hundreds of times in multiple posts on Facebook alongside a claim it shows North Korean leader Kim Jong Un walking through a market in Taiwan in 2020. The video was shared following heightened speculation about Kim's health. But the claim in the posts is false; the video has circulated online since at least December 2018; the clip has circulated in reports about a Kim Jong Un impersonator; a spokesperson for Kim Jong Un impersonator Utane Luangsangthong told AFP the video showed him at a market in Hong Kong.    The video was published  here  on Facebook on April 30, 2020. It has been viewed more than 230 times.   The 16-second footage shows a man wearing a black suit walking through a crowded market. In the clip, multiple people can be heard speaking Cantonese. At the four-second mark, a voice can be heard saying in Cantonese; ""Kim Jong Un"".   Below is a screenshot of the misleading post:       Screenshot of the misleading post     The post's traditional Chinese-language caption translates to English as: ""People all over the world would like to know where Kim Jong Un is? Alive or dead? Turns out he is wandering and eating meatballs in Changhua!""   Changhua  is a city in central-west Taiwan. ALSO READ: Photo From German Protest Circulated As Unclaimed COVID-19 Dead Bodies   The video was shared after heightened speculation about Kim's health. On May 2, state media reported he made his first public appearance in almost three weeks, following rumours that he was seriously ill or possibly dead, AFP  reported .   The video was also shared  here ,  here  and  here  on Facebook alongside a similar claim that Kim had been spotted in Taiwan. It was also shared in  this  Facebook post with a claim it shows him at a Hong Kong market in 2020.   ",real,Sameer Kulkarni
"WhatsApp and social media is rife with messages saying there will be no night on August 12th. Is it a hoax? BOOM finds out. (Perseid meteor shower Thursday, Aug. 13, 2015, in Spruce Knob, West Virginia.)   The August night sky promises to be a busy month for stargazers with a string of visually spectacular celestial events expected to occur over the coming days.   The main draw continues to be the total solar eclipse expected to take place on August 21st but this month will also offer the chance to view a lunar eclipse (Aug 7) and the Perseid meteor shower (Aug 12)   In India, rather than discussing the total solar eclipse or the lunar eclipse, a section of the Internet has blown the Perseid meteor shower out of proportion by spreading misinformation that we will not have a night on August 12! That claim is blatantly false.   The below image from a Hindi news article clipping has been viral on WhatsApp over the past few days.  The original article might have debunked the claim but only the first half of the story has been shared on WhatsApp causing more confusion.       A July 26th article from  Astronomy Physics.com  might be responsible for the confusion over the Internet.   ",real,Yash Nair
" The image is a screenshot taken from the 2011 movie's trailer, and went viral after it was posted to Facebook recently. A photo has been shared hundreds of times in multiple Chinese-language posts on Facebook and Twitter which claim it shows a mass burial ground for ""virus victims"". The posts were published after the novel coronavirus, COVID-19, spread to dozens of countries after it was first detected in the Chinese city of Wuhan in December 2019. The claim is false; the image is a screenshot taken from the trailer of the 2011 movie Contagion. This  photo has been shared nearly 300 times after being posted to Facebook on February 25.    Part of the simplified Chinese-language caption translates to English as: ""This is a mass burial ground for tens of thousands of virus victims. The cremation furnace running 24 hours a day cannot meet demand due to the large number of bodies.""    As of February 26, COVID-19 has killed more than 2,600 people and infected almost 80,000 others, mostly in China, according to  this  AFP report.   Below is a screenshot of the misleading post:            The photo was also shared  here ,  here ,  here  and  here  on Facebook, and  here  on Twitter alongside an identical claim. ",real,Ishita Mishra
"The footage shows a staged car crash in China's Heilongjiang province that was filmed for a Chinese movie released in 2018 The five-second video was published  here  on Twitter on February 11, 2020. It has since been viewed more than 72,000 times and garnered more than 400 retweets.   The post's caption reads: ""Road blocks fail and many make it past and the spread north, south and east continue."" The tweet also includes the following hashtags: #coronavirus, #CoronavirusOutbreak, #Wuhan, #coronaviruschina, #coronavirusaustralia and #CoronaVirusCanada.   Below is a screenshot of the misleading tweet:         Screenshot of the misleading tweet Also Read:  Does Drinking Alcohol Prevent Coronavirus? In an effort to curb the spread of the novel coronavirus, authorities in January 2020 placed Wuhan under an unprecedented lockdown, blocking off roads and halting nearly all transportation, AFP  reported . At least 2,000 people have died and 74,000 others have been infected by the virus in China, with hundreds more cases in some 25 countries, as reported  here  by AFP on February 19, 2020.    The video was also published alongside a similar claim  here  on Twitter;  here  on Facebook;  here  on YouTube; and  here ,  here  and  here  on Weibo.  ",real,Vikram Choudhary
"With the novel coronavirus sending the US economy into freefall, posts that list phone numbers for job seekers to call and find work have been shared thousands of times on Facebook and Instagram. But the numbers do not reach hiring hotlines as claimed and the companies mentioned recommend looking for job openings on their official websites.     ""Now Hiring,"" says a  post  shared more than 2,800 times on Facebook since April 9, 2020 which includes multiple toll-free phone numbers for corporations ranging from delivery giant FedEx to the office supply store Staples.             Screenshot of a Facebook post taken on April 24, 2020     ""You may not need it, but REPOST for someone who does. This could be someone's blessing today,"" a similar  post , liked more than 1,100 times since March 29, 2020 on Instagram, encourages readers.         Screenshot of an Instagram post taken on April 24, 2020       The  posts  were shared across social media as millions of Americans filed for  unemployment benefits  after ""stay at home"" orders shuttered businesses across the country.   AFP ",real,Divya Verma
"The World Health Organization has clarified that there is no specific prevention or cure yet for the novel Coronavirus A message hailing the powers of 'boiled garlic water' as the latest cure for fighting the deadly novel Coronavirus, has emerged online. BOOM did not find any scientific evidence supporting the theory that boiled garlic water helps in preventing or curing the virus which has so far claimed 259 lives. The message reads ""Good news, Wuhan's corona virus can be cured by one bowl of freshly boiled garlic water.Old Chinese doctor has proven it's efficacy.  Many patients has also proven this to be effective. Eight (8) cloves of chopped garlic add seven (7)cups of water and bring to boil.,  Eat and drink the boiled garlic water, overnight improvement and healing. Glad to share this.""  BOOM received this message on its WhatsApp helpline for checking its veracity.   This message is also viral on Facebook with the same claim that a Chinese doctor has recommended garlic water- chopped garlic cloves boiled with water, and there will be a overnight healing and improvement in health.    ",real,Ananya Nair
"The viral video is from Karachi, Pakistan where four accused looted a family at gunpoint. A video showing four teenagers looting a family at gunpoint has been revived with the caption, ""4 jihadi boys of 12-15 years will come and rob you from the front of the house ,,, It has started happening and some of us are opposing the Hindu CAA. Location - Ghatkopar Mumbai."" ",real,Divya Verma
"Styrene - the gas leaked from LG Polymers plant is a mucous membrane irritant causing nausea, headaches, and breathing problems. A styrene gas leak in the early hours of May 7, 2020 in Andhra Pradesh's Vizag (Vishakhapatnam) has affected over 5000 people and atleast ten people are reported to have died and over 300 hospitalised.  The gas leak occurred at LG Polymers, a company that makes polystyrene and expandable polystyrene, a versatile plastic that is used to make a wide variety of consumer products like toys and appliances. Primary report is PVC gas (or Styrene) leaked from LG Polymers, Vepagunta near Gopalapatnam in Visakhapatnam at around 2:30 AM today Because of the leakage of the said compound gas hundreds of people have inhaled it and either fell unconscious or having breathing issues.  pic.twitter.com/WeCdrbddV1  Srijana Gummalla (@GummallaSrijana)  May 7, 2020 The gas leak spread to around 25 villages and with its impact felt on a 1-1.5 km radius but the odour has spread as far as 2 km, according to news reports. Two 5000-tonne tanks at the plant leaked out styrene, after remaining unattended due to the ongoing lockdown. Also Read:  8 Dead In Gas Leak At Vizag: What We Know So Far   The gas leak and the rapid deaths raises questions on the nature of the compound and its effect on humans.  What Is Styrene?  Styrene is an easily machined and economically available plastic.  It is a monomer and is one of the building blocks of the plastic industry. It bonds rapidly with other compounds to polymerize and form macro-molecules that are later used to synthesize polystyrene and plastics.  Styrene is a colourless to yellowish viscous liquid with a sweet, sharp odour. It is insoluble in water but is soluble in acetone, diethyl ether, and ethanol; and highly soluble in benzene and petroleum ether. It is a hydrocarbon and is a derivative of benzene. Hydrocarbons and benzenes are ring like structures that are formed due to various chemical bonds between carbons and hydrogens.  ",real,Nandini Verma
"After COVID-19 related panic buying, a misleading graphic shows a fully stocked shelf from 2020 as being from the H1N1 era. A meme shared on Facebook and Twitter claims to show an image of fully stocked shelves of toilet paper, purportedly during the 2009 H1N1 outbreak, above another of barren shelves during the ongoing COVID-19 pandemic. The post is misleading; the image of the stocked shelves is a screenshot from US news footage shot this year, not in 2009. ""2009: H1N1 Virus,"" reads the text on the first photo, showing full supplies. ""2020: COVID19,"" says the text on the photo of empty shelves.   Text at the bottom reads: ""Still Think The Media Doesn't Control You?"" The misleading posts date to at least March 15, 2020.         Screenshot of the misleading Facebook post taken March 24, 2020 ALSO READ:  How Public Distrust Is Hampering Africa's Fight Against Coronavirus       The meme was shared more than 2,000 times on Facebook, including  here ,  here , and  here . It was also posted on Twitter  here  by a user with more than 21,000 followers, and  here  by a second user with nearly 5,000 followers.         Screenshot of the misleading tweet, taken March 25, 2020 ALSO READ:  False: Rail Tanker Stamped With 'COVID-19'  ",real,Riya Joshi
"A doctored image is being shared online accusing Bill Gates of running a ""Center for Global Human Population Reduction"". Social media users have shared a photo that claims to show a ""Center for Global Human Population Reduction"" affiliated with the Bill & Melinda Gates Foundation. The image,  however, has been manipulated. The stone signage it captures is the foundation's Discovery Center in Seattle, which is not home to a depopulation effort, nor are the Microsoft co-founder and his wife behind any such initiative.   Bill Gates has been a leading voice on the push for a vaccine to combat COVID-19, the disease caused by the novel coronavirus,  pledging $50 million  as part of broader funding that has made him a target of anti-vaccine campaigners.     Posts sharing the altered photo on  Facebook  and  Twitter , seek to disparage the tech billionaire.          A screenshot taken on May 5, 2020 of the manipulated photo shared on social media        ""Please could you explain what is this,"" a  tweet  that includes the photo said, in response to a video  posted  on May 1, 2020 on Bill Gates's Twitter account about the progress made to find a vaccine to tackle COVID-19 infections that have swept the globe since first emerging in Wuhan, China in late 2019.         A screenshot of a tweet taken on May 5, 2020      ""In case you ever doubted what outcome Bill #Gates planned/plans with his artificial forms of #eugenics,"" a Facebook user wrote in a  post  shared more than 600 times.     Eugenics -- the study of human population control and manipulation of genetic characteristics -- is commonly cited by the anti-vaccine movement as the goal of those who favour vaccination.  ALSO READ: Will Flu Vaccine Make You Test Positive For COVID-19? A ",real,Simran Bose
"BOOM found that the photo was taken in 2012 in Jamshedpur during the 'Bharat Bandh' agitation against rising fuel prices. ""This is how they protect public property. The self-attested nationalist party's supporters""   (Translated from Hindi '           ')  Fact The photo is being shared as recent in wake of anti-Citizenship Amendment Act protests, some of which turned violent. ",real,Arjun Joshi
"Several media outlets fell for the social media antic and reported the 'prank' as news. Multiple news articles and social media posts published in February 2020 claimed that an Australian couple who were quarantined on a cruise ship off the coast of Japan due to the novel coronavirus outbreak had wine delivered to them by a drone. The claim is false; the couple later told an Australian radio station that their social media posts about the wine delivery were a ""prank"". The claim was published by media organisations worldwide, including in  this  article by Hong Kong-based viral site 9GAG on February 13, 2020.   The headline states: ""Aussie Couple Ordered Wine Via Drone On Quarantined Coronavirus Cruise Ship."" ALSO READ:   Video Of Sydney Railway Coaches Misidentified As Metro Coaches Under 'Made In India'   The article reads in part: ""Jan and Dave Binskin, from Queensland, have documented their journey of boredom and booze while stranded on the Diamond Princess ship off the coast of Tokyo for the past week.   ""The couple then reached out to the Naked Wine Club and  much to their delight  received two bottles of Pinot Noir that was delivered to their cabin door by drone.""   Below is a screenshot of the misleading article:       A screenshot of the 9GAG report     The Binskins were quarantined on the Diamond Princess cruise ship off the coast of Japan at the time. As of February 17, 2020, at least 355 people on board have been infected with the coronavirus despite passengers being confined to their cabins during a 14-day quarantine, as reported in  this   AFP article.    A similar claim about the wine delivery was made in  this  article by the MailOnline, the website for British newspaper The Daily Mail. ALSO READ:  No, Australia Did Not Fly Medical Aid For Coronavirus To China   The New York Post also reported the story  here . Tweets linking to the New York Post article can be found  here ,  here ,  here  and  here .   Other news articles featuring the same story were published  here  by US-based technology site Gizmodo,  here  by US news site ABC 14 News,  here  by Australian based news site Nine.com.au, and  here  by Australian news site Pedestrian.tv.  ",real,Rahul Menon
"he Bulgarian government branded the claims as ""fake news"" and official water levels and satellite images confirm that the event never happened Articles and social media posts circulating online claim Bulgarian authorities flooded a dam to stop migrants crossing into Greece. However, the Bulgarian government branded the claims ""fake news"" and official water levels and satellite images confirm the event never happened.he Bulgarian government branded the claims ""fake news"" and official water levels and satellite images confirm the event never happened. ""Bulgaria 'floods' river to prevent migrants from entering Europe"", reads an  article  by conservative US news site National File, shared more than 600 times on Facebook.   It claims Bulgarian authorities ""deliberately"" flooded the Ivaylovgrad dam near the Turkish-Greek border ""to make crossing conditions harder for migrants wishing to gain access to the EU"".   News sites in  France ,  Greece  and  Slovakia  also reported the claims.       A screenshot of the claims published in an article, taken on March 13, 2020     The story was widely shared on social media, including on Facebook pages supporting far right groups, such as the anti-Islamic Pegida movement ( here ,  here  and  here ).   Many Facebook users commenting on the posts expressed anti-immigrant sentiment.       Comments on a Facebook post sharing the claims, taken on March 13, 2020     The  Ivaylovgrad dam  is around 30 kilometres from the Turkish-Greek border, where  thousands of migrants have arrived  since Turkey's government announced last month that the country -- a non-EU member -- would no longer stop migrants from trying to cross through to Europe.     Contacted by AFP, Ivan Dimov, an advisor to Bulgaria's foreign minister Ekaterina Zaharieva, denounced the claims. ""Bulgaria was not asked by Greece to flood the Ivaylovgrad dam"", he said.   Environment Minister Emil Dimitrov told Bulgarian TV channel  bTV  the reports were ""fake news"".   ""Nobody has allowed such a thing,"" he said. ""Every month, I sign a plan on water use for the 52 major dams in the country"" which is ""valid through the following month"". Also read:  Vegan Food Shelf Untouched In Panic Buying Post Coronavirus Outbreak? Old photo   Many articles and social media posts purport to show a photograph of water crashing down from the dam, but AFP traced the image and found it has been circulating online since at least 2015 (see  here ).       A screenshot of a tweet sharing the claims, taken on March 13, 2020 ",real,Karan Das
"BOOM reached out to ICMR and Delhi's Sir Ganga Ram Hospital and confirmed that the message did not originate from them. A viral list of preventive measures such as avoiding travelling and maintaining social distancing to fight against COVID-19 has been falsely attributed to the Indian Council of Medical Research (ICMR) and Sir Ganga Ram Hospital in Delhi. The ICMR is the apex research body for COVID-19 while Sir Ganga Ram Hospital is a dedicated COVID-19 hospital in Delhi. BOOM spoke to spokespersons of both institutes who confirmed that the message did not originate from them.  The list includes preventive measures such as avoiding travelling for two years, not eating food from outside for the next year, avoiding large social gatherings, wearing a face mask etc. However, several claims in the message are not scientifically proven to help prevent COVID-19 - these include choosing only vegetarian food, not wearing wrist watches and belts, and avoiding handkerchiefs while only using sanitisers and tissues.  The other claims of following social distancing norms are explained by medical professionals and they can bring about a behavioural change.  BOOM received several messages on its WhatsApp helpline with the message falsely attributed to ICMR and Sir Ganga Ram Hospital respectively. Both the claims are also viral on Facebook.  Claims about Sir Ganga Ram Hospital   Claims about ICMR Also Read:  2019 Video Peddled As Railway Cop Asking Migrants For A Bribe ",real,Rohit Nair
"The photos shared in the posts are unrelated and use a boy from a viral video with images of vaping illness patients. Posts shared more than 20,000 times on Facebook feature a photo of a crying child and two others showing a woman and a man in hospital beds, claiming that the boy's parents are infected with the novel coronavirus. This is false, the pictures do not depict a family and circulated online prior to the COVID-19 pandemic. "" Both his parent are infected with corona virus. Help him pray for recovery,"" said a March 28, 2020 post, which is no longer available but has been archived  here . ""Spread and share with everyone please, prayers needed. I see no one sharing. If they were dead, everyone would share!""   Most of the comments on the post consisted of thoughts and prayers for the ""family.""         A screenshot of a Facebook post taken on March 30, 2020     ",real,Pooja Rao
"A video of an art installation in Spain has been revived and shared as hoard of cash seized from Karnataka Congress leader DK Shivakumar's residence. ""The bungalow of Karnataka Congress Minister DK Shivakumar has been raided by in Delhi, there was also an attempt to burn money. Sharing his video with you. Look at the rupees in the warehouse and share so that the true corrupt face of Congress can be seen!!!"" ",real,Kavya Choudhary
"Posts falsely claim that images of the novel coronavirus and Bill Gates. Photos of Australian $10 banknotes have been shared multiple times on Facebook and Twitter alongside a claim that the note features images representing coronavirus and the billionaire philanthropist Bill Gates. The claim is false; the Reserve Bank of Australia said the images on the notes instead show a tree native to Australia and Australian writer Mary Gilmore.   This  photo of a corner of an  Australian $10 note  was published on Facebook on May 18.    The caption states: ""What's bill gates and the Corona virus doing on Australian 10 dollar note. And many will just blow this off.. Wake up, it's been planned for years. Anyone promoting vaccines should not be trusted. They will sell you a sweet story on one hand whilst promoting something you don't want on the other.""        A screenshot taken on May 20, 2020, of the misleading post by Facebook user Patrick Johnson     A similar claim was also shared  here  and  here  on Facebook.    A similar claim was published  here ,  here  and  here  , stating the $10 note is ""new"", and that it presents proof COVID-19 is a ""Plandemic"", referring to a viral video with falsehoods about the novel coronavirus that AFP debunked  here ",real,Vikram Reddy
"The Center for Great Apes in Florida uploaded the video in November 2019, weeks before the novel Coronavirus outbreak. A video of an orangutan washing its hands has been viewed millions of times in Facebook, Twitter and YouTube posts which claim the animal was imitating its zookeepers during the novel coronavirus pandemic. The claim is false; the video of the orangutan has circulated in reports since at least November 2019, weeks before COVID-19 was first detected in the Chinese city of Wuhan in December 2019. The video has been viewed more than six million times since it was posted to Twitter  here  on April 2.    The caption of the 16-second clip states: ""Sandra the orangutang started washing her hands because she saw all the zookeepers doing it repeatedly during the COVID-19 crisis.""    COVID-19 has killed more than 62,000 people and infected over 1.1 million others worldwide as of April 6, according to the  World Health Organization .    Below is a screenshot of the misleading post:           The video was also shared alongside a similar claim on Facebook  here ,  here ,  here ; Twitter  here ,  here  and  here ; and YouTube  here . ",real,Karan Trivedi
"Multiple videos are being shared on Facebook claiming to be of North Korean leader Kim Jong-un's funeral. Many videos are being shared on social media with the claim to be from the state funeral of North Korean Supreme Leader Kim Jong-un. The claim is false.  The videos being shared are from Kim Jong-il's funeral in 2011.      The videos have been widely shared on Facebook and has been viewed millions of times.           ALSO READ: Old Video Of Waris Pathan Arguing With Cops Falsely Linked To Lockdown Doctored images of Kim Jong-un lying in state are also being shared on Twitter. Kim Jong Un is dead as confirmed by the Hong Kong Satellite news  pic.twitter.com/Q2879w8PbA  Watch ALITA: BATTLE ANGEL (@Yang2020_NJ)  April 25, 2020 ",real,Nikhil Iyer
"Health experts warn the mixtures are potentially harmful and are not effective in protecting against COVID-19 infection. The clip was shared  here  on Facebook on March 23, 2020. It has been viewed more than 16,000 times.    Below is a screenshot of the misleading post:       Screenshot of Facebook post     The three-minute 44-second video is captioned: ""Tanduay+zonrox+downy=sanitizer / Let's see if COVID-19 doesn't work against this newly discovered sanitizer..""   It appears to show a person mixing Zonrox-brand bleach with Tanduay, a brand of rum produced in the Philippines. A voice speaking in Visayan, a Philippine language, can be heard saying that adding fabric softener to the mixture can help mask the smell. The person is then seen rubbing the mixture onto their hands.     COVID-19 was first detected in the Chinese city of Wuhan in late 2019. It has since killed more than 30,039 people and infected 638,146 others worldwide, according to  data  from the World Health Organization on March 30, 2020. ALSO READ: No, Bill Gates has not called the coronavirus a 'great corrector'   The WHO has  recommended  the use of alcohol-based hand sanitiser to protect against infection.   Similar videos showing people mixing rum and bleach to make a purported hand sanitiser have also been shared on Facebook  here ,  here ,  here ,  here  and  here ; and on YouTube  here ,  here  and  here  with a similar claim that it can protect against COVID-19 infection.  ",real,Aisha Rana
"Biocon's Kiran Mazumdar Shaw slammed the Medical Council of India saying it has played a very negative role in the way medical education has evolved       Biotechnology entrepreneur, Kiran Mazumdar Shaw slammed the Medical Council of India saying it was a corrupt and unethical system that needed to go and said the new National Health Policy (NHP) was a good start but much more needs to be done to fix Indias healthcare system.   Mazumdar-Shaw spoke exclusively to ",real,Riya Mehta
A photo of a young boy with acid burn marks in Tamil Nadu is going viral with a claim that the boy was punished by his school for wearing an Ayyappa Mala and was made to clean the school. ,real,Yash Nair
" An old video of people looting shops during the 2011 London Riots has resurfaced as people rioting due to Coronavirus lockdown in England. The five-minute 30-second clip was posted  here  on Facebook on March 30, 2020. It has been viewed more than 2,900 times.    The post's Indonesian-language caption translates to English as: ""England. Riots began due to lockdown. People who began to starve took action. Brutally looting everywhere to fill the hungry stomach this is just the beginning hopefully in Indonesia. This won't happen.""    Below is a screenshot of the misleading post:         Screenshot of the misleading post     The UK imposed a three-week lockdown on March 23, 2020 in a bid to curb the spread of novel coronavirus, which causes the disease COVID 19. Non-essential shops and services were ordered to shut and a ban was introduced on gatherings of more than two people, AFP reported  here .   ALSO READ: Did Australian Stores Ban Chinese Customers Due To COVID-19?   As of April 8, 2020, the coronavirus has killed at least 5,300 people and infected more than 51,600 others in the UK, according to the World Health Organization's tally  here .    The same footage was also shared on Facebook  here ,  here ,  here   and  here ; on Instagram  here ; on Twitter  here ; and on YouTube  here  with a similar claim. ",real,Nikhil Kaur
"n 'getting rid of it'. Multiple Facebook posts have shared a photo alongside a claim that it shows coronavirus magnified 2,600 times. The claim is false; the image is a magnified photo of a weevil. This  Facebook post was published on March 8, 2020 alongside a link to a Youtube video.    Translated from Indonesian to English, the caption of the post reads: ""The look of the coronavirus after being magnified 2,600x, God knows best"".    The Arabic text across the top of the photo reads: ""The coronavirus outbreak after being magnified 2,600 times.""         The screenshot of the misleading Facebook post     The YouTube  link  in the post shows a two-minute and one-second video, titled: ""Take a look at the coronavirus outbreak magnified 2600 times and how to get rid of it."" ALSO READ:  Viral Coronavirus 'Advisory' Is Not From UNICEF   The first four seconds of the video shows a photo of a creature.   The footage, posted on March 6, 2020, has been viewed more than 5,000 times.    Below is a screenshot of the misleading YouTube video:       Screenshot of the misleading YouTube post     The same photo, along with a similar claim, was also shared on Facebook  here , where it was shared almost 80 times before it was removed.   It was also shared on Facebook  here  and on Twitter  here , with a similar claim in Arabic. It was also shared with a similar claim in English  here .  ALSO READ:   Coronavirus: Facial Hair Recommendations Not Shared By The CDC   The novel coronavirus has killed more than 4,200 people and infected some 117,000 others in at least 100 countries. The majority of confirmed cases have been in China, where the disease was first  identified  in late 2019, according to  this  AFP report on March 11, 2020. ",real,Tanya Chawla
BOOM found these coins are commemorative and not meant to be used as legal tender. Photographs of 1000 rupee coins which were recently launched by the Reserve Bank of India,real,Meera Rao
"A December 2018 video has been revived, falsely connecting the term of quarantine detector dogs at security to COVID-19 . A video has been viewed hundreds of thousands of times in posts on Facebook, YouTube, Douyin and Weibo purporting to show a detector dog after it was assaulted during a security check amid the ongoing COVID-19 pandemic. The video has been shared in a misleading context; it has circulated online since December 2018, at least a year before the novel coronavirus was first reported in the Chinese city of Wuhan. The video was published  here  on Facebook on April 7, 2020. It has been viewed more than 350 times.   The 17-second footage shows a black dog wearing a ""quarantine detector dog"" badge being held in the arms of a woman in uniform.    ""The use of Quarantine Detector Dogs has been shown to be an effective, internationally recognised tool for detecting and combating the smuggling of quarantine items,"" according to Hong Kong's  Agriculture, Fisheries and Conservation Department .    Below is a screenshot of the misleading Facebook post:         Screenshot of the misleading Facebook post     The video is overlaid with a popular Chinese song, and a conversation in Mandarin can be heard throughout. The conversation, transcribed in yellow in simplified Chinese characters on screen, can be translated to English as: ""(The dog) looks like a husky"", ""It's fine, don't be afraid"", ""Looks frightened"", ""It's scared"".   The red text superimposed at the top of the video translates to English as: ""The quarantine detector dog working during the pandemic was kicked by an uncooperative passenger. It felt wronged and hid in the arms of the staff for comfort"".    The clip also features the logo for Douyin, the Chinese version of video-sharing app  TikTok , as well as a watermark of a Douyin channel called ""Everything for the masses"".  ALSO READ:  False: Afghan Nationals Enter Pakistan Without Testing For COVID-19 The channel is affiliated with a  programme  on Shandong Radio and Television, a broadcaster based in the eastern Chinese province of Shandong.    The caption of the misleading Facebook post states: ""Show your face, the person who kicked the quarantine detector dog working during the pandemic, promise I won't hit you / #WontHitYou #NeverPromisedNottoKickYouDead"".   In some parts of the world, dogs are being trained to ""sniff out"" COVID-19. According to  this  March 27 AFP report: ""A British charity has teamed up with scientists to see whether dogs could help detect COVID-19 through their keen sense of smell, they said on Friday... It follows previous research into dogs' ability to sniff out malaria and is based on a belief that each disease triggers a distinct odour.""    The video has also been shared  here ,  here  and  here  on Facebook,  here ,  here  and  here  on Weibo, and  here  on YouTube, alongside similar claims.   It was also published on the official Douyin channels of at least three China-based news outlets, including Zibo Radio and Television  here , Nanyang Daily  here  and Shandong Radio and Television  here . ALSO READ:  No, Neem Leaves Cannot Treat The Novel Coronavirus Either   The video has been shared extensively amid the COVID-19 crisis, which has, as of April 14, 2020, caused at least 111,000 deaths and infected more than 1.7 million others worldwide, according to the latest  World Health Organization (WHO) data . ",real,Neha Fernandes
"UP FDA had also found noodle samples of Patanjali, Knorr, Foodles and Ching's high on ash content. FSSAI has since then raised ash content limits   Nestles Maggi noodles is once again in the news for failing to meet the standards set by food regulator FSSAI. But this time it is not lead but 'ash content' that has been found beyond permissible limits. The UP state food department in Shahjahanpur slapped a fine of Rs 45 lakhs on the company after its samples collected in 2015 showed ash content beyond permissible limits.   Nestle India has contested the fine and said, We wish to reassure our consumers that Maggi Noodles are 100% safe for consumption. We strongly reiterate that at no stage of the manufacturing process, ASH is added to MAGGI Noodles. It is a case of applying standards basis an old advisory issued in 2015.   Speaking to ",real,Aman Menon
" Misleading posts, identical to Malaysia's lockdown announcement circulate online, after Australia issues travel advisory. A message shared repeatedly in multiple Facebook posts claims the Australian Prime Minister Scott Morrison was set to implement a nationwide ""shut down"" from March 18, 2020 in an effort to curb the spread of the novel coronavirus, COVID-19. The claim is misleading; the Australian Prime Minister's Office refuted the details of the post; Australia's government told its citizens on March 18 not to travel abroad and warned those already overseas to come home but said it did not order a ""lockdown""; AFP found the wording of the misleading posts was identical to Malaysia's announcement of a nationwide lockdown. This  Facebook post was published on March 17, 2020.   The post claims the Australian government was set to announce a 14-day nationwide ""shut down"" from March 18 to March 31, 2020, banning gatherings and inward and outbound travel, as well as closing schools and ""non-essential"" infrastructure; citing ""a good source in government"".   It reads in part: ""Following from a good source in government. Shit just got real / HUGE Government announcement coming tomorrow. Complete shut down""   Below is a screenshot of the misleading Facebook post:                   The COVID-19 pandemic has killed more than 8,800 people worldwide and infected almost 210,000 others, as reported  here  by AFP on March 19.   Australia's government told its citizens on March 18 not to travel abroad and warned those already overseas to come home as it took unprecedented steps to choke off the spread of the coronavirus pandemic, AFP reported  here .   A similar claim about new restrictions in Australia due to the coronavirus pandemic was also shared  here ,  here ,  here ,  here ,  here ,  here ,  here ,  here ,  here ,  here ,  here  and  here  on Facebook.",real,Rohit Nair
"Two separate clips of residents queueing for a free vegetable giveaway in Wuhan, China have been stitched together. A video has been viewed tens of thousands of times in multiple posts on Twitter and Facebook alongside a claim it shows residents queuing for death certificates in Wuhan, the Chinese city at the centre of the ongoing novel coronavirus epidemic. The claim is misleading; the footage has previously circulated in reports about Wuhan residents gathering to collect free vegetables. The video was published  here  on Twitter on March 3, 2020. It has been viewed more than 36,500 times.   The video contains two clips, one shot at street level and the other provided an aerial view. It features the logo for Douyin, the Chinese version of video-sharing app TikTok.   The simplified Chinese characters superimposed on screen can be translated to English as: ""Wucai community in Qiaokou district, Wuhan. People were summoned to collect death certificates"".  ALSO READ:   Coronavirus Monitor: India Confirms Two New Cases   The novel coronavirus has killed more than 4,000 people and infected over 117,000 others worldwide since the epidemic broke out in the Chinese city of Wuhan in late 2019, AFP reported  here .    The post's caption reads: ""People #Wuhan staying in long queue to get death certificate.   ""This is just one of the many communities of Wuhan.  ""#CoronaOutbreak is much worse than #China portraits.  ""#COVID19 #Covid_19"".   Below are screenshots of the tweet and the two clips with corresponding signage marked by a green arrow by AFP:        Screenshots of the tweet and the two clips with corresponding signage marked by a green arrow     The same video was also shared on Twitter  here ,  here ,  here  and  here , and in a tweet linked to  this  Facebook post with a similar claim. ",real,Shreya Iyer
"A video falsely claims it shows Korans being distributed in China after a lift on the ""ban"" on the religious text. A video has been viewed thousands of times in multiple Facebook posts which claim it shows the Koran being distributed to people in China after it lifted a ""ban"" on the Islamic holy text following the outbreak of the novel coronavirus, COVID-19. The claim is false; the video has circulated online since at least 2013 in reports about people receiving copies of the Bible in China; as of March 2020, the Koran was not ""banned"" throughout China and was listed for purchase in online Chinese shops. This  video was published on Facebook on March 7, 2020. It has been viewed more than 5,300 times.   The 56-second video shows books being distributed to people in a queue.    Below is a screenshot of the video in the misleading Facebook post:         Screenshot of misleading Facebook post     The video caption reads: ""Earlier banned Holy Quran in China. After Carona Virus transmitted, now China people take Muslim to read Holy Quran"". ALSO READ:  False: Animal Vaccines Prove COVID-19 Is Not A New Viral Disease   COVID-19 has killed more than 18,589 people and infected more than 416,686 others worldwide, according to data from the  WHO  on March 26, 2020.   The video was also published  here ,  here , and  here  on Facebook, and  here  on YouTube, alongside a similar claim.   A similar claim was also made in  this  and  this  Arabic Facebook post; as well as in  this  and  this  Malay Facebook post. Wrong context ",real,Varun Trivedi
"[video type='youtube' id='xdJAV2TQeB0' height='365']   In an effort to stem the increasing number of adolescents picking up the habit of smoking or chewing tobacco, the Indian government has imposed harsher penalties on the sale of tobacco to minors. However, ",real,Neha Nair
"What is leptospirosis? How can you keep it at bay? And can Doxycycline be taken as a precaution against it.     The deluge of August 29 in Mumbai left several people to wade through waist-deep water to get to dry ground in the city. Understandably, concerns of catching water borne and skin-related diseases has greatly risen as result of treading through contaminated water. The most common being - leptospirosis. As with any disease the Internet is full with information and misinformation about the disease. ",real,Pooja Chawla
"The virus was first detected during the Korean War in the 1950s as opposed to the misleading claims that it is new. A claim has circulated in multiple Facebook, Twitter and YouTube that a ""new virus"" named hantavirus has emerged in China in March 2020. The posts were viewed hundreds of thousands of times as the world battled the spread of the novel coronavirus, which causes the disease COVID-19. The claim is false; scientists say hantavirus is not a new virus and was first detected during the Korean War in the 1950s; the US-based Centre for Disease Control and Prevention (CDC) says the virus has almost exclusively been found to pass from rodents to humans, rather than from person to person. The misleading claim was shared  this  Facebook post on March 24, 2020.   The post's caption states: ""JUST WHEN CHINA & WHOLE WORLD IS TRYING TO GET CURED FROM CORONA VIRUS, HERE COMES ANOTHER VIRUS   ""THERE IS A NEW VIRUS IN CHINA NAMED HANTA VIRUS WHICH IS CAUSED DUE TO RATS   ""ONE DIED AND FEW TESTED POSITIVE"".    COVID-19 was first detected in the Chinese city of Wuhan in December 2019. It has killed more than 36,000 people and infected almost 754,000 others worldwide, according to data provided by the  World Health Organization (WHO) .   Below is a screenshot of the misleading post:           One case of hantavirus was reported in the province of Shandong  here  in a tweet by Chinese state media organisation Global Times on March 24, 2020.   A similar claim that hantavirus is a ""new virus"" was shared by Australia-based Facebook users  here  and  here . The claim was also included in videos on Twitter  here ,  here ,  here  and  here , which were viewed thousands of times. A similar claim was also viewed hundreds of thousands of times in videos shared by Indian media WION  here  and ET Now  here . ALSO READ:   Hantavirus Fear Grips Social Media: All You Need To Know",real,Pooja Iyengar
Claim 1: No. 1 state in literacy in India Fact : True. Kerala is the most literate state in the country. Claim 2: No. 1 state in health indexes in India   Fact : True. Kerala leads in key health indices   Life Expectancy  Claim 3: CLAIM 3 : No. 1 state in human life indexes in India Claim 4:  No. 1 state in gender equality in India Claim 5:  No. 1 state in sex ratio in India Claim 6:  No. 1 state in primary education in India  Claim 7:  No. 1 state in lowest child death rate in India Claim 8: No. 1 state in lowest pregnant mothers death in India  Claim 9: No. 1 state in transgender rights in India   Claim 10:  No. 1 state in least corrupted state in India   Claim 11: No 1. Tourist destination in India  Claim 12: No. 1 state in foreign remittance in India   Claim 13:  No. 1 state in modern roads in all villages Claim 14: No 1. state in human rights in India   Claim 15: No. 1 state in religious tolerance in India Claim 16:  No. 1 state for free education for all in India  Claim 17: No. 1 state for free health care for all in India    Claim 18:  National Health Profiles 2017 and 2016       CLAIM 18: O Claim 19:  Only state in India to have electricity in all houses  Claim 20:  Only Indian state mentioned in National Geographic Channel's  'must watch in a life time' list Claim 21: No communal riots for past 75 years Claim 22: No untouchability  Claim 23: No Dalit oppression Claim 24: No death in name of cow,real,Siddharth Menon
"Sri Lankan health authorities have urged the public to refrain from sharing misleading information on the ""info-demic"". A lengthy post promoting several precautionary measures which will purportedly protect people from the novel coronavirus has been shared tens of thousands of times by multiple Sri Lankan Facebook users. But health experts have refuted many of the claims, including one that sunlight can kill the virus, saying they are false or misleading; Sri Lankan health authorities have urged the public to refrain from sharing misleading information in order to curb the coronavirus ""info-demic.""   The post was published  here  on Facebook on February 25, 2020. It has been shared more than 24,000 times.   Below is a screenshot of the misleading Facebook post:          Screenshot of the Facebook post      The title of the Sinhala-language post translates to English as: "" ******Very important, read everyone**** How to prevent Corona"".   The post was published just hours after Italy reported a  spike in confirmed coronavirus cases . The information shared in the misleading post was addressed to Sri Lankans in Italy, supposedly to inform them how to protect themselves from the COVID-19 virus. ALSO READ:   Coronavirus LIVE Update: Air India, Hyatt, Noida Schools Linked To Delhi Case   A similar claim was also shared on Facebook  here ,  here ,  here ,  here  and  here .  ",real,Kunal Iyer
"The image is doctored and is from May, 2019; long before the start of the pandemic A photo circulating on Facebook in Nigeria appears to show President Muhammadu Buhari shaking hands with the nation's Code of Conduct Bureau Chairman Mohammed Isa while both men are wearing face masks  a seeming flouting of precautions during the novel coronavirus pandemic. This is not what happened. The image was doctored using an old photo, taken long before the pandemic. The image was used in several Facebook posts, including  this one  by Scannews, which has been shared more than 400 times since it was published on March 21, 2020.   AFP has debunked multiple Facebook posts from Scannews in the past (see  here ,  here ,  here , and  here) .   In this post, the text accompanying the image called on Nigerian health officials to educate the president on precautionary measures against the spread of the virus that has claimed nearly 20,000 lives since it emerged in the Chinese city of Wuhan in December 2019, as reported  here  by AFP.    The text reads: ""Buhari: What is the role of his doctors and officials of the Federal Ministry of Health? You cover your nose, but shake hands. They should properly educate President Muhammadu Buhari on the precautionary measures to be taken.""         Screenshot of the misleading Facebook post, taken on March 23, 2020 Also read:  Image Of Brazilian President Breaking Down Falsely Linked To Coronavirus-Hit Italy   The image also appears in posts shared  here ,  here  and  here  on Facebook,  here  on Instagram, and  here  and  here  on Twitter, alongside a similar claim.   But the photo has been doctored.",real,Karan Das
"The image was computer generated in 2011; astrophysicists say the capturing of such a perfect alignment is ""impossible"". An image allegedly showing Mercury, Venus, and Saturn perfectly aligned over the three pyramids in Giza, Egypt, has been shared tens of thousands of times in several languages since 2011. It is fake; this image was generated by a computer, and experts told AFP this particular planet formation could not happen. ""Mercury, Venus, and Saturn aligned with the Pyramids of Giza for the first time in 2,737 years on December 3, 2012,"" reads the caption of  a photo  of the three pyramids at night, below three bright celestial objects directly above their peaks.         Screenshot of a Facebook post taken on February 28, 2020     According to other  variants  of the hoax, the phenomenon occurs every 2,373 years. The claim was also shared in  Spanish  and  Portuguese , on  Twitter ,  Facebook , and  Instagram . ALSO READ:   Video From Saudi Arabia Shared As Chinese People Converting To Islam   A reverse image search leads to a  blog post  from April 26, 2011, in which Charles Marcello says he created the image using a free online program,  Stellarium , in order to illustrate his claim on planetary alignment.   The Impossible Alignment   Several experts contacted by AFP said that the image does not reflect the real world.   ""The image is impossible,""  Juan Antonio Belmonte Aviles , professor at the  Astrophysics Institute of the Canaries , told AFP. He explained, the planets in the image align in a way ""that would never be visible from Giza when looking north at the horizon, as in this photo. Not to mention that the similar brightness for Mercury and Venus absurd.""   ALSO READ:   Dated Photo Revived As Troops In Cameroon Burying Civilians Hector Socas-Navarro , director of the  Tenerife Museum of Science and Cosmos , pointed out that on December 3, 2012, Mercury, Venus and Saturn ""would have been in the sky during the day, and therefore they could not be seen.""   ""This image could not be taken, or at dawn or dusk, at the most,"" Socas-Navarro added.   AFP ",real,Vikram Choudhary
" BOOM found that the photo was from August 2014 where 26 youth had posed wearing ISIS T-shirts in Tamil Nadu A photo showing a group of men pose for a photograph wearing T-shirts with the Islamic State of Iraq and al Sham (ISIS) written on them, is being falsely shared online with the claim that the picture was taken in Kerala after voting.       The WhatsApp message reads, ""This is a photo after voting in Kerela. What mentality these people wearing ISIS T-Shirts have is clearly visible. And according to the Congress Party manifesto if the Congress wins these will not be anti-nationals. A Congress victory would mean to make India an Islamic State.""       WhatsApp message on Kerela youth with ISIS T shirts after voting       (""          isis  t shirt                                     "")       BOOM received this message on its WhatsApp helpline number (7700906111).        The image is viral on Facebook and Twitter as well.        Post viral on Facebook       Viral on Twitter       Facebook post       Click  here  to view, and  here  for an archive.",real,Kunal Nair
A Facebook page has shared the 2014 image in a meme attributing the empty shelves to the blockades caused by protests. Facebook users are sharing a photo of empty supermarket shelves and claiming that they are the result of shortages caused by ongoing train blockades by anti-pipeline protesters in Canada. ,real,Varun Agarwal
"Australian health authorities dismiss hoax claim about 'rescue packs' for  patients with pre-existing conditions. Multiple Facebook and Twiter posts shared thousands of times by Australian social media users claim that people with pre-existing respiratory conditions will be given a ""rescue pack"" of medication from their general practitioners during the novel coronavirus pandemic. The claim is false; Australia's Department of Health dismissed the rumour as ""misinformation"", adding that patients will not receive ""rescue packs"" from their doctors unless previously prescribed. The claim has been shared more than 2,000 times after it was published by an Australia-based Facebook user  here  on March 22, 2020.    The post reads: ""Those of you with pre-existing respiratory conditions such as COPD or asthma can contact your GP for a 'Rescue Pack'. It gives you a 5 day supply of a corticosteroid (prednisolone) and a 5 day supply of an antibiotic (usually amoxicillin or doxycycline) which can be started immediately if you develop any breathing issues.""    The claim circulated online as the world continued to endure the effects of the COVID-19 pandemic. As of April 2, 2020, the virus has killed more than 40,000 people and infected more than 827,000 others worldwide, according to the  World Health Organisation  (WHO).    Below is a screenshot of the misleading post:            The claim was also shared  here ,  here ,  here  and  here  on Facebook, and  here ,  here ,  here  and  here  on Twitter.",real,Divya Rana
"BOOM found that in the original footage, students can be heard chanting against the ideology of Hindutva and not eradicating Hindus A video of Aligarh Muslim University (AMU) students sloganeering against the Citizenship Amendment Act (CAA) is viral on social media with claims that they were raising slogans about eradicating Hindus, while protesting. Multiple verified handles have shared the 20-second long clip accusing AMU students of anti-Hindu hate speech.  Amit Malviya, head of the Bharatiya Janata Party's (BJP) national information and technology operations, tweeted a set of two videos of sloganeering students from AMU and Delhi's Jamia Milia Islamia University with claims that students raised a 'clarion call for the ethnic cleansing of Hindus' on their varsity premises.  The first in the set of two videos shows students shouting slogans against Hindutva, Veer Savarkar and BJP. In the second video, students can be heard sloganeering against Hindutva and the government.  However, in the Hindi subtitles of the video, Hindutva has been wrongly referred to as Hinduon (Hindus). Below is Malviya's tweet and click  here  for an archive.  AMU students are chanting '   , AMU   ...' Chaps at Jamia want '  ...' If this is the mindset that pervades in these 'minority' institutions, imagine the plight of Hindus and other minorities in Pakistan, Bangladesh and Afghanistan...  pic.twitter.com/VRNeOyhaHY  Amit Malviya (@amitmalviya)  December 15, 2019   CAB Protests: 2012 Photo Of Muslim Youth Desecrating Amar Jawan Memorial Revived   One of videos has been used by OpIndia, a right leaning website, in an article titled, ""Delhi: 'Hinduon se Azadi' slogans raised at Jamia Nagar where anti-CAB protesters set buses on fire"". Click  here  to view an archive of the article.  Assam CM Fleeing From Protests? ",real,Aditya Saxena
"Texts and social media posts claiming the homemade remedy can ""save your life"" are falsely viral. A text shared thousands of times on Facebook in various countries claims that drinking warm water with lemon protects against the novel coronavirus. The claim is false; experts told AFP that there's no proof this is effective in preventing the disease and that practising good hygiene is the best way to stay healthy. The posts also include several other false claims. The claims have been shared more than 40,000 times on Facebook in countries including  Australia ,  India  and  South Africa .   ""Corona virus (sic) arrives in any country, sooner or later...so please use as much as possible of natural vitamin C to strengthen your immune system,"" the post reads.   ""Slices of lemon in a cup of lukewarm water can save your life"".         A screenshot of the false claims shared on Facebook, taken on March 12, 2020     Many Facebook users commented on the posts, expressing gratitude for the ""life-saving advice"". ALSO READ:   Coronavirus: Philippines Refutes Fake Advisory On Visiting Malls   More than  4,600 people have died  from the novel coronavirus disease, or COVID-19, with most cases in China.         A screenshot of comments on a post, taken on March 12, 2020     Similar claims have been circulating in  French ,  Spanish  and  Portuguese .  ALSO READ:  Coronavirus LIVE Update: Global Death Toll Crosses 5000   Contacted by AFP, Henry Chenal, director of the Integrated Bioclinical Research Centre (CIRBA) in Abidjan, Ivory Coast said that consuming a high amount of vitamin C ""has never proved effective against coronavirus"".   ""Kiwis actually provide more vitamin C than lemons, so if this theory was correct, lemons wouldn't be the fruit to consume,"" the said.   The World Health Organization's  recommendations  include washing hands regularly and thoroughly, coughing and sneezing into a disposable tissue, and staying at home if you feel unwell.",real,Sameer Kulkarni
"[video type='youtube' id='XDVgr5oLB5g' height='350'] On June 1, the Ministry of External Affairs announced that PM Modi would visit Israel. Daniel Carmon, Israels ambassador to India says this visit will be a message to the world of the strong friendship between the countries. more   We appreciate votes by members of @UN_HRC, including #India, who did not support yet another anti-Israel bashing resolution. We thank them.   On July 3, Daniel Carmon, Israels Ambassador to India, tweeted his appreciation for the Indian government after New Delhi abstained in a vote on the UNHRC resolution condemning Israel's role in the Gaza war last year. India was among five nations that abstained in the vote. Forty-one of the councils 47 members voted in favour of the resolution.   Indias abstention is seen as a marked shift in the countrys foreign policy and another signal hat the ties between the two nations is on the fast track.   This follows the announcement made by the Minister for External Affairs Sushma Swaraj in June 2015, stating that Prime Minister Narendra Modi would visit Israel in the near future. While, no dates have been fixed for Modis visit, this visit will be a historic one.  No Indian Prime Minister has visited Israel since 1992 when diplomatic ties were established.   Ambassador Daniel Carmon spoke to ",real,Siddharth Menon
"BOOM accessed two videos doing the rounds in Malegaon which is said to have led the residents to suspect the victims were child kidnappers and attack them     Did unrelated videos from different states showing unidentified women walking with children result in the near lynching of five people in Malegaon district of Maharashtra?   In what could have turned fatal, five people including a two-year-old child were rescued from an angry mob late  Sunday  night. The mob beat up these daily wage workers suspecting them to be child kidnappers.   According to the Malegaon police, the incident happened  on Sunday , when five people - two men, two women and a two-year-old boy were seen talking to a teenager in Malegaon. The five hailed from Parbhani, a district in Maharashtra and were daily wage labourers. The local Malegaon police led by Additional SP Harssh Poddar are being hailed as heroes whose timely intervention prevented a certain mob lynching of this group.   Five ppl (including a 2 yr old child) rescued from a violent mob of thousands wanting to lynch them in Malegaon. Proud of my team  #MalegaonPolice  that risked their own lives to save them today @Dev_Fadnavis   @IPS_Association   @LogicalIndians   @thebetterindia   @the_hindu   @timesofindia   https://t.co/ho6iWSDt3W  Harssh A Poddar (@Harssh_IPS)  July 1, 2018   BOOM spoke to  Poddar who explained that the incident was triggered after the teenager accused the daily wage labourers who approached him of attempting to kidnap him.   After being approached by the said daily wage labourers, the teenager raised an alarm that he was being kidnapped. Hearing this, the crowd gathered and started to beat up the five people including the women. We got a call about this and immediately sent our forces, Poddar explained. He added that the crowd was so angry and unruly, that they even attacked the police officials sent to control the situation and overturned a police vehicle.   This year has seen over 20 innocent people being lynched to death across the country by angry mobs who believe the victims to be child kidnappers. This anger of the mob has been blamed on videos and images doing the rounds on social media warning people to keep their children safe from the kidnappers. The Malegaon incident is also being attributed to similar such videos that started doing the rounds in the town over the last two weeks.   BOOM accessed two videos doing the rounds in Malegaon which is said to have led the residents to suspect the victims were child kidnappers and attack them. The first video shows an elderly woman being heckled and pushed and then beaten up mercilessly by a huge crowd. The people in the video can be heard shouting in Gujarati.     Screenshot of a video where a mob is seen attacking a woman suspected to be a child kidnapper   The second video shows a saree-clad woman accompanied by a young boy changing into a burkha near a busy road. ",real,Kunal Iyer
" The claim that 500 body bags of COVID-19 victims were delivered to a skating rink outside Adelaide has been shared widely. A claim that 500 body bags were delivered to an ice skating rink outside the Australian city of Adelaide has been shared widely on Facebook during the novel coronavirus pandemic. The claim is false; South Australian health authorities said the claim is a ""myth"" and a spokesperson for the local ice rink said ""the rumour is completely false"". The claim has been viewed more than 100 times since being published on Facebook  here  on March 27.   The post reads in part: ""500!!!!! BODY BAGS were delivered to the ice arena in theberton #adelaide It's being turned into a make shift morgue"".    Below is a screenshot of the misleading post:            As of April 2,  367  of the more than 4,900 confirmed cases of novel coronavirus in Australia were reported in the state of South Australia.   Similar claims about the ice rink were also shared on Facebook  here  and  here , and on Reddit  here . ",real,Pooja Menon
"  When Indian Human Resource Minister, Smriti Irani said recently that she has a degree from the prestigious Yale University, a few were surprised while a few considered it to be a joke.  The minister was, however, quick to clarify that she had been misconstrued and had only participated in a six-day leadership course that resulted in her getting a certificate for the programme.   There are many top universities in Europe and US that offer short-term courses, varying from two days to a month and give you recognition for these courses! Ranging from social media to brand building to getting equipped with brand management and political science, drama to arts, there is a course for everything at these universities.  ",real,Siddharth Kapoor
"The viral video falsely connected to the outbreak in China is originally from June 2019. A video has been viewed millions of times in multiple posts on Facebook, Twitter and YouTube alongside a claim that it shows non-Muslim Chinese people performing a Friday prayer after the outbreak of the novel coronavirus in December 2019. The claim is false; the video actually shows an Eid prayer in Yiwu, a Chinese city that attracts many Muslim traders from overseas, in June 2019, several months before the novel coronavirus outbreak.   This video posted on Facebook on February 8, 2020. It has been viewed more than 250,000 times and shared more than 5,600 times.The four-minute 32-second video shows people performing an Islamic prayer in front of a mosque. Below is a screenshot of the misleading post:       Screenshot of the misleading post     The video's Indonesian-language title translates to English as: ""VIRAL!!! Non-Muslim Chinese citizens joined a Friday prayer so not to be infected by coronavirus.""    The video's caption translates to English as: ""Afraid of being infected by coronavirus, they joined the Islamic prayer though they did not know how to do it. May this become a medium for the coming of a guidance, oh God"". ALSO READ:  Did Several Crows Fly To Wuhan After The Coronavirus Outbreak?   The outbreak of the novel coronavirus, officially called COVID-19, has killed almost 1,800 people and infected more than 70,000 people across China since it first emerged in the Chinese city of Wuhan in late 2019, AFP reported  here  on February 17, 2020.    The same video has been viewed more than 2.5 million times after it was posted with similar claims on Facebook  here  and  here , on Twitter  here , and on YouTube  here  and  here . ",real,Nandini Bose
"The hoax message is being shared again after a national lockdown was declared to arrest the spread of the deadly Coronavirus in India. ""From tomorrow onwards there are new communication regulations. All calls are recorded. All phone call recordings saved. WhatsApp is monitored. Twitter is monitored. Facebook is monitored..."" ",real,Sameer Kulkarni
"The original image was taken after the couple's wedding when they visited the Siddhivanayak temple in Mumbai. ""This is the same Deepika Padukone that was seeking votes for BJP, then she was a patriot. Today, when she stood in support of students attacked by terrorists in JNU, then she became a traitor.""    (In Hindi - ""                                              2014   "") ",real,Riya Choudhary
"Soumya Swaminathan, Director General of Indian Council for Medical Research explains the steps taken to battle any potential outbreak of the Zika virus   India is well prepared to face the Zika virus crisis, said Soumya Swaminathan, Director General of Indian Council for Medical Research in an exclusive interview with ",real,Ishita Das
"These pictures show church buildings in Austria, Czech Republic and Portugal decorated with the bones of devotees. Six pictures of human skulls, bones and skeletons have been shared hundreds of times on Facebook alongside a claim that they show a church built with the bones of murdered Muslims in Spain.",real,Kunal Verma
" Kanhaiya was quoting a 1947 speech by Maulana Abul Kalam Azad. A viral edited video claiming Kanhaiya Kumar has converted to Islam has been revived. The video is viral with the claim, ""Kanhaiya Kumar, at a closed door meeting, proclaiming his conversion to Islam , since it is a religion of peace and truth.""  Fact BOOM found that video is a compilation of three separate clips from a August 2018 speech by Kanhaiya Kumar. The viral clip aims to show Kanhaiya praising Islam and how he has converted because of its qualities.   An analysis of the video shows jump cuts at two places. ",real,Nandini Bose
"The video is from March 2019 of a dust control exercise in Sichuan, China. A video of a rainbow forming in the wake of a truck spraying moisture over a street has been viewed tens of thousands of times on Twitter and YouTube alongside a claim that the footage shows a truck disinfecting a street in China in an effort to contain the novel coronavirus. This claim is false; the video, which shows a truck spraying in China's Sichuan province for dust control purposes, has circulated online since at least March 2019, months before the viral outbreak. The video was published on Twitter  here  on February 14, 2020. It has been viewed nearly 68,000 times.   The post's caption states: ""Only in China! #COVID19 coronavirus disinfection rainbow."" Below is a screenshot of the tweet:         Screenshot of the misleading tweet     The same video was also shared  here  on Twitter and  here  on YouTube, both with a similar claim.   At least 2,118 people have been killed by the coronavirus and in mainland China alone over 74,000 people have been infected, AFP  reported . China has taken  drastic measures  to curb the virus, including widespread disinfecting of buildings and streets. ALSO READ:   No, This Sudanese Minister Didn't Wear A Mask To Meet A Chinese Diplomat ",real,Shreya Bose
"Are fake cabbages from China being sneaked into Delhi? BOOM finds out.   (Image for representational purpose only)     Over the past few days, Hindi news channels have gone into overdrive reporting about supposedly 'plastic cabbages' from China making their way to Delhi.  The news reports emerged after a mobile video from Ambala, Haryana went viral on WhatsApp. The video claimed to show how a 'plastic cabbage' peel does not easily catch fire when placed over an open gas flame. Hindi news outlets such as  Aaj Tak ,  News24 , and  Zee News  reported the story after more videos of people trying similar kitchen experiments cropped up.   News24 went a step further and reported that it had found a video of how plastic cabbages were made in China in its news report titled ' plastic wali patta gobi '. The video shows a south east Asian-looking man ladling colourful liquids in a large bowl of water and then shaping the substance to look like a real cabbage. News24 claimed that the video was from a lab in China.       [video type='youtube' id='EEUgEidMQwA' height='365']       But BOOM found the video was actually about wax food replicas used as displays outside restaurants in Japan. Moreover, the video is at least two years old, has Korean subtitles, a logo of SBS (Seoul Broadcasting System) and a dubbed voice over.     [video type='youtube' id='wQnCaIOodNw' height='365']         According to blog  Kotaku , the hyper-realistic fake food is called "" shokuhin  sample"" () or ""food sample"", and is not meant to be eaten. It is used outside restaurants in Japan as a display to supplement menu cards so that diners can literally see what they are ordering.   Many restaurants work closely with wax food makers to make accurate replicas of dishes on their menu. Restaurants can also buy shokuhin samples from shops that make them. ",real,Yash Saxena
"BOOM found that the video is unrelated to anti-CAA protests and is from Feb 2019 where a man wearing a burkha was caught exiting a ladies toilet in Goa. ""Men in burqas are being sent to areas of protest to create unrest in the country. India_Against_#NPR_#CAA"" (Original text: Protest            .        #india_Against_NPR_CAA)  Fact An old  video  of a man wearing a bukha has resurfaced with false claims that he is part of a group that is being sent to anti-Citizenship Amendment Act (CAA) protests to create unrest.",real,Ananya Choudhary
Once again the picture of a damaged metro pillar from Pakistan resurfaces. This time Congress leader Digvijaya Singh falls for it.     Veteran Congress leader Digvijaya Singh on Sunday shared an old photograph of a shoddily constructed metro pillar from Pakistan and claimed it was from Bhopal.   The former chief minister of Madhya Pradesh\s tweet in Hindi reads as This is one poles of the bridge being built over Subhash Nagar railway crossing in Bhopal. The bridge yet to be completed already has cracks in it raising questions over its quality. How is this happening when this is taking place under the guidance of a BJP leader? (Hope that ) the accident that took place in Varanasi is not repeated here.                       /                             ?          pic.twitter.com/oycXREebp0  digvijaya singh (@digvijaya_28)  June 10 2018   However the same photo was earlier shared in 2016 and 2017 as Delhi Metro and  Hyderabad Metro  respectively. Fact-checker  SM Hoaxslayer  traced the image in July 2016 to Pakistan along the Rawalpindi to Islamabad Metro line. This is not in Hyderabad neither in Metro nor in PVNR. Actually its in Rawalpindi Pakistan https://t.co/q8wilsOq0T   https://t.co/WKGrXmn8rf  KTR (@KTRTRS)  August 3 2016   At the time of writing this story Singhs tweet had nearly 500 replies from Twitter users who pointed out that it was fake. But it was Madhya Pradesh Chief Minister Shivraj Singh Chouhan who had the last word as he posted both photos and tweeted that let alone on the ground they (Congress) couldnt even build a bridge on their Twitter handle.                   !                     pic.twitter.com/3xhjKUoa5M  ShivrajSingh Chouhan (@ChouhanShivraj)  June 10 2018  -data.pageCount=10  -data.pageNo=8 BJP Congress Delhi Metro Digvijaya Singh fake news featured Hyderabad Metro Metro Shivraj Chouhan,real,Neha Iyer
"The video being shared was shot in India in November 2019 and not in Sri Lanka during the COVID-19 pandemic. A video of three sloth bears has been viewed thousands of times on Facebook and Twitter alongside a claim it was captured in Sri Lanka during a curfew implemented due to the coronavirus pandemic. The claim is false; the clip has circulated in reports about sloth bears in south India since November 2019, before the COVID-19 pandemic; a Sri Lankan wildlife activist told AFP it would be ""highly unlikely"" to see sloth bears in the Sri Lankan town which was cited in the misleading social media posts.   The video was published on Twitter   here  on May 11, 2020.    The tweet reads: ""These three beautiful #slothbears were apparently seen in a tea estate in Bandarawela. Extremely rare sight even for a #wildlife enthusiast. Probably the only positive impact of #COVID19. If anyone's got more info on this kindly share. #SriLanka"".     Bandarawela  is a town in south Sri Lanka's hill country.       Screenshot of the tweet featuring the video of sloth bears      A curfew was implemented in parts of Sri Lanka due to the coronavirus pandemic on March 20, as reported  here  by AFP.   The video was published with a similar claim on Facebook  here  and on Twitter  here . Links to the tweets also circulated in Facebook posts  here ,  here  and  here . ",real,Aditya Agarwal
"Shiv Sena mouth piece suggests that drinking alcohol can kill Coronavirus A newspaper clipping from Hindi daily Dopehar Ka Saamna suggesting that consumption of alcohol will keep the Coronavirus at bay is misleading. The headline of the article when translated from Hindi reads ""Why cry now? Corona will be packed with one peg of alcohol"" (Translated from:   !      ! The Shiv Sena mouthpiece published this article on February 14, 2020 stating that the recent strain of Coronavirus is 'allergic to alcohol.'  The clipping is viral with the caption ""People who consume alcohol will not be affected by Coronavirus"" (Translated from ""       "") Multiple users on Facebook also shared the clipping.  The article is on the front page of the February 14 edition.    Read the archived version of the story  here .  BOOM also received this claim on its WhatsApp helpline for authenticating the veracity of the news.    Also Read:  Can Avoiding Ice Creams And Cold Drinks For 90 Days Prevent Coronavirus? ",real,Kavya Choudhary
" BOOM got in touch with Shilpi Afreen, also a student of the varsity, who has been flooded with threat calls from the time a screenshot of her profile went viral An image of Union Minister Babul Supriyo allegedly manhandling a student of Jadavpur University during a showdown on Thursday is viral on social media with misleading claims.  The student, wearing a black sleevlees top, in the image has been misidentified as one Shilpi Afreen, a student of the varsity, with claims that she ""tried to force herself on the minister to malign him.""  BOOM spoke to Afreen, who confirmed that she was not the student in the photograph that has now gone viral on Facebook and Twitter. We also got in touch with the woman who can be seen in the midst of the brawl between Supriyo and the students.  Babul Supriyo, Minister of State for Environment, Forest and Climate Change, visited the Jadavpur University campus on September 19 to attend a freshers party organised by the ABVP, the students wing of the Bharatiya Janata Party.  Supriyo was blocked by hundreds of students from the Student Federation of India (SFI) and its affiliates for over five hours until Governor Jagdeep Dhankhar came to his rescue. The students insisted that Supriyo should not enter the campus as he represented a fascist force. The  posts  shared on multiple Facebook pages have featured two images  one taken during Supriyos heated interaction with the students and the other a screenshot of Shilpi Afreens Facebook profile, in a bid to identify the woman in the first photograph.    The images have been accompanied with a derogatory caption, which can be loosely translated to,  Are these women sexually frustrated? They are purposely tearing a mans shirt and trying to be touched by him without consent so that they can claim that they have been molested. As there is no stringent law against men who are molested, these women are taking its advantage. This should be discussed at a larger level. A union minister is being molested. And because they are not males they can do anything by showing these images. Why would a singer be subjected to such a behaviour for attending a freshers party? Now we know why Communists are hated through out the world .  (Original text in Bengali:     ?!        ,            ?!           ?                            ,          ,                                                 "" Multiple posts have also shared the now deactivated account of Shilpi Afreen to falsely claim that she is a disgrace to womanhood,"" as an aftermath of the protests against Supriyo.  Not only is a screenshot of the Afreen's profile but BOOM also observed that multiple of her images are viral with a similar narrative.",real,Kunal Rana
"The viral image of the letter in Urdu penned by the Islamic party's chief is fake. It shows a letter purportedly written by  Siraj ul Haq , the leader of  Jamaat-e-Islami  (JI), to his followers on February 2, 2020.   The post's Urdu caption translates to English as: ""For the first time Jamaat-e-Islami has given some sensible suggestion which is certainly praiseworthy. The credit certainly goes to Siraj ul Haq and the Shoora (consultative body) of Jamaat-e-Islami that at last after 70 years they have given a practical formula!!!! Signed Baba Kodda.""   Below is a screenshot of the misleading Facebook post:       Screenshot of the misleading Facebook post In the purported letter, Haq allegedly urges the following:    ""  Every male member should do four weddings according to Sharia and produce one child from each of four wives every year.   ""  Every married woman member should compel her husband to stop using contraceptives and produce one child each year.""  ALSO READ:  Did PM Modi Call Himself 'A Pathan's Son'? The Real Context The letter adds that by doing so ""four million children will be born in [party] workers homes"" annually and that in the ""next five years 20 million votes will be added to the JI family.""   ""If members follow these instructions, then in a short period of 20 years I can become the prime minister of Pakistan,"" Haq allegedly writes in the letter.   The same image was shared  here ,  here  and  here  on Facebook with a similar claim. ",real,Shreya Bose
